Roll_No,Student_Name,Department,Year,Section,Gender,Programming_Language,Database_Skill,Cloud_Skill,Web_Technology,Data_Tool,Soft_Skill_Strength,Coding_Score,Aptitude_Score,Communication_Score,Technical_Score,Projects_Completed,Certifications,Internships,Preferred_Career,Placement_Readiness_Score,Skill_Gap_Level
IT0001,Aadhya Reddy,IT,Final Year,D,Male,Python,MongoDB,Azure,Node.js,Power BI,Communication,78,82,92,69,0,4,3,Software Developer,80,Low
CSE0002,Ishitha Rao,CSE,Final Year,D,Female,JavaScript,PostgreSQL,None,Node.js,Pandas,Time Management,52,86,90,35,1,5,3,Cloud Engineer,73,Medium
IT0003,Akhil Das,IT,Final Year,E,Female,Python,SQL Server,AWS,Django,Tableau,Time Management,51,86,37,81,3,4,0,Cyber Security Analyst,73,Medium
EEE0004,Meghana Naidu,EEE,Final Year,D,Female,Python,MySQL,Azure,Django,Excel,Leadership,90,41,59,52,3,5,2,Data Analyst,83,Low
IT0005,Aditya Sharma,IT,Final Year,A,Female,JavaScript,PostgreSQL,Azure,Node.js,Pandas,Problem Solving,52,94,75,79,4,1,2,Business Analyst,85,Low
AIDS0006,Anjali Sharma,AIDS,Final Year,E,Female,C++,MySQL,Azure,HTML/CSS/JS,Tableau,Leadership,76,66,60,91,5,3,1,Cloud Engineer,94,Low
AIDS0007,Swathi Varma,AIDS,Final Year,B,Female,C++,PostgreSQL,Azure,HTML/CSS/JS,Pandas,Communication,83,38,90,42,1,5,1,Business Analyst,70,Medium
AIDS0008,Karthik Varma,AIDS,Final Year,C,Female,JavaScript,SQL Server,Google Cloud,HTML/CSS/JS,Excel,Communication,78,91,69,83,2,6,2,Software Developer,92,Low
CSE0009,Bhavana Das,CSE,Final Year,A,Female,C++,Oracle,Azure,HTML/CSS/JS,Excel,Teamwork,88,75,67,73,1,1,2,Business Analyst,75,Low
AIML0010,Akash Das,AIML,Final Year,C,Male,Python,MySQL,Google Cloud,Django,Power BI,Communication,50,91,71,95,0,0,3,Business Analyst,67,Medium
AIML0011,Keerthi Varma,AIML,Final Year,F,Female,JavaScript,PostgreSQL,Google Cloud,HTML/CSS/JS,NumPy,Problem Solving,48,94,69,83,5,5,1,Web Developer,93,Low
AIML0012,Sneha Kumar,AIML,Final Year,D,Male,Python,PostgreSQL,Azure,React,Tableau,Communication,72,70,49,72,1,0,0,Web Developer,59,Medium
CSE0013,Rahul Varma,CSE,Final Year,D,Male,C++,MySQL,Azure,Django,Pandas,Leadership,69,43,81,94,4,4,3,Data Analyst,95,Low
IT0014,Amrutha Sharma,IT,Final Year,D,Male,C,MongoDB,None,FastAPI,Pandas,Communication,78,76,76,41,0,3,2,Business Analyst,66,Medium
AIML0015,Sahithi Kumar,AIML,Final Year,B,Male,Java,SQL Server,Azure,Django,Pandas,Leadership,90,94,39,63,4,0,0,Web Developer,80,Low
ECE0016,Pooja Joshi,ECE,Final Year,H,Male,C,SQL Server,None,Node.js,Pandas,Communication,45,59,35,59,2,6,3,Cloud Engineer,70,Medium
EEE0017,Riya Reddy,EEE,Final Year,C,Male,C++,PostgreSQL,AWS,HTML/CSS/JS,NumPy,Communication,82,55,38,38,4,3,1,Software Developer,75,Low
IT0018,Deepika Yadav,IT,Final Year,F,Male,Java,SQL Server,AWS,HTML/CSS/JS,Power BI,Time Management,73,37,74,40,3,5,2,Cloud Engineer,78,Low
MECH0019,Harsha Rao,MECH,Final Year,F,Male,C,PostgreSQL,Google Cloud,FastAPI,Tableau,Communication,35,64,74,71,0,0,1,AI/ML Engineer,48,High
EEE0020,Amrutha Rao,EEE,Final Year,E,Male,C++,MongoDB,Azure,FastAPI,NumPy,Teamwork,74,86,76,68,0,5,2,Web Developer,76,Low
IT0021,Rakesh Patel,IT,Final Year,A,Male,JavaScript,PostgreSQL,Google Cloud,Django,NumPy,Leadership,80,56,48,78,5,6,2,AI/ML Engineer,98,Low
AIDS0022,Akash Joshi,AIDS,Final Year,C,Male,C++,MySQL,AWS,Django,Power BI,Teamwork,45,82,63,70,5,3,0,Software Developer,80,Low
CIVIL0023,Divya Yadav,CIVIL,Final Year,B,Female,JavaScript,Oracle,Azure,FastAPI,Power BI,Communication,54,58,92,94,0,2,1,Web Developer,64,Medium
AIDS0024,Srikanth Joshi,AIDS,Final Year,D,Female,JavaScript,PostgreSQL,Azure,Node.js,Power BI,Problem Solving,36,46,82,94,2,6,3,Business Analyst,80,Low
ECE0025,Aadhya Yadav,ECE,Final Year,D,Female,Python,SQL Server,AWS,FastAPI,Power BI,Leadership,87,93,64,57,2,6,1,Data Analyst,86,Low
CIVIL0026,Sanjay Patel,CIVIL,Final Year,A,Male,C++,MySQL,Google Cloud,Django,NumPy,Problem Solving,78,88,69,56,0,0,2,Data Analyst,64,Medium
AIDS0027,Rohit Das,AIDS,Final Year,D,Female,C++,MongoDB,None,HTML/CSS/JS,NumPy,Communication,59,92,71,47,2,0,3,Software Developer,71,Medium
AIDS0028,Anjali Sharma,AIDS,Final Year,G,Female,Python,MongoDB,Google Cloud,React,Tableau,Time Management,54,77,61,55,3,5,2,AI/ML Engineer,79,Low
ECE0029,Pranav Singh,ECE,Final Year,D,Female,JavaScript,Oracle,Google Cloud,FastAPI,NumPy,Communication,54,53,48,62,4,4,2,Cyber Security Analyst,78,Low
ECE0030,Siva Reddy,ECE,Final Year,H,Female,Python,MongoDB,Google Cloud,React,Power BI,Teamwork,49,86,47,44,0,0,1,Cyber Security Analyst,46,High
EEE0031,Charan Joshi,EEE,Final Year,H,Male,C,SQL Server,None,Node.js,Power BI,Communication,92,83,90,84,0,6,3,Data Analyst,91,Low
EEE0032,Sai Singh,EEE,Final Year,C,Female,Python,SQL Server,Azure,FastAPI,NumPy,Time Management,73,55,95,83,3,4,3,Business Analyst,93,Low
AIML0033,Krishna Das,AIML,Final Year,B,Male,C++,PostgreSQL,Google Cloud,HTML/CSS/JS,Pandas,Leadership,52,63,39,80,2,1,2,Cloud Engineer,65,Medium
ECE0034,Neha Varma,ECE,Final Year,A,Female,Java,SQL Server,Azure,Node.js,Excel,Problem Solving,61,56,69,64,3,0,1,Business Analyst,68,Medium
AIML0035,Ishitha Varma,AIML,Final Year,H,Male,Python,MongoDB,Google Cloud,FastAPI,Pandas,Time Management,82,82,69,86,4,1,3,Data Analyst,95,Low
AIDS0036,Sowmya Varma,AIDS,Final Year,C,Female,C++,SQL Server,Azure,FastAPI,Power BI,Time Management,69,36,93,60,4,4,0,Software Developer,80,Low
ECE0037,Akhil Singh,ECE,Final Year,A,Male,Python,MongoDB,None,Django,Power BI,Problem Solving,55,56,83,91,3,2,3,Cloud Engineer,84,Low
CIVIL0038,Ananya Gupta,CIVIL,Final Year,D,Female,Java,MySQL,AWS,React,Power BI,Leadership,88,36,74,44,1,1,3,Web Developer,68,Medium
MECH0039,Varun Sharma,MECH,Final Year,B,Male,C++,PostgreSQL,AWS,Node.js,Tableau,Communication,72,36,94,54,4,5,3,Cyber Security Analyst,91,Low
IT0040,Neha Singh,IT,Final Year,B,Female,C++,Oracle,AWS,HTML/CSS/JS,Excel,Teamwork,69,62,77,58,0,4,2,Software Developer,67,Medium
CIVIL0041,Venkatesh Gupta,CIVIL,Final Year,E,Female,C,PostgreSQL,None,Node.js,NumPy,Teamwork,74,86,93,69,3,3,3,Business Analyst,93,Low
EEE0042,Rakesh Sharma,EEE,Final Year,F,Female,Python,MongoDB,None,Node.js,Pandas,Time Management,74,77,59,56,0,3,2,Data Analyst,66,Medium
CIVIL0043,Divya Joshi,CIVIL,Final Year,H,Female,C++,Oracle,Google Cloud,HTML/CSS/JS,Excel,Time Management,95,47,40,50,5,3,3,AI/ML Engineer,92,Low
AIML0044,Sai Naidu,AIML,Final Year,F,Female,Python,MySQL,Google Cloud,Node.js,Pandas,Leadership,54,77,72,58,3,4,2,Cyber Security Analyst,79,Low
MECH0045,Rahul Patel,MECH,Final Year,E,Male,C++,MongoDB,Azure,React,Power BI,Teamwork,42,82,69,95,5,1,1,Data Analyst,84,Low
EEE0046,Anjali Yadav,EEE,Final Year,H,Male,C++,PostgreSQL,Google Cloud,Node.js,Tableau,Communication,80,69,43,52,0,0,2,Web Developer,57,Medium
CSE0047,Rakesh Reddy,CSE,Final Year,A,Male,JavaScript,MongoDB,None,FastAPI,Pandas,Teamwork,46,38,51,95,3,0,0,Cyber Security Analyst,61,Medium
ECE0048,Pranav Patel,ECE,Final Year,G,Female,JavaScript,MongoDB,AWS,Node.js,Excel,Time Management,83,61,73,73,4,1,3,Cyber Security Analyst,91,Low
CSE0049,Pranav Joshi,CSE,Final Year,H,Female,JavaScript,MySQL,Azure,Node.js,Tableau,Communication,45,50,46,70,0,1,0,Cyber Security Analyst,44,High
CSE0050,Ananya Das,CSE,Final Year,D,Male,Java,MongoDB,Google Cloud,FastAPI,Excel,Leadership,94,51,85,85,5,4,1,Cyber Security Analyst,100,Low
MECH0051,Tejaswi Patel,MECH,Final Year,G,Female,Java,MySQL,AWS,Node.js,Tableau,Time Management,82,87,71,93,2,3,0,Cyber Security Analyst,83,Low
AIML0052,Swathi Patel,AIML,Final Year,A,Male,C,MySQL,AWS,FastAPI,Tableau,Time Management,51,36,40,49,5,6,0,Business Analyst,74,Medium
AIML0053,Krishna Yadav,AIML,Final Year,B,Male,JavaScript,SQL Server,Google Cloud,Node.js,NumPy,Problem Solving,75,87,66,40,3,2,3,Cloud Engineer,81,Low
CIVIL0054,Riya Kumar,CIVIL,Final Year,H,Female,C,SQL Server,Google Cloud,FastAPI,NumPy,Communication,64,40,55,51,2,0,3,Business Analyst,63,Medium
CSE0055,Tejaswi Singh,CSE,Final Year,B,Male,Java,Oracle,Google Cloud,HTML/CSS/JS,Pandas,Problem Solving,83,38,48,52,4,1,2,Cyber Security Analyst,76,Low
EEE0056,Varun Patel,EEE,Final Year,E,Female,Java,MongoDB,AWS,HTML/CSS/JS,Pandas,Communication,49,88,93,42,3,0,1,Cyber Security Analyst,68,Medium
AIML0057,Neha Naidu,AIML,Final Year,E,Male,C,PostgreSQL,None,HTML/CSS/JS,Power BI,Problem Solving,47,93,73,67,5,1,0,Cloud Engineer,79,Low
MECH0058,Chaitanya Joshi,MECH,Final Year,D,Female,C++,Oracle,None,Node.js,Pandas,Time Management,65,57,56,70,4,3,3,Cloud Engineer,85,Low
EEE0059,Riya Gupta,EEE,Final Year,F,Male,C,MySQL,Google Cloud,FastAPI,Pandas,Problem Solving,77,85,87,76,1,3,0,Data Analyst,75,Low
AIML0060,Siva Joshi,AIML,Final Year,G,Male,Python,Oracle,None,React,Power BI,Problem Solving,90,76,44,39,3,6,2,Cloud Engineer,86,Low
CIVIL0061,Akhil Varma,CIVIL,Final Year,B,Male,JavaScript,SQL Server,Google Cloud,FastAPI,NumPy,Communication,74,39,50,75,5,2,1,Web Developer,83,Low
AIML0062,Swathi Rao,AIML,Final Year,C,Male,Java,MongoDB,AWS,React,Tableau,Communication,53,57,58,62,1,1,3,AI/ML Engineer,62,Medium
IT0063,Priya Patel,IT,Final Year,C,Male,JavaScript,SQL Server,Azure,FastAPI,NumPy,Leadership,49,64,75,51,3,2,0,Business Analyst,65,Medium
AIML0064,Sanjana Naidu,AIML,Final Year,E,Female,C++,Oracle,Google Cloud,FastAPI,Tableau,Problem Solving,89,54,47,59,3,0,1,Cyber Security Analyst,72,Medium
CSE0065,Manoj Sharma,CSE,Final Year,D,Female,C,MongoDB,AWS,HTML/CSS/JS,Excel,Time Management,82,66,88,92,2,6,1,AI/ML Engineer,91,Low
ECE0066,Chaitanya Rao,ECE,Final Year,F,Female,Python,MySQL,Google Cloud,FastAPI,Excel,Time Management,58,81,43,40,2,2,3,Data Analyst,67,Medium
ECE0067,Sai Naidu,ECE,Final Year,B,Female,C++,SQL Server,Google Cloud,Django,Excel,Problem Solving,39,44,83,49,5,5,3,Business Analyst,85,Low
CSE0068,Aadhya Gupta,CSE,Final Year,F,Male,C++,Oracle,AWS,FastAPI,Tableau,Teamwork,72,59,87,75,2,0,1,Cyber Security Analyst,72,Medium
IT0069,Anjali Varma,IT,Final Year,H,Female,C,MongoDB,None,React,Power BI,Communication,95,37,54,66,0,0,1,AI/ML Engineer,58,Medium
AIDS0070,Pranav Singh,AIDS,Final Year,D,Female,JavaScript,PostgreSQL,None,React,Pandas,Time Management,61,95,95,52,0,5,2,Data Analyst,73,Medium
IT0071,Sneha Gupta,IT,Final Year,A,Male,C++,Oracle,Google Cloud,React,Pandas,Teamwork,47,42,95,89,3,0,1,Web Developer,70,Medium
CIVIL0072,Shreya Kumar,CIVIL,Final Year,E,Male,Java,PostgreSQL,Azure,React,NumPy,Leadership,72,48,87,90,1,2,1,Business Analyst,72,Medium
ECE0073,Charan Patel,ECE,Final Year,A,Male,JavaScript,MongoDB,Azure,React,Excel,Leadership,35,57,85,85,1,4,2,Software Developer,68,Medium
AIDS0074,Srikanth Das,AIDS,Final Year,E,Female,JavaScript,MySQL,AWS,FastAPI,Pandas,Teamwork,67,72,41,63,4,1,0,Web Developer,72,Medium
CSE0075,Anjali Patel,CSE,Final Year,F,Female,Python,SQL Server,None,FastAPI,Excel,Problem Solving,80,93,63,39,0,2,1,Software Developer,62,Medium
MECH0076,Priya Varma,MECH,Final Year,G,Male,C,Oracle,None,React,Excel,Time Management,81,90,48,62,3,1,3,Cloud Engineer,83,Low
CIVIL0077,Meghana Rao,CIVIL,Final Year,A,Female,C,MongoDB,Google Cloud,Django,Power BI,Problem Solving,39,40,88,40,0,3,0,Web Developer,45,High
IT0078,Rahul Sharma,IT,Final Year,B,Female,C,MongoDB,None,React,Tableau,Time Management,54,57,41,71,4,1,1,Web Developer,70,Medium
CIVIL0079,Charan Patel,CIVIL,Final Year,E,Female,Python,MongoDB,Azure,FastAPI,NumPy,Time Management,74,78,76,70,0,4,2,Software Developer,73,Medium
CIVIL0080,Neha Singh,CIVIL,Final Year,F,Male,Python,PostgreSQL,Azure,HTML/CSS/JS,Pandas,Communication,44,82,75,36,0,5,1,Cyber Security Analyst,57,Medium
CIVIL0081,Pooja Singh,CIVIL,Final Year,H,Female,C++,MongoDB,AWS,React,Power BI,Leadership,83,74,38,78,0,2,3,Web Developer,70,Medium
MECH0082,Dhanush Varma,MECH,Final Year,A,Male,Java,Oracle,AWS,Django,Pandas,Communication,53,78,78,72,3,4,2,Software Developer,83,Low
EEE0083,Sahithi Joshi,EEE,Final Year,D,Female,C++,PostgreSQL,Azure,Django,Tableau,Teamwork,42,35,66,82,3,1,1,Cyber Security Analyst,64,Medium
IT0084,Ananya Varma,IT,Final Year,A,Female,C,MySQL,None,React,Pandas,Communication,90,55,71,62,4,3,3,Cloud Engineer,93,Low
ECE0085,Keerthi Joshi,ECE,Final Year,F,Male,JavaScript,SQL Server,Google Cloud,React,Pandas,Communication,50,62,72,60,4,0,3,Business Analyst,76,Low
CIVIL0086,Amrutha Rao,CIVIL,Final Year,E,Male,Java,MySQL,AWS,HTML/CSS/JS,NumPy,Leadership,92,84,57,57,5,6,1,Data Analyst,100,Low
ECE0087,Sneha Naidu,ECE,Final Year,C,Female,JavaScript,PostgreSQL,AWS,Node.js,Pandas,Problem Solving,83,71,83,72,3,5,2,Business Analyst,93,Low
IT0088,Meghana Patel,IT,Final Year,B,Male,C,SQL Server,Google Cloud,Django,NumPy,Communication,57,67,39,54,3,3,0,Software Developer,65,Medium
AIDS0089,Lakshmi Joshi,AIDS,Final Year,B,Male,C,Oracle,AWS,FastAPI,NumPy,Leadership,55,73,65,67,1,0,3,Software Developer,65,Medium
CSE0090,Lakshmi Yadav,CSE,Final Year,A,Female,Java,SQL Server,None,HTML/CSS/JS,NumPy,Time Management,45,58,58,93,2,3,3,Business Analyst,74,Medium
IT0091,Keerthi Yadav,IT,Final Year,G,Male,C++,MySQL,None,Django,Tableau,Time Management,90,44,56,40,4,5,1,Cloud Engineer,83,Low
IT0092,Keerthi Rao,IT,Final Year,D,Female,C++,Oracle,None,Django,Power BI,Time Management,40,76,77,62,4,2,0,Cloud Engineer,71,Medium
AIML0093,Lakshmi Gupta,AIML,Final Year,C,Female,Java,PostgreSQL,Azure,Node.js,Excel,Teamwork,89,85,41,67,4,6,0,Web Developer,91,Low
ECE0094,Pranav Sharma,ECE,Final Year,D,Female,Java,PostgreSQL,Azure,FastAPI,Excel,Problem Solving,58,78,81,50,3,4,2,Business Analyst,80,Low
AIML0095,Harsha Kumar,AIML,Final Year,H,Female,Java,MongoDB,None,FastAPI,Tableau,Problem Solving,67,68,61,45,1,6,1,Business Analyst,68,Medium
IT0096,Pranav Naidu,IT,Final Year,A,Female,JavaScript,MySQL,Google Cloud,React,Power BI,Teamwork,63,92,67,44,3,0,1,Business Analyst,70,Medium
CSE0097,Arjun Rao,CSE,Final Year,A,Female,C,Oracle,Google Cloud,Node.js,Pandas,Communication,58,49,36,55,0,6,2,Business Analyst,59,Medium
AIML0098,Karthik Sharma,AIML,Final Year,E,Male,Java,SQL Server,None,HTML/CSS/JS,Excel,Communication,36,51,48,88,1,4,3,Software Developer,65,Medium
CSE0099,Arjun Patel,CSE,Final Year,G,Male,Java,SQL Server,None,React,Excel,Problem Solving,73,69,36,75,4,4,1,Web Developer,84,Low
CIVIL0100,Rahul Kumar,CIVIL,Final Year,G,Female,Java,Oracle,None,Node.js,Excel,Time Management,58,39,68,69,4,6,0,Cyber Security Analyst,79,Low
MECH0101,Sahithi Naidu,MECH,Final Year,C,Female,Python,MongoDB,AWS,Django,Power BI,Communication,84,72,82,83,2,1,0,Cloud Engineer,77,Low
AIML0102,Naveen Das,AIML,Final Year,H,Female,Java,PostgreSQL,AWS,FastAPI,Excel,Teamwork,47,37,85,47,0,2,2,AI/ML Engineer,52,High
CSE0103,Lakshmi Rao,CSE,Final Year,H,Female,Java,MongoDB,Google Cloud,React,Tableau,Teamwork,42,86,58,62,3,5,3,Cyber Security Analyst,81,Low
CIVIL0104,Krishna Yadav,CIVIL,Final Year,E,Female,JavaScript,MongoDB,AWS,FastAPI,Excel,Problem Solving,73,87,46,69,2,2,0,Software Developer,70,Medium
AIML0105,Sneha Kumar,AIML,Final Year,B,Female,JavaScript,SQL Server,Azure,FastAPI,Tableau,Problem Solving,37,81,90,93,2,4,3,Cloud Engineer,82,Low
CIVIL0106,Sanjana Kumar,CIVIL,Final Year,C,Female,JavaScript,PostgreSQL,AWS,Node.js,NumPy,Problem Solving,37,43,39,50,5,2,2,Cyber Security Analyst,68,Medium
CIVIL0107,Charan Singh,CIVIL,Final Year,G,Male,C++,SQL Server,AWS,HTML/CSS/JS,Power BI,Time Management,58,60,55,76,2,1,0,Software Developer,62,Medium
MECH0108,Pranav Reddy,MECH,Final Year,F,Female,C++,SQL Server,Azure,HTML/CSS/JS,Tableau,Problem Solving,47,42,43,89,0,3,1,Web Developer,54,High
IT0109,Rakesh Kumar,IT,Final Year,F,Female,JavaScript,Oracle,Google Cloud,Django,Power BI,Leadership,85,58,67,49,0,1,1,Data Analyst,59,Medium
AIML0110,Sanjana Reddy,AIML,Final Year,C,Female,JavaScript,PostgreSQL,AWS,React,Tableau,Problem Solving,80,81,65,68,3,6,3,Business Analyst,96,Low
IT0111,Ananya Das,IT,Final Year,C,Female,C,SQL Server,Google Cloud,Node.js,NumPy,Time Management,46,84,43,62,4,6,0,Business Analyst,77,Low
ECE0112,Sneha Patel,ECE,Final Year,B,Male,Java,MongoDB,Azure,Django,NumPy,Teamwork,89,40,51,47,5,4,2,Data Analyst,89,Low
ECE0113,Sanjana Varma,ECE,Final Year,A,Female,Java,Oracle,Google Cloud,HTML/CSS/JS,Excel,Communication,40,37,95,76,4,2,1,Business Analyst,74,Medium
MECH0114,Deepika Naidu,MECH,Final Year,C,Female,C++,SQL Server,Azure,FastAPI,Tableau,Problem Solving,39,79,38,45,3,3,3,Cyber Security Analyst,68,Medium
CIVIL0115,Arjun Reddy,CIVIL,Final Year,A,Female,C++,SQL Server,Azure,Django,NumPy,Time Management,41,55,50,64,0,2,3,Data Analyst,54,High
AIDS0116,Keerthi Singh,AIDS,Final Year,A,Male,JavaScript,SQL Server,Azure,Node.js,Tableau,Time Management,81,55,47,83,1,3,3,Cyber Security Analyst,76,Low
AIDS0117,Sahithi Kumar,AIDS,Final Year,B,Female,JavaScript,SQL Server,Azure,Node.js,NumPy,Teamwork,38,38,53,66,4,6,3,Cloud Engineer,79,Low
ECE0118,Nandini Das,ECE,Final Year,H,Female,C++,MongoDB,None,Django,Excel,Problem Solving,38,71,70,47,2,4,2,Software Developer,66,Medium
IT0119,Abhinav Kumar,IT,Final Year,A,Male,Java,MySQL,None,Django,Tableau,Time Management,95,58,83,44,1,4,3,AI/ML Engineer,80,Low
CIVIL0120,Keerthi Gupta,CIVIL,Final Year,F,Female,C,Oracle,None,Node.js,NumPy,Time Management,43,55,94,74,2,1,3,AI/ML Engineer,71,Medium
MECH0121,Rahul Patel,MECH,Final Year,D,Male,C,MySQL,Google Cloud,Django,Excel,Problem Solving,72,54,85,92,5,6,0,AI/ML Engineer,98,Low
AIML0122,Neha Rao,AIML,Final Year,G,Male,Java,Oracle,None,Node.js,Power BI,Communication,71,95,79,42,1,0,3,Cloud Engineer,70,Medium
AIDS0123,Charan Singh,AIDS,Final Year,F,Female,JavaScript,Oracle,None,React,Power BI,Time Management,48,70,55,77,3,4,3,Cloud Engineer,81,Low
MECH0124,Varun Singh,MECH,Final Year,F,Female,JavaScript,SQL Server,Azure,Node.js,Tableau,Time Management,54,49,95,54,2,5,1,Web Developer,72,Medium
CIVIL0125,Abhinav Patel,CIVIL,Final Year,B,Female,JavaScript,MongoDB,Google Cloud,React,NumPy,Time Management,59,92,60,87,2,6,1,Cloud Engineer,83,Low
AIML0126,Aditya Yadav,AIML,Final Year,D,Male,C++,SQL Server,Azure,Node.js,NumPy,Teamwork,94,70,79,52,1,0,1,Data Analyst,69,Medium
CSE0127,Sowmya Sharma,CSE,Final Year,E,Female,Python,SQL Server,Google Cloud,FastAPI,Excel,Leadership,35,70,94,45,3,5,3,Cyber Security Analyst,78,Low
MECH0128,Rakesh Rao,MECH,Final Year,E,Male,Python,MySQL,Azure,HTML/CSS/JS,Excel,Leadership,61,91,88,46,0,6,3,Business Analyst,75,Low
CSE0129,Chaitanya Reddy,CSE,Final Year,F,Male,C++,Oracle,AWS,Django,Tableau,Problem Solving,76,69,68,66,1,6,3,Cloud Engineer,83,Low
AIML0130,Pooja Das,AIML,Final Year,F,Male,C++,PostgreSQL,AWS,Django,Tableau,Time Management,78,83,47,46,4,6,3,Business Analyst,93,Low
AIDS0131,Keerthi Gupta,AIDS,Final Year,A,Female,Python,PostgreSQL,Azure,FastAPI,Tableau,Leadership,35,51,59,50,3,6,2,Cloud Engineer,70,Medium
CIVIL0132,Ananya Yadav,CIVIL,Final Year,E,Female,Java,MySQL,AWS,FastAPI,Tableau,Leadership,60,78,67,94,5,6,2,Web Developer,100,Low
EEE0133,Divya Yadav,EEE,Final Year,B,Female,Java,PostgreSQL,None,Node.js,Pandas,Time Management,58,61,79,70,3,6,1,Business Analyst,82,Low
CIVIL0134,Swathi Sharma,CIVIL,Final Year,H,Male,Python,Oracle,AWS,React,NumPy,Time Management,47,71,69,44,1,2,3,Software Developer,62,Medium
AIML0135,Aadhya Varma,AIML,Final Year,E,Male,Python,SQL Server,Azure,HTML/CSS/JS,Pandas,Problem Solving,71,38,70,64,5,6,2,Web Developer,93,Low
EEE0136,Neha Rao,EEE,Final Year,C,Female,JavaScript,MySQL,AWS,FastAPI,Tableau,Communication,69,38,94,92,0,3,0,Cloud Engineer,65,Medium
CIVIL0137,Anjali Joshi,CIVIL,Final Year,D,Male,C,SQL Server,None,FastAPI,Excel,Time Management,43,76,90,57,0,1,3,AI/ML Engineer,60,Medium
CSE0138,Srikanth Varma,CSE,Final Year,A,Male,C++,SQL Server,None,HTML/CSS/JS,Pandas,Leadership,50,64,57,44,2,1,0,Software Developer,54,High
EEE0139,Aditya Rao,EEE,Final Year,E,Male,Python,MySQL,AWS,FastAPI,NumPy,Communication,50,82,37,60,3,1,1,Business Analyst,65,Medium
CIVIL0140,Sanjay Joshi,CIVIL,Final Year,C,Female,JavaScript,Oracle,Google Cloud,Node.js,Tableau,Leadership,77,68,49,61,2,2,0,AI/ML Engineer,67,Medium
AIML0141,Dhanush Patel,AIML,Final Year,C,Female,Python,MongoDB,None,HTML/CSS/JS,Tableau,Problem Solving,61,44,54,59,1,6,3,Data Analyst,71,Medium
CSE0142,Meghana Reddy,CSE,Final Year,D,Male,JavaScript,SQL Server,None,HTML/CSS/JS,NumPy,Leadership,59,50,51,48,2,5,0,Cyber Security Analyst,62,Medium
MECH0143,Aarav Sharma,MECH,Final Year,D,Male,C,Oracle,AWS,React,Power BI,Time Management,81,77,70,48,3,1,2,Cloud Engineer,79,Low
AIML0144,Harsha Naidu,AIML,Final Year,H,Female,Java,Oracle,Azure,FastAPI,Power BI,Time Management,55,84,53,59,3,4,2,Cloud Engineer,78,Low
IT0145,Sai Gupta,IT,Final Year,G,Female,C,MongoDB,Azure,Django,Tableau,Problem Solving,37,71,90,49,5,1,0,Cloud Engineer,72,Medium
ECE0146,Rakesh Joshi,ECE,Final Year,H,Female,Java,MongoDB,Azure,FastAPI,NumPy,Leadership,66,70,76,95,5,2,2,Business Analyst,96,Low
ECE0147,Akash Yadav,ECE,Final Year,A,Male,C++,PostgreSQL,Azure,HTML/CSS/JS,Pandas,Leadership,93,91,69,76,0,4,0,Business Analyst,75,Low
AIDS0148,Rakesh Kumar,AIDS,Final Year,A,Female,Java,PostgreSQL,AWS,Node.js,Excel,Leadership,67,64,58,38,4,5,3,Web Developer,85,Low
CSE0149,Amrutha Das,CSE,Final Year,C,Male,Python,Oracle,Google Cloud,HTML/CSS/JS,Tableau,Communication,67,87,79,78,3,6,1,Software Developer,91,Low
EEE0150,Swathi Reddy,EEE,Final Year,A,Male,JavaScript,Oracle,Google Cloud,Django,Tableau,Problem Solving,40,58,60,64,4,1,1,Cloud Engineer,68,Medium
AIDS0151,Amrutha Das,AIDS,Final Year,A,Male,C,SQL Server,None,React,Excel,Leadership,40,66,89,62,5,6,2,AI/ML Engineer,91,Low
EEE0152,Deepika Gupta,EEE,Final Year,C,Female,JavaScript,SQL Server,Google Cloud,React,Excel,Teamwork,92,69,71,77,0,1,2,Software Developer,72,Medium
IT0153,Manoj Kumar,IT,Final Year,B,Female,C++,PostgreSQL,Azure,HTML/CSS/JS,Pandas,Time Management,56,59,83,82,1,6,0,AI/ML Engineer,72,Medium
EEE0154,Charan Yadav,EEE,Final Year,G,Male,Python,MongoDB,None,Django,Excel,Teamwork,85,63,66,49,2,4,3,Cyber Security Analyst,82,Low
MECH0155,Amrutha Reddy,MECH,Final Year,A,Female,Java,MySQL,AWS,Django,Power BI,Problem Solving,80,85,75,44,5,3,2,Cloud Engineer,94,Low
AIML0156,Akhil Naidu,AIML,Final Year,B,Female,C++,MongoDB,AWS,Node.js,Excel,Leadership,62,63,70,70,4,3,0,Software Developer,79,Low
AIDS0157,Anjali Patel,AIDS,Final Year,E,Female,Python,MongoDB,None,FastAPI,Excel,Time Management,92,50,71,68,1,5,3,Data Analyst,83,Low
AIML0158,Sneha Singh,AIML,Final Year,D,Female,Java,MySQL,Azure,FastAPI,Tableau,Problem Solving,54,65,85,39,2,2,1,Web Developer,64,Medium
IT0159,Sowmya Gupta,IT,Final Year,C,Female,Java,MongoDB,AWS,FastAPI,Tableau,Time Management,59,86,90,56,3,2,3,Business Analyst,83,Low
CIVIL0160,Nandini Patel,CIVIL,Final Year,G,Female,JavaScript,PostgreSQL,None,Django,Power BI,Problem Solving,55,53,82,79,5,3,1,Cloud Engineer,87,Low
IT0161,Neha Yadav,IT,Final Year,H,Male,JavaScript,PostgreSQL,Azure,HTML/CSS/JS,Excel,Problem Solving,95,80,48,63,2,6,0,Business Analyst,82,Low
MECH0162,Abhinav Naidu,MECH,Final Year,B,Male,Java,MongoDB,Azure,FastAPI,Pandas,Communication,63,73,65,72,3,4,3,AI/ML Engineer,86,Low
EEE0163,Rohit Das,EEE,Final Year,D,Female,C++,PostgreSQL,AWS,HTML/CSS/JS,Pandas,Teamwork,85,62,41,35,0,2,1,AI/ML Engineer,55,Medium
CIVIL0164,Keerthi Naidu,CIVIL,Final Year,H,Male,C,SQL Server,Azure,Django,Excel,Problem Solving,41,53,61,93,0,0,1,Cloud Engineer,51,High
AIML0165,Lakshmi Yadav,AIML,Final Year,B,Male,C++,SQL Server,AWS,FastAPI,Pandas,Teamwork,39,54,37,86,5,0,0,Business Analyst,68,Medium
EEE0166,Srikanth Varma,EEE,Final Year,G,Male,JavaScript,PostgreSQL,Azure,Django,NumPy,Problem Solving,64,49,86,60,5,1,1,Web Developer,81,Low
EEE0167,Sahithi Rao,EEE,Final Year,F,Female,C,Oracle,None,FastAPI,Excel,Leadership,48,52,83,80,0,4,0,Business Analyst,59,Medium
EEE0168,Priya Gupta,EEE,Final Year,C,Female,C,MySQL,Google Cloud,FastAPI,NumPy,Teamwork,73,59,74,60,4,0,2,Cloud Engineer,80,Low
IT0169,Anjali Gupta,IT,Final Year,G,Female,Java,MongoDB,AWS,Node.js,Tableau,Communication,46,58,79,44,4,3,3,AI/ML Engineer,78,Low
ECE0170,Manoj Kumar,ECE,Final Year,H,Male,C,Oracle,Azure,HTML/CSS/JS,Power BI,Problem Solving,53,43,46,55,3,4,0,Business Analyst,63,Medium
EEE0171,Dhanush Patel,EEE,Final Year,A,Female,C,Oracle,None,FastAPI,Pandas,Problem Solving,80,88,63,66,1,0,0,Business Analyst,65,Medium
EEE0172,Abhinav Joshi,EEE,Final Year,H,Male,JavaScript,MongoDB,Azure,FastAPI,NumPy,Problem Solving,70,67,42,71,0,2,2,AI/ML Engineer,62,Medium
AIDS0173,Divya Sharma,AIDS,Final Year,F,Female,Python,PostgreSQL,Google Cloud,React,Pandas,Teamwork,57,90,87,40,3,6,0,Business Analyst,79,Low
ECE0174,Karthik Patel,ECE,Final Year,E,Male,JavaScript,PostgreSQL,Azure,Node.js,Excel,Time Management,57,69,52,73,4,1,2,Web Developer,78,Low
ECE0175,Arjun Gupta,ECE,Final Year,E,Female,C,MySQL,Google Cloud,Node.js,Power BI,Leadership,44,80,55,88,1,6,3,Cyber Security Analyst,77,Low
AIDS0176,Aarav Joshi,AIDS,Final Year,B,Female,C,MySQL,AWS,FastAPI,NumPy,Teamwork,79,94,91,58,3,3,2,AI/ML Engineer,90,Low
CIVIL0177,Rakesh Naidu,CIVIL,Final Year,A,Male,Python,Oracle,None,Node.js,Pandas,Leadership,66,52,55,88,2,2,1,AI/ML Engineer,70,Medium
IT0178,Ishitha Reddy,IT,Final Year,F,Female,C,MySQL,AWS,Node.js,Pandas,Problem Solving,35,62,47,79,1,5,2,Data Analyst,64,Medium
IT0179,Akash Rao,IT,Final Year,D,Female,C++,PostgreSQL,AWS,FastAPI,Tableau,Leadership,62,76,40,80,0,0,1,Cyber Security Analyst,55,Medium
CSE0180,Krishna Naidu,CSE,Final Year,E,Male,Python,MongoDB,AWS,FastAPI,Power BI,Problem Solving,39,49,59,40,5,6,0,Software Developer,73,Medium
AIDS0181,Arjun Varma,AIDS,Final Year,H,Male,Java,PostgreSQL,AWS,HTML/CSS/JS,NumPy,Communication,74,76,45,63,2,5,1,Web Developer,76,Low
IT0182,Sai Gupta,IT,Final Year,E,Male,Python,PostgreSQL,AWS,HTML/CSS/JS,Pandas,Teamwork,62,55,85,43,1,2,0,Data Analyst,57,Medium
MECH0183,Rakesh Yadav,MECH,Final Year,B,Male,Java,Oracle,Azure,FastAPI,Tableau,Communication,85,92,85,50,3,3,0,Data Analyst,83,Low
CIVIL0184,Sanjay Reddy,CIVIL,Final Year,A,Female,C++,PostgreSQL,None,HTML/CSS/JS,Pandas,Teamwork,69,78,46,83,3,6,0,Software Developer,83,Low
EEE0185,Akhil Patel,EEE,Final Year,B,Male,Python,MySQL,None,HTML/CSS/JS,Tableau,Time Management,84,61,62,79,3,0,1,Cloud Engineer,77,Low
ECE0186,Pooja Reddy,ECE,Final Year,H,Male,JavaScript,MongoDB,None,HTML/CSS/JS,Excel,Teamwork,79,62,81,89,1,0,1,Software Developer,71,Medium
MECH0187,Meghana Rao,MECH,Final Year,E,Male,Java,MySQL,AWS,Node.js,Excel,Leadership,66,95,57,68,4,6,2,Data Analyst,94,Low
CSE0188,Rakesh Gupta,CSE,Final Year,C,Female,C++,SQL Server,Google Cloud,HTML/CSS/JS,Excel,Teamwork,80,71,75,39,3,3,2,Software Developer,81,Low
ECE0189,Nandini Rao,ECE,Final Year,C,Male,C++,MySQL,AWS,Node.js,NumPy,Communication,37,89,90,35,1,0,3,Cloud Engineer,59,Medium
AIDS0190,Dhanush Das,AIDS,Final Year,A,Female,Java,MongoDB,Azure,FastAPI,Tableau,Teamwork,87,39,71,58,0,4,0,Data Analyst,62,Medium
IT0191,Siva Sharma,IT,Final Year,H,Female,C,MongoDB,Google Cloud,Django,Excel,Time Management,64,35,58,47,2,4,2,Web Developer,67,Medium
AIML0192,Aarav Yadav,AIML,Final Year,G,Female,Java,Oracle,Azure,Node.js,Excel,Problem Solving,36,49,69,57,5,6,0,Cloud Engineer,77,Low
IT0193,Meghana Singh,IT,Final Year,B,Male,Java,Oracle,Azure,FastAPI,Pandas,Communication,44,80,52,40,0,1,3,Web Developer,52,High
ECE0194,Pranav Patel,ECE,Final Year,D,Male,C,MySQL,AWS,FastAPI,Power BI,Leadership,53,51,89,55,3,5,2,Cloud Engineer,79,Low
EEE0195,Deepika Singh,EEE,Final Year,E,Female,Java,Oracle,AWS,Node.js,Excel,Leadership,63,64,55,61,0,4,2,Business Analyst,63,Medium
MECH0196,Naveen Das,MECH,Final Year,A,Female,Python,MySQL,Azure,Django,NumPy,Communication,48,88,89,55,1,0,1,Cloud Engineer,60,Medium
MECH0197,Dhanush Rao,MECH,Final Year,D,Female,Java,MySQL,None,FastAPI,NumPy,Time Management,50,41,64,41,1,0,0,Software Developer,44,High
CIVIL0198,Abhinav Singh,CIVIL,Final Year,A,Male,Python,Oracle,Google Cloud,React,Excel,Communication,47,92,76,63,1,0,2,Software Developer,63,Medium
AIDS0199,Abhinav Gupta,AIDS,Final Year,D,Female,C,SQL Server,AWS,FastAPI,Pandas,Leadership,57,48,93,46,2,2,3,Data Analyst,70,Medium
AIML0200,Sahithi Kumar,AIML,Final Year,G,Female,C,Oracle,None,React,Excel,Teamwork,59,43,61,47,5,6,1,Web Developer,83,Low
AIML0201,Ishitha Kumar,AIML,Final Year,H,Female,JavaScript,SQL Server,Google Cloud,HTML/CSS/JS,NumPy,Teamwork,59,52,46,36,2,4,1,Software Developer,61,Medium
EEE0202,Nandini Naidu,EEE,Final Year,C,Male,Java,MySQL,Azure,Node.js,Tableau,Time Management,87,85,93,82,0,6,1,AI/ML Engineer,84,Low
EEE0203,Keerthi Rao,EEE,Final Year,H,Male,JavaScript,MongoDB,Google Cloud,HTML/CSS/JS,Excel,Teamwork,95,71,71,44,4,1,3,AI/ML Engineer,90,Low
IT0204,Varun Rao,IT,Final Year,F,Male,Python,PostgreSQL,Azure,React,NumPy,Problem Solving,35,56,93,74,1,6,1,Cloud Engineer,68,Medium
CSE0205,Keerthi Naidu,CSE,Final Year,C,Male,Java,Oracle,Azure,React,NumPy,Teamwork,39,58,80,95,5,3,0,Cloud Engineer,82,Low
AIDS0206,Tejaswi Patel,AIDS,Final Year,C,Male,C,MongoDB,Azure,HTML/CSS/JS,NumPy,Teamwork,49,77,72,87,1,3,2,Web Developer,71,Medium
CSE0207,Arjun Naidu,CSE,Final Year,B,Male,JavaScript,SQL Server,AWS,Node.js,NumPy,Teamwork,93,86,74,49,5,4,0,Cyber Security Analyst,95,Low
CIVIL0208,Amrutha Joshi,CIVIL,Final Year,A,Male,C++,PostgreSQL,AWS,Django,Pandas,Communication,51,48,50,79,0,2,2,Business Analyst,56,Medium
AIDS0209,Pranav Reddy,AIDS,Final Year,A,Female,C,SQL Server,Azure,FastAPI,Pandas,Problem Solving,57,69,59,41,3,6,1,Data Analyst,74,Medium
CSE0210,Shreya Gupta,CSE,Final Year,H,Male,C++,MongoDB,AWS,React,Tableau,Leadership,91,59,45,81,0,4,0,Cloud Engineer,67,Medium
AIDS0211,Karthik Patel,AIDS,Final Year,D,Male,Java,Oracle,None,Node.js,Excel,Communication,56,48,47,61,5,4,2,Web Developer,82,Low
CSE0212,Amrutha Kumar,CSE,Final Year,D,Male,C,Oracle,None,Node.js,Excel,Teamwork,35,62,40,53,5,5,3,Data Analyst,80,Low
MECH0213,Meghana Varma,MECH,Final Year,F,Male,Python,SQL Server,AWS,Django,Pandas,Problem Solving,66,92,77,51,0,5,3,Data Analyst,74,Medium
AIML0214,Srikanth Naidu,AIML,Final Year,G,Male,Python,MongoDB,None,FastAPI,Tableau,Leadership,88,52,71,38,1,6,0,Software Developer,69,Medium
CSE0215,Sanjana Das,CSE,Final Year,C,Male,C,Oracle,None,HTML/CSS/JS,Pandas,Time Management,91,50,65,54,0,3,0,AI/ML Engineer,61,Medium
AIML0216,Shreya Patel,AIML,Final Year,F,Male,Java,PostgreSQL,Azure,Node.js,Power BI,Communication,62,40,78,62,1,6,1,Business Analyst,69,Medium
IT0217,Neha Rao,IT,Final Year,C,Male,C,Oracle,None,HTML/CSS/JS,Tableau,Teamwork,68,64,93,90,0,6,3,Software Developer,83,Low
IT0218,Charan Patel,IT,Final Year,G,Male,JavaScript,MySQL,Google Cloud,HTML/CSS/JS,Tableau,Problem Solving,51,59,76,66,4,4,3,Software Developer,86,Low
AIDS0219,Ishitha Singh,AIDS,Final Year,B,Male,Python,SQL Server,Google Cloud,Node.js,Excel,Problem Solving,93,52,92,58,0,2,2,Cloud Engineer,71,Medium
ECE0220,Rakesh Das,ECE,Final Year,F,Male,C++,SQL Server,Google Cloud,Django,Pandas,Time Management,76,40,47,63,1,6,3,Web Developer,74,Medium
ECE0221,Abhinav Singh,ECE,Final Year,A,Female,Python,MongoDB,None,Node.js,NumPy,Time Management,36,46,47,91,1,6,0,Data Analyst,60,Medium
EEE0222,Rahul Gupta,EEE,Final Year,F,Female,C++,MongoDB,None,HTML/CSS/JS,Pandas,Communication,78,36,50,58,3,4,3,Data Analyst,80,Low
ECE0223,Dhanush Yadav,ECE,Final Year,D,Female,C++,MySQL,Google Cloud,React,Pandas,Communication,45,89,71,84,1,6,1,Web Developer,74,Medium
AIDS0224,Varun Yadav,AIDS,Final Year,E,Female,JavaScript,MySQL,AWS,FastAPI,Power BI,Leadership,73,86,35,49,2,4,2,Web Developer,74,Medium
AIDS0225,Riya Yadav,AIDS,Final Year,F,Female,C++,SQL Server,Google Cloud,Node.js,Pandas,Teamwork,78,68,87,74,3,4,0,Software Developer,84,Low
MECH0226,Arjun Das,MECH,Final Year,D,Male,Python,SQL Server,AWS,Django,Tableau,Teamwork,90,52,51,76,5,5,2,Data Analyst,99,Low
AIDS0227,Venkatesh Joshi,AIDS,Final Year,D,Female,C++,PostgreSQL,AWS,FastAPI,Tableau,Teamwork,93,61,60,59,5,0,1,Cloud Engineer,86,Low
CIVIL0228,Lakshmi Yadav,CIVIL,Final Year,B,Male,JavaScript,MongoDB,Azure,HTML/CSS/JS,Power BI,Teamwork,41,65,43,82,2,5,1,Web Developer,68,Medium
CIVIL0229,Sneha Gupta,CIVIL,Final Year,B,Female,Java,MongoDB,None,Django,Tableau,Teamwork,72,53,64,89,0,3,0,Business Analyst,63,Medium
EEE0230,Sanjana Singh,EEE,Final Year,C,Female,JavaScript,MySQL,None,HTML/CSS/JS,Tableau,Problem Solving,38,90,89,44,1,1,2,Cyber Security Analyst,60,Medium
ECE0231,Akhil Rao,ECE,Final Year,G,Female,Python,SQL Server,Google Cloud,Node.js,Tableau,Communication,35,63,52,48,1,4,1,Cyber Security Analyst,53,High
AIDS0232,Swathi Kumar,AIDS,Final Year,D,Male,C,SQL Server,None,React,Excel,Time Management,47,81,58,95,0,2,1,Software Developer,61,Medium
CIVIL0233,Venkatesh Das,CIVIL,Final Year,F,Female,C++,PostgreSQL,AWS,FastAPI,NumPy,Time Management,54,45,39,87,0,2,2,Cyber Security Analyst,56,Medium
ECE0234,Riya Rao,ECE,Final Year,B,Female,C++,SQL Server,Google Cloud,Node.js,Power BI,Problem Solving,36,49,49,81,1,1,0,AI/ML Engineer,49,High
CSE0235,Nandini Reddy,CSE,Final Year,E,Female,C,MongoDB,AWS,HTML/CSS/JS,Excel,Communication,76,88,36,38,5,0,3,Cyber Security Analyst,83,Low
ECE0236,Venkatesh Gupta,ECE,Final Year,B,Female,Java,MySQL,Google Cloud,FastAPI,Excel,Time Management,52,74,73,79,1,3,0,AI/ML Engineer,64,Medium
IT0237,Abhinav Das,IT,Final Year,H,Male,Python,SQL Server,Azure,HTML/CSS/JS,Power BI,Teamwork,88,68,47,57,5,3,2,Data Analyst,92,Low
AIML0238,Venkatesh Reddy,AIML,Final Year,E,Male,C++,PostgreSQL,AWS,React,Excel,Communication,88,71,77,66,1,0,0,Web Developer,67,Medium
AIML0239,Ananya Reddy,AIML,Final Year,A,Male,C++,MongoDB,None,React,Excel,Leadership,90,37,89,53,2,6,2,Cyber Security Analyst,84,Low
ECE0240,Naveen Singh,ECE,Final Year,E,Female,Java,MongoDB,Google Cloud,FastAPI,NumPy,Teamwork,91,81,40,58,2,1,0,Cyber Security Analyst,69,Medium
AIML0241,Siva Varma,AIML,Final Year,F,Male,C,PostgreSQL,AWS,Node.js,Excel,Leadership,41,61,93,72,3,6,3,Data Analyst,86,Low
ECE0242,Lakshmi Das,ECE,Final Year,B,Female,C,SQL Server,AWS,FastAPI,Pandas,Communication,39,51,76,55,0,5,1,Web Developer,55,Medium
EEE0243,Rakesh Rao,EEE,Final Year,B,Female,C,MongoDB,None,Node.js,NumPy,Time Management,38,35,76,94,1,4,3,Business Analyst,69,Medium
CIVIL0244,Sanjana Singh,CIVIL,Final Year,B,Female,Java,MongoDB,Google Cloud,React,NumPy,Leadership,70,76,59,60,1,0,3,Cyber Security Analyst,67,Medium
AIML0245,Shreya Gupta,AIML,Final Year,E,Male,C++,MySQL,None,React,Excel,Problem Solving,61,37,70,70,0,6,0,Business Analyst,60,Medium
AIML0246,Pranav Reddy,AIML,Final Year,B,Male,C++,MongoDB,AWS,Node.js,Pandas,Teamwork,70,84,74,73,3,5,2,Web Developer,90,Low
CSE0247,Varun Joshi,CSE,Final Year,G,Male,C++,MongoDB,Google Cloud,HTML/CSS/JS,NumPy,Teamwork,79,41,37,92,1,3,1,Business Analyst,68,Medium
MECH0248,Neha Kumar,MECH,Final Year,B,Female,JavaScript,PostgreSQL,Azure,React,Pandas,Leadership,64,87,85,47,5,2,0,Business Analyst,83,Low
AIML0249,Charan Joshi,AIML,Final Year,C,Male,JavaScript,Oracle,Azure,FastAPI,Excel,Time Management,82,38,70,94,3,6,3,AI/ML Engineer,96,Low
IT0250,Karthik Singh,IT,Final Year,C,Male,C,Oracle,Google Cloud,HTML/CSS/JS,Pandas,Problem Solving,73,93,79,83,1,2,3,Cloud Engineer,82,Low
AIDS0251,Manoj Yadav,AIDS,Final Year,C,Male,JavaScript,Oracle,Google Cloud,HTML/CSS/JS,Tableau,Time Management,75,48,47,48,4,5,2,Web Developer,82,Low
CIVIL0252,Aarav Das,CIVIL,Final Year,B,Male,Python,MongoDB,None,HTML/CSS/JS,NumPy,Problem Solving,78,82,92,88,4,2,3,Business Analyst,100,Low
AIDS0253,Sahithi Kumar,AIDS,Final Year,F,Female,Java,MySQL,AWS,Node.js,Tableau,Leadership,53,78,51,44,0,5,2,Data Analyst,60,Medium
IT0254,Nandini Varma,IT,Final Year,F,Male,JavaScript,Oracle,Azure,HTML/CSS/JS,Pandas,Leadership,67,85,85,86,5,2,0,Cyber Security Analyst,92,Low
CSE0255,Charan Yadav,CSE,Final Year,B,Male,C++,PostgreSQL,None,Node.js,Tableau,Time Management,69,82,73,47,5,1,2,Cyber Security Analyst,86,Low
ECE0256,Lakshmi Singh,ECE,Final Year,C,Male,JavaScript,MySQL,None,React,Pandas,Teamwork,70,51,43,45,4,6,2,Software Developer,82,Low
ECE0257,Dhanush Rao,ECE,Final Year,B,Male,C++,Oracle,AWS,HTML/CSS/JS,Tableau,Problem Solving,85,71,70,57,0,6,2,AI/ML Engineer,76,Low
AIDS0258,Siva Das,AIDS,Final Year,H,Male,JavaScript,Oracle,None,React,Tableau,Leadership,91,48,77,56,2,2,2,Data Analyst,77,Low
IT0259,Harsha Das,IT,Final Year,E,Male,C++,SQL Server,Azure,HTML/CSS/JS,NumPy,Leadership,37,78,91,55,3,6,0,Cyber Security Analyst,74,Medium
CIVIL0260,Sahithi Das,CIVIL,Final Year,A,Male,JavaScript,Oracle,None,FastAPI,Excel,Teamwork,92,76,47,55,4,0,0,Data Analyst,77,Low
EEE0261,Priya Joshi,EEE,Final Year,F,Male,Java,SQL Server,AWS,Node.js,NumPy,Problem Solving,76,87,95,39,5,5,1,Software Developer,96,Low
IT0262,Sneha Varma,IT,Final Year,G,Female,Python,MySQL,Azure,Django,NumPy,Communication,71,87,49,93,2,3,3,Cyber Security Analyst,85,Low
CSE0263,Swathi Patel,CSE,Final Year,B,Female,C,MySQL,AWS,HTML/CSS/JS,Excel,Time Management,37,79,89,39,2,4,0,Cloud Engineer,62,Medium
AIML0264,Swathi Joshi,AIML,Final Year,F,Male,C,SQL Server,AWS,FastAPI,Power BI,Time Management,49,43,82,60,4,2,1,Cloud Engineer,72,Medium
ECE0265,Neha Yadav,ECE,Final Year,C,Male,Python,MySQL,AWS,HTML/CSS/JS,NumPy,Problem Solving,69,70,95,40,2,1,2,Data Analyst,71,Medium
ECE0266,Sai Reddy,ECE,Final Year,E,Male,Java,Oracle,Google Cloud,Node.js,Excel,Leadership,77,86,71,89,0,6,3,Web Developer,85,Low
MECH0267,Krishna Singh,MECH,Final Year,H,Female,Python,PostgreSQL,None,Django,Tableau,Leadership,77,76,50,41,2,4,0,Data Analyst,68,Medium
MECH0268,Meghana Rao,MECH,Final Year,F,Female,JavaScript,PostgreSQL,Google Cloud,Django,Pandas,Leadership,35,55,50,85,1,5,3,Cloud Engineer,67,Medium
AIML0269,Chaitanya Patel,AIML,Final Year,B,Male,C,MongoDB,Google Cloud,FastAPI,NumPy,Communication,46,76,73,40,2,6,1,AI/ML Engineer,69,Medium
CSE0270,Naveen Sharma,CSE,Final Year,E,Male,JavaScript,MySQL,None,HTML/CSS/JS,Power BI,Communication,70,51,69,92,4,3,1,Cloud Engineer,86,Low
AIML0271,Riya Rao,AIML,Final Year,H,Male,JavaScript,Oracle,AWS,FastAPI,Tableau,Time Management,35,77,50,89,4,5,1,Business Analyst,80,Low
ECE0272,Abhinav Yadav,ECE,Final Year,D,Female,JavaScript,Oracle,Azure,FastAPI,Tableau,Communication,49,83,66,49,0,2,2,Data Analyst,57,Medium
AIDS0273,Sahithi Gupta,AIDS,Final Year,C,Female,C,SQL Server,AWS,React,Tableau,Communication,80,68,75,88,2,6,2,AI/ML Engineer,91,Low
AIDS0274,Rahul Gupta,AIDS,Final Year,A,Male,C++,Oracle,AWS,HTML/CSS/JS,Tableau,Problem Solving,93,49,68,60,2,6,2,Cyber Security Analyst,85,Low
AIML0275,Dhanush Varma,AIML,Final Year,F,Male,Java,PostgreSQL,AWS,HTML/CSS/JS,Tableau,Leadership,44,46,45,58,4,5,0,Web Developer,68,Medium
AIML0276,Sneha Das,AIML,Final Year,A,Male,C,SQL Server,Azure,HTML/CSS/JS,Power BI,Problem Solving,36,50,37,43,4,4,1,Data Analyst,63,Medium
CSE0277,Deepika Singh,CSE,Final Year,H,Female,Java,MongoDB,Azure,HTML/CSS/JS,Pandas,Time Management,71,75,36,91,5,5,2,Software Developer,97,Low
ECE0278,Shreya Gupta,ECE,Final Year,B,Male,Java,SQL Server,Azure,HTML/CSS/JS,Power BI,Time Management,77,67,51,45,5,5,2,Cyber Security Analyst,91,Low
AIDS0279,Amrutha Rao,AIDS,Final Year,H,Male,C,PostgreSQL,AWS,React,Power BI,Time Management,90,93,67,78,3,6,1,AI/ML Engineer,97,Low
IT0280,Abhinav Joshi,IT,Final Year,G,Male,Python,SQL Server,Azure,HTML/CSS/JS,NumPy,Communication,92,95,84,78,5,3,3,Cloud Engineer,100,Low
AIML0281,Chaitanya Kumar,AIML,Final Year,A,Male,C,MongoDB,AWS,FastAPI,Power BI,Teamwork,65,84,49,93,0,2,3,Cloud Engineer,71,Medium
CSE0282,Meghana Gupta,CSE,Final Year,E,Female,C,PostgreSQL,Google Cloud,FastAPI,Tableau,Communication,44,62,76,72,2,2,3,AI/ML Engineer,71,Medium
EEE0283,Anjali Yadav,EEE,Final Year,B,Male,C,Oracle,None,Node.js,Tableau,Time Management,70,65,51,54,4,2,3,Web Developer,82,Low
AIML0284,Nandini Yadav,AIML,Final Year,A,Male,Java,MySQL,Azure,HTML/CSS/JS,Pandas,Teamwork,86,70,74,79,5,5,0,Data Analyst,98,Low
ECE0285,Siva Yadav,ECE,Final Year,E,Male,C,Oracle,None,React,Excel,Teamwork,49,58,40,73,0,5,3,Cyber Security Analyst,63,Medium
ECE0286,Bhavana Yadav,ECE,Final Year,A,Female,C,SQL Server,AWS,Node.js,NumPy,Teamwork,47,37,85,73,4,4,1,AI/ML Engineer,78,Low
EEE0287,Varun Reddy,EEE,Final Year,B,Female,Python,PostgreSQL,AWS,Django,Pandas,Teamwork,77,60,60,72,1,4,0,Web Developer,68,Medium
CIVIL0288,Amrutha Das,CIVIL,Final Year,B,Female,C++,MongoDB,Azure,HTML/CSS/JS,Power BI,Problem Solving,94,60,71,35,2,1,3,AI/ML Engineer,76,Low
CIVIL0289,Lakshmi Singh,CIVIL,Final Year,H,Male,Python,Oracle,Google Cloud,HTML/CSS/JS,NumPy,Teamwork,79,63,59,71,3,6,1,Business Analyst,86,Low
AIML0290,Harsha Sharma,AIML,Final Year,E,Male,Python,MongoDB,AWS,FastAPI,Power BI,Leadership,86,55,61,57,4,4,0,Web Developer,83,Low
AIDS0291,Chaitanya Sharma,AIDS,Final Year,D,Female,C++,MySQL,Azure,FastAPI,Tableau,Teamwork,48,92,71,52,1,5,1,Cyber Security Analyst,67,Medium
EEE0292,Aarav Das,EEE,Final Year,A,Female,Java,PostgreSQL,Azure,HTML/CSS/JS,Tableau,Leadership,84,41,42,93,0,5,3,AI/ML Engineer,75,Low
CIVIL0293,Sanjana Rao,CIVIL,Final Year,A,Female,JavaScript,MongoDB,None,HTML/CSS/JS,Tableau,Problem Solving,46,83,93,67,2,3,1,Business Analyst,73,Medium
AIML0294,Swathi Sharma,AIML,Final Year,G,Male,JavaScript,MySQL,Google Cloud,FastAPI,Power BI,Problem Solving,42,79,68,64,2,5,0,Software Developer,67,Medium
CIVIL0295,Pooja Sharma,CIVIL,Final Year,G,Female,C++,Oracle,Google Cloud,Node.js,NumPy,Teamwork,50,52,65,74,2,2,1,Cyber Security Analyst,64,Medium
CIVIL0296,Divya Das,CIVIL,Final Year,G,Female,C,MongoDB,None,Node.js,NumPy,Leadership,71,78,49,87,0,5,2,Business Analyst,74,Medium
EEE0297,Rakesh Patel,EEE,Final Year,E,Male,Java,PostgreSQL,None,React,Power BI,Problem Solving,66,43,92,89,5,4,2,Business Analyst,97,Low
AIDS0298,Meghana Das,AIDS,Final Year,E,Female,Python,PostgreSQL,AWS,Node.js,Tableau,Problem Solving,88,75,41,63,5,2,2,Cloud Engineer,91,Low
CSE0299,Krishna Yadav,CSE,Final Year,H,Female,C,MySQL,Google Cloud,HTML/CSS/JS,Power BI,Time Management,71,76,76,69,1,6,2,Cloud Engineer,81,Low
IT0300,Akash Reddy,IT,Final Year,C,Female,C,Oracle,Google Cloud,FastAPI,Power BI,Leadership,75,86,94,56,3,5,3,Business Analyst,95,Low
EEE0301,Bhavana Rao,EEE,Final Year,A,Male,C++,MongoDB,Google Cloud,Django,NumPy,Problem Solving,52,91,63,84,2,5,3,Cyber Security Analyst,84,Low
EEE0302,Naveen Das,EEE,Final Year,B,Male,C++,MySQL,Azure,Node.js,Pandas,Communication,41,39,94,91,3,4,0,Software Developer,73,Medium
MECH0303,Bhavana Kumar,MECH,Final Year,A,Female,JavaScript,PostgreSQL,AWS,FastAPI,Tableau,Leadership,50,82,53,63,5,1,1,AI/ML Engineer,78,Low
CIVIL0304,Sneha Gupta,CIVIL,Final Year,G,Female,C,SQL Server,Google Cloud,HTML/CSS/JS,Pandas,Leadership,95,79,69,46,4,4,3,Web Developer,97,Low
CIVIL0305,Anjali Naidu,CIVIL,Final Year,E,Female,C,Oracle,Azure,React,Pandas,Teamwork,58,61,51,44,2,0,0,AI/ML Engineer,53,High
CSE0306,Sai Varma,CSE,Final Year,G,Male,C,SQL Server,Google Cloud,React,Pandas,Teamwork,73,49,85,35,4,2,1,Cyber Security Analyst,76,Low
ECE0307,Sowmya Joshi,ECE,Final Year,E,Female,C,SQL Server,Azure,Django,Excel,Problem Solving,75,50,68,83,4,6,2,Cloud Engineer,95,Low
EEE0308,Aadhya Rao,EEE,Final Year,A,Male,Python,PostgreSQL,Azure,Django,Excel,Problem Solving,74,63,52,79,4,3,1,Cloud Engineer,84,Low
ECE0309,Keerthi Singh,ECE,Final Year,F,Female,Python,MongoDB,Google Cloud,Node.js,Pandas,Communication,49,40,44,35,3,1,2,Cyber Security Analyst,57,Medium
CSE0310,Nandini Kumar,CSE,Final Year,B,Male,C++,MySQL,Azure,React,Tableau,Problem Solving,39,69,65,46,1,6,2,Business Analyst,64,Medium
AIDS0311,Bhavana Yadav,AIDS,Final Year,A,Male,C,PostgreSQL,AWS,Node.js,Pandas,Communication,68,77,48,65,3,5,2,Cloud Engineer,83,Low
MECH0312,Ishitha Gupta,MECH,Final Year,B,Female,C,MongoDB,Azure,Django,Excel,Leadership,42,50,75,62,2,0,1,Business Analyst,57,Medium
EEE0313,Sneha Kumar,EEE,Final Year,A,Female,Python,MySQL,None,HTML/CSS/JS,Power BI,Teamwork,84,40,50,45,3,0,2,Business Analyst,69,Medium
ECE0314,Chaitanya Kumar,ECE,Final Year,G,Female,JavaScript,MySQL,Azure,FastAPI,Power BI,Teamwork,70,85,76,83,2,6,3,Web Developer,93,Low
ECE0315,Venkatesh Singh,ECE,Final Year,E,Male,C++,MySQL,None,FastAPI,NumPy,Teamwork,69,79,66,47,4,1,2,Cloud Engineer,80,Low
IT0316,Charan Kumar,IT,Final Year,F,Male,JavaScript,PostgreSQL,None,Django,Tableau,Time Management,58,64,35,84,5,4,3,Web Developer,91,Low
CIVIL0317,Krishna Reddy,CIVIL,Final Year,B,Male,Python,Oracle,None,Node.js,NumPy,Problem Solving,84,70,44,74,2,2,3,Web Developer,80,Low
CSE0318,Rakesh Das,CSE,Final Year,E,Male,Java,PostgreSQL,AWS,Node.js,Excel,Problem Solving,47,41,37,71,5,6,3,Web Developer,86,Low
CIVIL0319,Sai Joshi,CIVIL,Final Year,G,Female,Java,Oracle,AWS,React,Power BI,Problem Solving,94,91,88,40,3,6,0,Cloud Engineer,90,Low
CSE0320,Nandini Sharma,CSE,Final Year,D,Male,JavaScript,MongoDB,AWS,React,Tableau,Communication,95,48,68,41,0,5,1,AI/ML Engineer,67,Medium
ECE0321,Charan Das,ECE,Final Year,G,Female,JavaScript,Oracle,None,React,NumPy,Teamwork,78,64,79,77,3,0,1,Business Analyst,78,Low
ECE0322,Divya Gupta,ECE,Final Year,D,Female,JavaScript,Oracle,None,Django,Tableau,Time Management,55,89,58,61,5,3,2,AI/ML Engineer,88,Low
MECH0323,Dhanush Sharma,MECH,Final Year,F,Male,C++,SQL Server,None,FastAPI,Excel,Communication,53,73,36,68,1,2,0,Cloud Engineer,55,Medium
MECH0324,Harsha Patel,MECH,Final Year,B,Female,JavaScript,Oracle,Azure,React,Excel,Problem Solving,57,44,43,51,2,4,1,Data Analyst,61,Medium
EEE0325,Sanjana Varma,EEE,Final Year,B,Male,Python,MongoDB,None,Node.js,Pandas,Time Management,87,93,41,73,5,2,0,Web Developer,90,Low
CIVIL0326,Rohit Kumar,CIVIL,Final Year,F,Male,C++,SQL Server,None,React,Power BI,Time Management,94,35,75,84,5,3,0,Cloud Engineer,92,Low
CIVIL0327,Naveen Rao,CIVIL,Final Year,C,Female,JavaScript,PostgreSQL,Azure,React,Pandas,Problem Solving,83,73,71,67,0,1,3,Cloud Engineer,71,Medium
IT0328,Sai Sharma,IT,Final Year,H,Female,C,Oracle,AWS,HTML/CSS/JS,Pandas,Teamwork,40,60,67,62,5,1,1,Cyber Security Analyst,73,Medium
EEE0329,Neha Varma,EEE,Final Year,F,Female,JavaScript,Oracle,Azure,Node.js,Excel,Teamwork,84,62,55,78,4,0,0,Web Developer,78,Low
EEE0330,Dhanush Sharma,EEE,Final Year,F,Male,C++,MongoDB,AWS,Django,Power BI,Teamwork,74,87,86,63,4,1,3,Software Developer,92,Low
IT0331,Aadhya Naidu,IT,Final Year,D,Male,Python,MySQL,Azure,HTML/CSS/JS,Power BI,Teamwork,35,56,79,86,0,2,3,Cyber Security Analyst,61,Medium
EEE0332,Srikanth Das,EEE,Final Year,A,Female,JavaScript,Oracle,Google Cloud,HTML/CSS/JS,Pandas,Time Management,81,44,79,79,5,0,3,AI/ML Engineer,93,Low
ECE0333,Srikanth Naidu,ECE,Final Year,B,Male,Python,MongoDB,Azure,HTML/CSS/JS,Tableau,Communication,64,76,95,35,0,3,2,Web Developer,64,Medium
MECH0334,Priya Das,MECH,Final Year,A,Male,C,PostgreSQL,None,HTML/CSS/JS,Excel,Teamwork,66,90,73,69,0,1,1,AI/ML Engineer,63,Medium
EEE0335,Riya Patel,EEE,Final Year,A,Female,JavaScript,MongoDB,Google Cloud,FastAPI,Pandas,Leadership,36,57,78,57,2,5,2,Data Analyst,68,Medium
AIDS0336,Swathi Gupta,AIDS,Final Year,D,Female,Python,Oracle,Google Cloud,Node.js,Power BI,Teamwork,92,60,77,43,0,5,3,AI/ML Engineer,76,Low
EEE0337,Anjali Patel,EEE,Final Year,C,Female,JavaScript,PostgreSQL,None,Django,NumPy,Teamwork,63,69,43,48,5,1,1,Business Analyst,75,Low
ECE0338,Aadhya Naidu,ECE,Final Year,G,Female,JavaScript,PostgreSQL,Google Cloud,React,NumPy,Time Management,95,81,42,46,2,6,1,Web Developer,81,Low
MECH0339,Dhanush Sharma,MECH,Final Year,A,Female,C,MongoDB,Azure,Node.js,Excel,Leadership,46,36,83,74,4,2,1,AI/ML Engineer,73,Medium
IT0340,Aarav Patel,IT,Final Year,G,Male,C,PostgreSQL,None,Django,Power BI,Problem Solving,66,65,43,45,1,1,0,Cyber Security Analyst,52,High
EEE0341,Abhinav Gupta,EEE,Final Year,G,Female,Java,MySQL,Azure,FastAPI,NumPy,Problem Solving,79,55,90,64,1,3,3,Business Analyst,78,Low
AIDS0342,Abhinav Das,AIDS,Final Year,G,Male,JavaScript,Oracle,AWS,HTML/CSS/JS,Excel,Problem Solving,64,87,91,37,1,4,3,Web Developer,75,Low
EEE0343,Sowmya Singh,EEE,Final Year,B,Male,C++,SQL Server,None,Django,Tableau,Problem Solving,45,62,53,74,0,5,1,Cyber Security Analyst,59,Medium
ECE0344,Akhil Patel,ECE,Final Year,F,Male,JavaScript,Oracle,Azure,FastAPI,Pandas,Teamwork,63,36,46,64,4,5,1,Cyber Security Analyst,77,Low
IT0345,Sai Varma,IT,Final Year,A,Male,Python,MySQL,None,Django,Excel,Time Management,80,59,81,85,4,4,1,Cyber Security Analyst,93,Low
CIVIL0346,Anjali Sharma,CIVIL,Final Year,A,Female,JavaScript,PostgreSQL,Azure,Node.js,Power BI,Communication,61,54,54,81,3,2,1,Software Developer,73,Medium
CSE0347,Neha Singh,CSE,Final Year,B,Male,C,SQL Server,None,HTML/CSS/JS,Excel,Time Management,91,66,50,48,4,5,3,Cyber Security Analyst,93,Low
EEE0348,Sanjana Gupta,EEE,Final Year,E,Female,JavaScript,MongoDB,Azure,React,Power BI,Leadership,38,76,57,37,1,6,0,Web Developer,56,Medium
IT0349,Sanjay Naidu,IT,Final Year,A,Male,Python,MySQL,None,Node.js,Power BI,Teamwork,74,77,79,79,4,4,1,Cyber Security Analyst,92,Low
MECH0350,Rohit Varma,MECH,Final Year,D,Male,C++,MongoDB,None,React,Pandas,Time Management,39,53,65,43,0,5,2,Cloud Engineer,54,High
CSE0351,Siva Gupta,CSE,Final Year,H,Female,Python,Oracle,AWS,FastAPI,NumPy,Teamwork,62,73,89,55,2,4,2,Data Analyst,78,Low
AIML0352,Siva Varma,AIML,Final Year,G,Male,Java,Oracle,Azure,Django,Power BI,Communication,42,36,64,75,0,5,1,Business Analyst,56,Medium
CIVIL0353,Aarav Reddy,CIVIL,Final Year,F,Female,C++,Oracle,Azure,React,Power BI,Teamwork,51,85,39,54,2,4,2,Business Analyst,69,Medium
AIDS0354,Anjali Singh,AIDS,Final Year,C,Female,JavaScript,Oracle,AWS,Node.js,Power BI,Teamwork,88,56,94,78,3,3,0,Web Developer,86,Low
CIVIL0355,Swathi Naidu,CIVIL,Final Year,F,Male,C,SQL Server,AWS,HTML/CSS/JS,Tableau,Time Management,81,78,55,70,4,0,1,AI/ML Engineer,81,Low
ECE0356,Krishna Joshi,ECE,Final Year,A,Female,C++,MySQL,Google Cloud,FastAPI,NumPy,Leadership,71,73,59,46,4,0,2,Web Developer,76,Low
AIDS0357,Chaitanya Reddy,AIDS,Final Year,H,Male,Python,SQL Server,Azure,Django,Pandas,Teamwork,48,68,54,46,0,2,0,Business Analyst,46,High
AIML0358,Venkatesh Kumar,AIML,Final Year,H,Female,JavaScript,PostgreSQL,Azure,Django,Pandas,Time Management,54,84,55,44,0,6,1,Data Analyst,61,Medium
IT0359,Sanjana Patel,IT,Final Year,D,Female,Python,MongoDB,AWS,HTML/CSS/JS,Excel,Teamwork,64,91,37,41,4,6,2,Software Developer,85,Low
EEE0360,Siva Das,EEE,Final Year,B,Male,Java,MongoDB,Google Cloud,HTML/CSS/JS,Tableau,Problem Solving,77,42,52,44,1,2,0,Software Developer,55,Medium
CIVIL0361,Anjali Kumar,CIVIL,Final Year,H,Male,JavaScript,MongoDB,Google Cloud,Node.js,Tableau,Time Management,50,45,39,54,4,2,3,Software Developer,71,Medium
IT0362,Manoj Patel,IT,Final Year,F,Male,C,MySQL,AWS,FastAPI,Pandas,Leadership,80,73,92,72,5,6,3,AI/ML Engineer,100,Low
IT0363,Dhanush Sharma,IT,Final Year,C,Female,C,Oracle,Azure,React,Pandas,Communication,64,54,78,76,5,6,3,Cyber Security Analyst,100,Low
CIVIL0364,Bhavana Patel,CIVIL,Final Year,F,Male,C,PostgreSQL,Google Cloud,Django,Pandas,Problem Solving,36,39,65,42,2,3,3,Business Analyst,60,Medium
IT0365,Bhavana Singh,IT,Final Year,G,Male,C,MySQL,Google Cloud,HTML/CSS/JS,Excel,Teamwork,69,64,60,72,3,1,1,AI/ML Engineer,74,Medium
CIVIL0366,Varun Gupta,CIVIL,Final Year,H,Male,Java,Oracle,None,FastAPI,NumPy,Teamwork,69,79,50,46,5,5,0,Web Developer,84,Low
AIML0367,Rakesh Yadav,AIML,Final Year,A,Male,C++,Oracle,AWS,FastAPI,Power BI,Teamwork,60,39,73,41,5,6,3,Cloud Engineer,89,Low
EEE0368,Swathi Naidu,EEE,Final Year,E,Female,Java,Oracle,AWS,Node.js,Power BI,Problem Solving,69,53,59,74,4,3,1,Data Analyst,81,Low
AIDS0369,Varun Das,AIDS,Final Year,F,Male,C++,MySQL,AWS,HTML/CSS/JS,NumPy,Problem Solving,89,43,89,53,0,2,0,Software Developer,61,Medium
MECH0370,Charan Singh,MECH,Final Year,C,Male,Python,PostgreSQL,None,HTML/CSS/JS,Pandas,Teamwork,80,59,60,59,3,4,1,Web Developer,80,Low
AIDS0371,Pooja Rao,AIDS,Final Year,B,Male,C++,SQL Server,Azure,Django,Power BI,Leadership,35,39,76,36,1,5,3,Web Developer,59,Medium
AIDS0372,Charan Varma,AIDS,Final Year,A,Female,C,Oracle,None,HTML/CSS/JS,Power BI,Problem Solving,67,62,70,87,3,3,2,Data Analyst,84,Low
EEE0373,Rahul Joshi,EEE,Final Year,B,Male,JavaScript,MongoDB,None,HTML/CSS/JS,NumPy,Teamwork,37,37,71,65,5,2,0,AI/ML Engineer,69,Medium
MECH0374,Sneha Das,MECH,Final Year,E,Male,C,Oracle,AWS,HTML/CSS/JS,NumPy,Communication,50,65,75,82,5,5,0,Web Developer,87,Low
CIVIL0375,Bhavana Kumar,CIVIL,Final Year,E,Female,JavaScript,MySQL,None,FastAPI,NumPy,Problem Solving,71,81,56,61,2,6,2,Cloud Engineer,82,Low
CSE0376,Riya Reddy,CSE,Final Year,E,Female,C,Oracle,Azure,HTML/CSS/JS,Excel,Teamwork,86,82,74,36,2,3,0,Data Analyst,72,Medium
ECE0377,Charan Patel,ECE,Final Year,D,Female,JavaScript,MongoDB,Google Cloud,Django,Excel,Communication,73,46,93,72,5,1,3,Cloud Engineer,93,Low
ECE0378,Nandini Sharma,ECE,Final Year,H,Male,JavaScript,MySQL,Google Cloud,React,Power BI,Time Management,94,87,44,88,3,6,3,Business Analyst,100,Low
EEE0379,Swathi Joshi,EEE,Final Year,G,Female,JavaScript,MongoDB,AWS,Django,Excel,Communication,45,64,60,65,2,3,1,Cyber Security Analyst,64,Medium
MECH0380,Sneha Naidu,MECH,Final Year,G,Female,Java,Oracle,None,React,Tableau,Problem Solving,59,78,55,68,5,0,0,AI/ML Engineer,76,Low
CIVIL0381,Lakshmi Yadav,CIVIL,Final Year,C,Female,C++,MongoDB,AWS,Django,NumPy,Problem Solving,64,84,78,82,1,5,1,AI/ML Engineer,78,Low
CSE0382,Chaitanya Kumar,CSE,Final Year,A,Male,Python,MySQL,AWS,FastAPI,Excel,Time Management,41,78,63,57,1,5,2,Cloud Engineer,66,Medium
CSE0383,Tejaswi Rao,CSE,Final Year,E,Female,JavaScript,PostgreSQL,AWS,React,Excel,Time Management,43,59,77,83,5,4,1,Software Developer,86,Low
AIML0384,Aditya Patel,AIML,Final Year,E,Male,Python,SQL Server,Google Cloud,FastAPI,Tableau,Teamwork,45,84,39,52,0,3,3,Cloud Engineer,57,Medium
AIML0385,Siva Yadav,AIML,Final Year,B,Female,Python,SQL Server,Azure,HTML/CSS/JS,Pandas,Leadership,76,66,41,44,4,6,3,Data Analyst,89,Low
MECH0386,Srikanth Varma,MECH,Final Year,E,Male,Python,MySQL,AWS,React,NumPy,Teamwork,84,63,36,92,3,1,0,Software Developer,75,Low
CIVIL0387,Nandini Joshi,CIVIL,Final Year,H,Male,C,Oracle,AWS,HTML/CSS/JS,Pandas,Problem Solving,62,60,89,81,0,4,1,Software Developer,68,Medium
CIVIL0388,Chaitanya Rao,CIVIL,Final Year,A,Female,C++,MongoDB,None,React,Excel,Teamwork,69,89,56,40,3,6,2,Web Developer,83,Low
EEE0389,Aadhya Joshi,EEE,Final Year,D,Female,C++,SQL Server,AWS,Django,Pandas,Communication,91,75,63,82,1,1,0,Data Analyst,71,Medium
AIDS0390,Ananya Sharma,AIDS,Final Year,H,Male,Python,Oracle,Google Cloud,FastAPI,NumPy,Problem Solving,36,37,56,38,2,6,0,Cyber Security Analyst,54,High
EEE0391,Charan Yadav,EEE,Final Year,A,Female,Python,MySQL,Azure,FastAPI,Excel,Problem Solving,93,93,74,37,1,5,1,Software Developer,78,Low
IT0392,Chaitanya Varma,IT,Final Year,F,Female,C,Oracle,Azure,HTML/CSS/JS,Excel,Communication,42,66,73,86,4,1,0,Business Analyst,73,Medium
CIVIL0393,Neha Rao,CIVIL,Final Year,F,Male,Python,Oracle,Azure,Django,Power BI,Communication,72,46,56,39,0,2,1,Business Analyst,52,High
AIML0394,Charan Reddy,AIML,Final Year,E,Female,Java,Oracle,AWS,Node.js,Excel,Time Management,59,84,45,36,3,0,0,Software Developer,59,Medium
AIML0395,Charan Joshi,AIML,Final Year,H,Male,Java,PostgreSQL,Azure,Django,NumPy,Problem Solving,61,50,95,46,4,5,0,AI/ML Engineer,79,Low
MECH0396,Sneha Yadav,MECH,Final Year,D,Female,C++,SQL Server,AWS,HTML/CSS/JS,Power BI,Leadership,42,68,41,74,2,6,1,Cyber Security Analyst,69,Medium
CSE0397,Deepika Varma,CSE,Final Year,E,Female,Java,MySQL,Azure,FastAPI,Pandas,Leadership,45,77,94,37,0,5,2,Cloud Engineer,63,Medium
AIML0398,Pranav Gupta,AIML,Final Year,F,Female,Python,MySQL,AWS,HTML/CSS/JS,Power BI,Leadership,85,36,66,67,0,0,1,Web Developer,57,Medium
EEE0399,Rahul Gupta,EEE,Final Year,H,Male,C++,PostgreSQL,AWS,Django,Power BI,Communication,50,82,61,90,1,3,1,Software Developer,68,Medium
AIDS0400,Lakshmi Rao,AIDS,Final Year,A,Male,Java,PostgreSQL,None,Node.js,Pandas,Teamwork,43,64,81,47,5,2,2,Data Analyst,79,Low
MECH0401,Sneha Gupta,MECH,Final Year,C,Male,Java,MySQL,None,FastAPI,Pandas,Leadership,83,56,49,91,2,4,1,Business Analyst,80,Low
IT0402,Krishna Varma,IT,Final Year,D,Male,C,Oracle,None,Node.js,NumPy,Problem Solving,88,64,52,35,5,3,1,Data Analyst,85,Low
CSE0403,Rakesh Sharma,CSE,Final Year,B,Male,C,MySQL,AWS,FastAPI,NumPy,Communication,62,68,60,65,5,6,0,Cyber Security Analyst,88,Low
AIDS0404,Sanjana Joshi,AIDS,Final Year,A,Female,Java,PostgreSQL,Google Cloud,Django,Power BI,Communication,36,65,77,54,1,5,3,Business Analyst,67,Medium
AIML0405,Pooja Patel,AIML,Final Year,D,Male,Java,SQL Server,Azure,Django,Pandas,Communication,90,75,39,59,5,2,0,Cloud Engineer,85,Low
CIVIL0406,Sai Joshi,CIVIL,Final Year,B,Male,Python,Oracle,Google Cloud,React,Excel,Problem Solving,58,64,74,37,2,2,1,Web Developer,62,Medium
ECE0407,Swathi Varma,ECE,Final Year,E,Male,C++,PostgreSQL,AWS,FastAPI,NumPy,Leadership,83,82,83,49,2,2,2,AI/ML Engineer,79,Low
IT0408,Siva Naidu,IT,Final Year,B,Male,C++,MongoDB,None,FastAPI,NumPy,Time Management,88,42,65,80,4,5,2,Cyber Security Analyst,94,Low
AIML0409,Deepika Das,AIML,Final Year,A,Female,Python,MySQL,None,Node.js,Tableau,Communication,41,45,52,42,5,1,3,Data Analyst,71,Medium
AIDS0410,Dhanush Das,AIDS,Final Year,F,Female,JavaScript,PostgreSQL,None,Django,Pandas,Problem Solving,82,76,36,53,1,0,0,Business Analyst,57,Medium
CIVIL0411,Rahul Naidu,CIVIL,Final Year,E,Male,C++,SQL Server,None,FastAPI,Tableau,Time Management,43,92,85,54,1,6,2,Data Analyst,73,Medium
ECE0412,Divya Reddy,ECE,Final Year,A,Female,C++,MongoDB,None,Node.js,NumPy,Leadership,80,69,53,46,1,6,1,Data Analyst,72,Medium
ECE0413,Sahithi Rao,ECE,Final Year,E,Male,C,MongoDB,Google Cloud,Node.js,Power BI,Time Management,80,37,77,55,2,1,2,Cyber Security Analyst,70,Medium
CSE0414,Karthik Gupta,CSE,Final Year,C,Female,C,SQL Server,Azure,FastAPI,Tableau,Leadership,35,82,69,67,2,5,2,Cyber Security Analyst,73,Medium
CIVIL0415,Krishna Kumar,CIVIL,Final Year,D,Male,Python,SQL Server,AWS,Node.js,NumPy,Communication,54,36,60,74,1,3,2,Software Developer,62,Medium
MECH0416,Meghana Varma,MECH,Final Year,C,Female,Java,MySQL,AWS,HTML/CSS/JS,Pandas,Communication,67,60,47,66,2,4,0,Web Developer,67,Medium
CIVIL0417,Neha Singh,CIVIL,Final Year,E,Male,C,MongoDB,AWS,Django,Tableau,Teamwork,54,63,90,70,0,1,3,Web Developer,64,Medium
AIDS0418,Aarav Varma,AIDS,Final Year,E,Female,C,PostgreSQL,AWS,Node.js,Power BI,Teamwork,65,90,68,56,0,4,3,Software Developer,71,Medium
ECE0419,Sai Joshi,ECE,Final Year,H,Male,JavaScript,SQL Server,Azure,Node.js,Power BI,Problem Solving,53,70,66,37,2,6,2,Cyber Security Analyst,72,Medium
CSE0420,Sowmya Sharma,CSE,Final Year,A,Male,Python,PostgreSQL,Google Cloud,Django,Pandas,Communication,76,77,92,53,3,1,3,Web Developer,85,Low
MECH0421,Riya Joshi,MECH,Final Year,A,Female,C,MySQL,Google Cloud,HTML/CSS/JS,Pandas,Time Management,62,90,51,75,5,3,0,Cloud Engineer,86,Low
ECE0422,Karthik Patel,ECE,Final Year,B,Male,JavaScript,MySQL,Azure,Django,Pandas,Leadership,57,45,38,52,2,3,2,Software Developer,62,Medium
ECE0423,Sahithi Gupta,ECE,Final Year,F,Male,Python,Oracle,Azure,HTML/CSS/JS,Tableau,Teamwork,87,89,78,86,2,2,2,Software Developer,88,Low
CSE0424,Dhanush Sharma,CSE,Final Year,B,Female,Java,Oracle,Google Cloud,Django,Pandas,Problem Solving,56,93,93,45,0,1,1,AI/ML Engineer,59,Medium
AIML0425,Varun Patel,AIML,Final Year,A,Male,Python,MySQL,Azure,React,Pandas,Teamwork,54,79,58,43,3,4,2,Data Analyst,74,Medium
EEE0426,Rahul Varma,EEE,Final Year,A,Male,Java,PostgreSQL,Azure,Django,Power BI,Leadership,43,40,62,79,0,0,0,Business Analyst,44,High
IT0427,Ananya Gupta,IT,Final Year,D,Male,Python,Oracle,AWS,FastAPI,Excel,Teamwork,37,39,54,77,0,6,0,Business Analyst,52,High
ECE0428,Sanjana Reddy,ECE,Final Year,B,Male,C++,MySQL,AWS,Node.js,Tableau,Time Management,57,57,45,89,4,6,1,AI/ML Engineer,85,Low
EEE0429,Sanjay Rao,EEE,Final Year,H,Male,Java,MongoDB,Azure,HTML/CSS/JS,Excel,Communication,94,48,93,67,5,3,2,Web Developer,100,Low
ECE0430,Anjali Singh,ECE,Final Year,F,Female,C++,SQL Server,None,Node.js,NumPy,Leadership,61,42,83,55,0,3,0,AI/ML Engineer,54,High
CSE0431,Sai Varma,CSE,Final Year,E,Female,Python,MongoDB,None,React,Pandas,Teamwork,64,73,82,54,5,6,3,Data Analyst,99,Low
EEE0432,Arjun Varma,EEE,Final Year,G,Male,Python,SQL Server,Google Cloud,Node.js,Excel,Problem Solving,78,41,60,63,4,5,0,Software Developer,81,Low
ECE0433,Varun Gupta,ECE,Final Year,E,Female,Python,MongoDB,Azure,Django,Power BI,Time Management,89,60,42,49,3,5,3,Cloud Engineer,86,Low
CIVIL0434,Dhanush Yadav,CIVIL,Final Year,C,Male,C,Oracle,None,FastAPI,NumPy,Teamwork,44,84,64,41,0,2,3,Cyber Security Analyst,57,Medium
IT0435,Akash Yadav,IT,Final Year,H,Female,Python,MySQL,None,React,Power BI,Problem Solving,73,78,55,44,2,4,0,Business Analyst,69,Medium
EEE0436,Ananya Varma,EEE,Final Year,H,Female,C++,SQL Server,None,HTML/CSS/JS,Tableau,Time Management,56,86,90,69,4,0,0,Cyber Security Analyst,77,Low
AIDS0437,Anjali Patel,AIDS,Final Year,G,Female,C,SQL Server,AWS,React,Power BI,Time Management,77,90,84,54,5,1,3,Cyber Security Analyst,96,Low
IT0438,Swathi Naidu,IT,Final Year,E,Female,JavaScript,SQL Server,None,FastAPI,NumPy,Leadership,67,38,60,51,3,4,3,AI/ML Engineer,77,Low
CSE0439,Pooja Naidu,CSE,Final Year,F,Female,Python,Oracle,AWS,Node.js,Tableau,Teamwork,86,82,72,36,5,2,3,Software Developer,94,Low
CIVIL0440,Aadhya Das,CIVIL,Final Year,F,Male,Python,PostgreSQL,Azure,Node.js,Tableau,Time Management,40,93,79,39,2,0,2,Data Analyst,62,Medium
AIML0441,Amrutha Singh,AIML,Final Year,B,Male,C,Oracle,None,Django,Excel,Problem Solving,72,36,55,59,4,3,2,AI/ML Engineer,79,Low
CIVIL0442,Sahithi Sharma,CIVIL,Final Year,E,Female,C,Oracle,Google Cloud,Node.js,NumPy,Teamwork,58,62,47,66,5,6,0,Business Analyst,84,Low
CSE0443,Sanjana Das,CSE,Final Year,H,Female,C++,Oracle,None,Node.js,NumPy,Communication,80,89,72,41,4,2,2,Software Developer,86,Low
EEE0444,Riya Singh,EEE,Final Year,C,Male,C++,MySQL,Google Cloud,HTML/CSS/JS,Tableau,Problem Solving,77,69,55,47,3,3,2,AI/ML Engineer,78,Low
ECE0445,Chaitanya Naidu,ECE,Final Year,H,Male,JavaScript,SQL Server,Azure,FastAPI,Tableau,Time Management,86,74,89,84,3,4,0,AI/ML Engineer,90,Low
EEE0446,Bhavana Patel,EEE,Final Year,D,Female,Java,MongoDB,None,FastAPI,Tableau,Communication,75,48,89,61,2,6,2,Web Developer,83,Low
EEE0447,Bhavana Patel,EEE,Final Year,C,Male,Python,PostgreSQL,Azure,React,Power BI,Teamwork,64,66,70,62,3,5,0,Data Analyst,77,Low
MECH0448,Akash Varma,MECH,Final Year,F,Male,C++,Oracle,Azure,React,Pandas,Communication,38,90,92,40,2,4,2,Business Analyst,71,Medium
AIDS0449,Divya Gupta,AIDS,Final Year,B,Female,Java,PostgreSQL,AWS,HTML/CSS/JS,NumPy,Communication,68,77,88,72,4,2,3,Software Developer,93,Low
CIVIL0450,Sanjay Kumar,CIVIL,Final Year,H,Female,JavaScript,SQL Server,Azure,FastAPI,Power BI,Leadership,41,46,48,52,3,3,2,Business Analyst,64,Medium
IT0451,Keerthi Kumar,IT,Final Year,A,Male,C++,Oracle,None,FastAPI,Power BI,Teamwork,91,85,94,44,2,3,2,Business Analyst,85,Low
EEE0452,Harsha Patel,EEE,Final Year,B,Male,C++,Oracle,None,Django,Tableau,Communication,69,90,50,89,3,3,0,Cyber Security Analyst,80,Low
MECH0453,Lakshmi Joshi,MECH,Final Year,G,Male,Java,PostgreSQL,None,Django,Pandas,Communication,52,90,40,87,3,3,3,Business Analyst,82,Low
ECE0454,Aditya Yadav,ECE,Final Year,C,Female,C++,Oracle,AWS,Django,Pandas,Time Management,81,87,70,82,2,3,0,Business Analyst,80,Low
ECE0455,Shreya Yadav,ECE,Final Year,G,Female,Python,SQL Server,Azure,Django,Tableau,Time Management,40,42,45,50,4,5,1,Business Analyst,68,Medium
AIML0456,Nandini Gupta,AIML,Final Year,D,Male,C,PostgreSQL,Google Cloud,Node.js,NumPy,Teamwork,86,53,47,40,3,2,1,Cyber Security Analyst,71,Medium
CSE0457,Harsha Rao,CSE,Final Year,B,Female,JavaScript,Oracle,Azure,React,Pandas,Leadership,51,79,89,45,0,3,3,AI/ML Engineer,64,Medium
ECE0458,Ishitha Patel,ECE,Final Year,H,Female,JavaScript,MySQL,AWS,HTML/CSS/JS,Pandas,Problem Solving,87,78,66,42,1,5,1,Data Analyst,74,Medium
ECE0459,Siva Singh,ECE,Final Year,D,Female,C,PostgreSQL,Azure,Django,Power BI,Problem Solving,46,61,85,44,0,2,2,Data Analyst,54,High
AIML0460,Amrutha Das,AIML,Final Year,A,Male,Python,MySQL,None,Node.js,Tableau,Problem Solving,78,48,80,59,5,3,2,Software Developer,91,Low
CIVIL0461,Meghana Rao,CIVIL,Final Year,A,Male,Java,SQL Server,Google Cloud,HTML/CSS/JS,NumPy,Communication,35,51,67,74,3,2,3,Web Developer,71,Medium
MECH0462,Krishna Kumar,MECH,Final Year,C,Female,Java,Oracle,None,Django,Pandas,Leadership,40,55,80,68,3,1,2,Software Developer,69,Medium
MECH0463,Arjun Das,MECH,Final Year,H,Male,C++,SQL Server,Google Cloud,Django,NumPy,Teamwork,68,55,62,92,1,2,3,Business Analyst,74,Medium
EEE0464,Pranav Naidu,EEE,Final Year,H,Female,Java,MySQL,Azure,Node.js,Excel,Problem Solving,51,45,80,64,3,0,3,Software Developer,71,Medium
AIML0465,Srikanth Gupta,AIML,Final Year,D,Male,Python,PostgreSQL,AWS,Django,Excel,Leadership,90,53,46,88,1,5,2,AI/ML Engineer,80,Low
ECE0466,Amrutha Naidu,ECE,Final Year,C,Male,C,MySQL,Azure,FastAPI,Excel,Teamwork,36,53,78,78,0,3,2,AI/ML Engineer,58,Medium
IT0467,Aditya Yadav,IT,Final Year,E,Female,C,SQL Server,None,Django,NumPy,Communication,56,37,76,74,3,2,1,Data Analyst,71,Medium
CSE0468,Deepika Rao,CSE,Final Year,G,Female,Python,Oracle,None,React,Pandas,Teamwork,46,50,84,90,3,0,0,Business Analyst,67,Medium
MECH0469,Meghana Das,MECH,Final Year,D,Female,Java,MySQL,Google Cloud,FastAPI,Pandas,Teamwork,92,78,73,43,2,5,0,Business Analyst,79,Low
AIML0470,Sneha Varma,AIML,Final Year,B,Male,C,SQL Server,Google Cloud,HTML/CSS/JS,NumPy,Problem Solving,40,83,62,86,2,4,1,Cyber Security Analyst,72,Medium
CIVIL0471,Arjun Rao,CIVIL,Final Year,E,Male,C,PostgreSQL,Azure,FastAPI,NumPy,Time Management,40,53,64,62,0,6,3,Cloud Engineer,63,Medium
AIDS0472,Venkatesh Gupta,AIDS,Final Year,E,Female,C++,Oracle,AWS,HTML/CSS/JS,Excel,Communication,67,41,67,62,3,0,3,Web Developer,73,Medium
MECH0473,Keerthi Naidu,MECH,Final Year,H,Female,JavaScript,MySQL,AWS,React,Pandas,Leadership,85,46,88,60,0,0,3,Web Developer,67,Medium
MECH0474,Naveen Reddy,MECH,Final Year,A,Male,C++,PostgreSQL,Azure,Node.js,Excel,Time Management,51,90,78,41,3,4,0,Software Developer,72,Medium
AIML0475,Anjali Rao,AIML,Final Year,A,Male,C,SQL Server,None,Django,NumPy,Time Management,58,79,78,79,5,3,2,Software Developer,94,Low
IT0476,Keerthi Singh,IT,Final Year,C,Female,Python,PostgreSQL,AWS,Node.js,Pandas,Leadership,76,50,62,88,5,6,1,Software Developer,97,Low
AIDS0477,Sanjana Varma,AIDS,Final Year,A,Female,Python,MySQL,Azure,Node.js,Pandas,Problem Solving,65,36,90,63,4,1,1,Cloud Engineer,76,Low
CSE0478,Sanjay Joshi,CSE,Final Year,H,Male,Python,SQL Server,None,FastAPI,NumPy,Time Management,81,70,53,37,3,3,3,AI/ML Engineer,80,Low
CSE0479,Siva Yadav,CSE,Final Year,F,Female,JavaScript,MySQL,None,HTML/CSS/JS,Tableau,Time Management,39,52,92,76,3,3,0,Cyber Security Analyst,70,Medium
AIDS0480,Varun Yadav,AIDS,Final Year,H,Male,Python,PostgreSQL,Google Cloud,Node.js,Pandas,Teamwork,63,49,67,49,4,5,2,AI/ML Engineer,82,Low
MECH0481,Charan Sharma,MECH,Final Year,C,Female,C,SQL Server,Google Cloud,FastAPI,Power BI,Time Management,48,53,79,82,0,5,3,Data Analyst,70,Medium
IT0482,Riya Kumar,IT,Final Year,B,Female,C,SQL Server,Google Cloud,Node.js,Power BI,Time Management,38,36,57,91,2,2,1,Data Analyst,61,Medium
AIDS0483,Sai Patel,AIDS,Final Year,C,Male,Python,Oracle,Azure,React,NumPy,Leadership,66,51,56,85,2,6,0,Business Analyst,75,Low
CSE0484,Sneha Reddy,CSE,Final Year,D,Female,C,SQL Server,AWS,React,NumPy,Time Management,85,89,95,41,4,0,0,Data Analyst,81,Low
ECE0485,Aarav Sharma,ECE,Final Year,H,Female,C++,SQL Server,None,React,Power BI,Teamwork,56,87,43,42,1,3,3,Business Analyst,65,Medium
MECH0486,Dhanush Rao,MECH,Final Year,G,Female,JavaScript,PostgreSQL,AWS,Django,Tableau,Problem Solving,58,75,77,50,1,6,3,Business Analyst,76,Low
AIDS0487,Krishna Varma,AIDS,Final Year,C,Female,C,Oracle,Google Cloud,React,Pandas,Leadership,84,35,80,86,4,0,0,Cloud Engineer,80,Low
CSE0488,Krishna Naidu,CSE,Final Year,A,Female,C,MySQL,Azure,HTML/CSS/JS,Excel,Time Management,53,61,60,91,5,5,2,Web Developer,93,Low
ECE0489,Akhil Kumar,ECE,Final Year,F,Female,C,SQL Server,Azure,HTML/CSS/JS,NumPy,Time Management,76,63,79,57,5,3,1,Cloud Engineer,90,Low
ECE0490,Sahithi Gupta,ECE,Final Year,E,Male,JavaScript,Oracle,Google Cloud,Node.js,Excel,Time Management,70,54,68,56,5,1,0,Software Developer,78,Low
MECH0491,Keerthi Gupta,MECH,Final Year,A,Female,C,Oracle,AWS,React,Tableau,Teamwork,75,67,57,42,0,6,0,Cyber Security Analyst,61,Medium
CIVIL0492,Nandini Das,CIVIL,Final Year,D,Male,Java,Oracle,Azure,Django,Tableau,Teamwork,77,85,87,80,4,5,1,Web Developer,98,Low
CIVIL0493,Pooja Rao,CIVIL,Final Year,H,Male,JavaScript,Oracle,Azure,Django,Pandas,Communication,44,80,62,88,3,0,0,Software Developer,67,Medium
AIML0494,Tejaswi Singh,AIML,Final Year,G,Male,Python,MongoDB,None,HTML/CSS/JS,NumPy,Time Management,84,60,90,51,4,3,3,Cyber Security Analyst,93,Low
ECE0495,Bhavana Das,ECE,Final Year,F,Male,JavaScript,PostgreSQL,None,FastAPI,Power BI,Time Management,90,68,42,79,1,3,3,Software Developer,79,Low
AIDS0496,Rakesh Kumar,AIDS,Final Year,C,Male,Python,MySQL,Google Cloud,HTML/CSS/JS,Tableau,Communication,68,44,42,58,2,2,2,Cloud Engineer,65,Medium
AIDS0497,Rahul Gupta,AIDS,Final Year,E,Female,Python,MongoDB,Google Cloud,Node.js,Power BI,Problem Solving,35,42,70,57,0,6,0,Cyber Security Analyst,51,High
CIVIL0498,Siva Yadav,CIVIL,Final Year,G,Female,C,SQL Server,Azure,Node.js,NumPy,Problem Solving,83,63,77,63,1,6,2,Software Developer,82,Low
EEE0499,Sowmya Reddy,EEE,Final Year,B,Male,C,MongoDB,AWS,FastAPI,Tableau,Communication,90,45,80,36,4,5,2,AI/ML Engineer,89,Low
CSE0500,Deepika Sharma,CSE,Final Year,H,Male,JavaScript,Oracle,Azure,FastAPI,NumPy,Communication,42,77,94,69,1,0,2,Business Analyst,63,Medium
CIVIL0501,Akhil Reddy,CIVIL,Final Year,B,Male,C,Oracle,AWS,FastAPI,Excel,Teamwork,62,46,61,36,4,2,3,Cloud Engineer,75,Low
MECH0502,Aadhya Joshi,MECH,Final Year,A,Female,Java,PostgreSQL,Google Cloud,React,Power BI,Teamwork,95,61,78,45,0,4,2,Data Analyst,72,Medium
AIDS0503,Shreya Gupta,AIDS,Final Year,D,Female,Python,MongoDB,Azure,FastAPI,Tableau,Teamwork,59,95,87,92,0,0,1,Data Analyst,66,Medium
AIDS0504,Ishitha Das,AIDS,Final Year,B,Male,Python,MongoDB,AWS,Django,Pandas,Time Management,61,39,65,36,3,5,1,Software Developer,69,Medium
ECE0505,Pooja Das,ECE,Final Year,H,Male,C++,Oracle,None,FastAPI,Excel,Time Management,48,85,44,58,4,1,1,AI/ML Engineer,70,Medium
CSE0506,Sneha Sharma,CSE,Final Year,E,Male,C,Oracle,Google Cloud,Node.js,Excel,Communication,94,93,65,52,4,2,3,Cloud Engineer,95,Low
ECE0507,Deepika Gupta,ECE,Final Year,F,Female,JavaScript,Oracle,AWS,Django,Excel,Problem Solving,79,42,88,43,5,4,2,Cyber Security Analyst,91,Low
MECH0508,Rahul Kumar,MECH,Final Year,A,Male,C,MongoDB,Azure,Django,Tableau,Leadership,64,73,56,36,5,1,0,AI/ML Engineer,73,Medium
AIDS0509,Nandini Gupta,AIDS,Final Year,F,Female,JavaScript,SQL Server,None,HTML/CSS/JS,Excel,Communication,69,36,92,88,5,3,0,Cloud Engineer,88,Low
ECE0510,Akhil Gupta,ECE,Final Year,E,Male,Python,MySQL,None,Django,Power BI,Problem Solving,35,49,82,36,2,5,2,Data Analyst,63,Medium
EEE0511,Ishitha Gupta,EEE,Final Year,H,Male,C,MongoDB,AWS,Django,Pandas,Time Management,48,35,47,87,5,3,0,Business Analyst,75,Low
EEE0512,Venkatesh Patel,EEE,Final Year,D,Male,JavaScript,Oracle,Azure,React,NumPy,Leadership,82,39,43,51,4,6,1,AI/ML Engineer,82,Low
MECH0513,Meghana Das,MECH,Final Year,A,Male,JavaScript,SQL Server,AWS,FastAPI,Excel,Teamwork,62,89,61,52,0,5,3,Cyber Security Analyst,70,Medium
CSE0514,Dhanush Joshi,CSE,Final Year,G,Male,C++,SQL Server,None,Django,Excel,Problem Solving,47,56,40,91,4,6,0,Web Developer,79,Low
EEE0515,Harsha Sharma,EEE,Final Year,B,Female,Java,PostgreSQL,Google Cloud,Django,Excel,Communication,36,65,62,86,0,4,2,Business Analyst,61,Medium
EEE0516,Ananya Reddy,EEE,Final Year,A,Male,C++,MySQL,Google Cloud,HTML/CSS/JS,Power BI,Communication,84,73,74,63,0,5,3,AI/ML Engineer,79,Low
AIDS0517,Aditya Patel,AIDS,Final Year,G,Female,C++,MySQL,Azure,React,Pandas,Communication,54,74,75,62,0,0,0,AI/ML Engineer,51,High
IT0518,Sowmya Yadav,IT,Final Year,A,Female,JavaScript,SQL Server,Azure,HTML/CSS/JS,NumPy,Communication,64,59,64,85,3,4,0,Cloud Engineer,78,Low
CIVIL0519,Riya Patel,CIVIL,Final Year,F,Female,JavaScript,PostgreSQL,AWS,React,Excel,Time Management,80,39,72,85,1,4,1,Web Developer,74,Medium
AIML0520,Sanjay Das,AIML,Final Year,C,Male,JavaScript,SQL Server,Azure,Node.js,Power BI,Communication,38,43,54,72,3,4,2,Cloud Engineer,69,Medium
AIML0521,Sai Kumar,AIML,Final Year,G,Female,C++,Oracle,Google Cloud,Django,Tableau,Communication,68,72,77,78,1,0,1,AI/ML Engineer,66,Medium
EEE0522,Keerthi Varma,EEE,Final Year,F,Male,Java,PostgreSQL,AWS,Django,Power BI,Problem Solving,79,79,64,73,5,2,2,AI/ML Engineer,95,Low
IT0523,Lakshmi Joshi,IT,Final Year,G,Male,C,MySQL,None,Node.js,Excel,Leadership,79,49,64,74,1,1,3,Web Developer,71,Medium
AIDS0524,Sanjay Naidu,AIDS,Final Year,A,Male,Java,MySQL,Google Cloud,React,Excel,Teamwork,36,70,42,44,2,3,1,Web Developer,55,Medium
EEE0525,Harsha Reddy,EEE,Final Year,A,Male,Java,MongoDB,Azure,Node.js,Tableau,Leadership,56,89,70,50,1,1,0,Data Analyst,58,Medium
AIDS0526,Akash Reddy,AIDS,Final Year,C,Male,Python,MongoDB,Azure,Django,Pandas,Leadership,58,86,58,77,1,4,3,Web Developer,76,Low
EEE0527,Sahithi Patel,EEE,Final Year,C,Female,Java,Oracle,None,Django,Tableau,Time Management,62,75,50,93,0,6,1,Business Analyst,71,Medium
EEE0528,Riya Varma,EEE,Final Year,F,Female,Python,MongoDB,Azure,HTML/CSS/JS,NumPy,Problem Solving,48,81,40,85,3,6,0,Data Analyst,77,Low
AIML0529,Dhanush Sharma,AIML,Final Year,H,Male,Java,MongoDB,Google Cloud,HTML/CSS/JS,Pandas,Problem Solving,65,52,72,60,5,6,0,Data Analyst,87,Low
AIDS0530,Akhil Patel,AIDS,Final Year,H,Female,Java,MongoDB,None,FastAPI,NumPy,Leadership,94,88,58,51,4,0,1,Business Analyst,83,Low
EEE0531,Ishitha Varma,EEE,Final Year,A,Male,JavaScript,MySQL,None,HTML/CSS/JS,NumPy,Teamwork,62,63,64,62,3,2,3,Cloud Engineer,78,Low
AIML0532,Amrutha Reddy,AIML,Final Year,B,Female,Java,MongoDB,AWS,Django,Excel,Teamwork,88,67,67,69,5,0,2,Data Analyst,91,Low
CSE0533,Varun Gupta,CSE,Final Year,C,Female,JavaScript,PostgreSQL,Google Cloud,Node.js,Tableau,Teamwork,54,82,87,84,5,6,2,Data Analyst,100,Low
CSE0534,Naveen Sharma,CSE,Final Year,D,Male,C++,MongoDB,Google Cloud,FastAPI,Pandas,Time Management,83,76,35,65,5,4,1,Business Analyst,91,Low
AIML0535,Pranav Das,AIML,Final Year,A,Female,Java,Oracle,None,FastAPI,Tableau,Communication,55,89,47,62,5,3,1,Cyber Security Analyst,83,Low
ECE0536,Tejaswi Das,ECE,Final Year,E,Female,JavaScript,PostgreSQL,Google Cloud,React,Pandas,Teamwork,56,49,61,62,5,6,3,Business Analyst,92,Low
CSE0537,Deepika Varma,CSE,Final Year,B,Female,JavaScript,MySQL,Azure,Node.js,Tableau,Time Management,75,86,73,93,4,4,3,Cyber Security Analyst,100,Low
EEE0538,Tejaswi Gupta,EEE,Final Year,H,Male,C,MySQL,Google Cloud,HTML/CSS/JS,Pandas,Teamwork,40,45,41,78,4,1,0,Business Analyst,62,Medium
ECE0539,Aarav Rao,ECE,Final Year,F,Female,Java,MySQL,None,Django,Power BI,Leadership,53,77,68,39,3,0,2,AI/ML Engineer,66,Medium
AIDS0540,Pooja Joshi,AIDS,Final Year,H,Male,Java,MySQL,Azure,HTML/CSS/JS,Pandas,Problem Solving,82,39,59,92,1,1,1,Cloud Engineer,68,Medium
MECH0541,Lakshmi Gupta,MECH,Final Year,H,Female,JavaScript,PostgreSQL,None,Django,Power BI,Communication,44,63,39,87,3,4,1,AI/ML Engineer,72,Medium
AIML0542,Divya Rao,AIML,Final Year,G,Female,JavaScript,MySQL,AWS,Django,Pandas,Teamwork,79,88,80,85,2,3,1,Cyber Security Analyst,85,Low
AIDS0543,Akash Joshi,AIDS,Final Year,D,Female,Java,Oracle,AWS,FastAPI,Excel,Leadership,91,90,45,52,5,4,2,Web Developer,97,Low
AIDS0544,Riya Kumar,AIDS,Final Year,H,Male,JavaScript,MySQL,Google Cloud,React,Excel,Time Management,84,84,55,61,3,1,2,Data Analyst,81,Low
IT0545,Priya Singh,IT,Final Year,H,Male,C,SQL Server,Google Cloud,FastAPI,Power BI,Problem Solving,37,35,51,42,5,1,2,Web Developer,65,Medium
IT0546,Karthik Reddy,IT,Final Year,G,Male,JavaScript,PostgreSQL,None,Node.js,Pandas,Teamwork,88,45,45,88,0,4,0,Data Analyst,66,Medium
IT0547,Tejaswi Kumar,IT,Final Year,B,Female,Python,MongoDB,Azure,FastAPI,Tableau,Leadership,48,80,37,92,5,4,1,Cyber Security Analyst,86,Low
MECH0548,Neha Kumar,MECH,Final Year,A,Female,C,MySQL,AWS,React,Pandas,Leadership,94,50,58,93,1,1,0,Software Developer,70,Medium
EEE0549,Deepika Das,EEE,Final Year,G,Female,Python,PostgreSQL,AWS,Node.js,Power BI,Communication,61,67,41,87,2,2,1,AI/ML Engineer,69,Medium
IT0550,Dhanush Reddy,IT,Final Year,E,Female,Java,PostgreSQL,AWS,Django,Tableau,Leadership,35,60,76,55,0,3,1,Cyber Security Analyst,51,High
CSE0551,Shreya Naidu,CSE,Final Year,G,Male,Python,PostgreSQL,None,Django,NumPy,Problem Solving,41,80,69,85,4,1,2,Software Developer,80,Low
CIVIL0552,Sanjay Joshi,CIVIL,Final Year,A,Male,Java,MongoDB,None,React,Tableau,Communication,73,93,72,63,3,4,1,AI/ML Engineer,85,Low
CSE0553,Arjun Varma,CSE,Final Year,D,Male,JavaScript,MySQL,Google Cloud,Node.js,Pandas,Leadership,74,40,38,43,2,3,2,Data Analyst,64,Medium
EEE0554,Karthik Kumar,EEE,Final Year,D,Female,JavaScript,SQL Server,Google Cloud,Node.js,Tableau,Teamwork,76,85,83,37,4,6,3,Web Developer,96,Low
CIVIL0555,Rakesh Reddy,CIVIL,Final Year,D,Male,Java,PostgreSQL,AWS,Node.js,Power BI,Time Management,90,59,68,55,1,3,0,Software Developer,68,Medium
ECE0556,Venkatesh Singh,ECE,Final Year,E,Male,Java,PostgreSQL,AWS,Node.js,NumPy,Time Management,88,85,94,48,1,4,0,Cyber Security Analyst,76,Low
EEE0557,Meghana Varma,EEE,Final Year,G,Male,Java,SQL Server,Azure,HTML/CSS/JS,Power BI,Teamwork,53,71,63,75,1,2,3,Software Developer,69,Medium
AIML0558,Sahithi Rao,AIML,Final Year,C,Female,C,SQL Server,None,Node.js,Pandas,Communication,83,59,62,89,0,6,2,AI/ML Engineer,79,Low
AIDS0559,Arjun Sharma,AIDS,Final Year,A,Male,C,MongoDB,None,Django,Pandas,Time Management,73,65,39,56,1,5,3,Data Analyst,73,Medium
CIVIL0560,Nandini Gupta,CIVIL,Final Year,C,Male,C,SQL Server,None,FastAPI,Tableau,Problem Solving,66,54,76,72,0,3,0,Software Developer,60,Medium
AIDS0561,Meghana Yadav,AIDS,Final Year,A,Male,C++,MongoDB,None,Django,Excel,Problem Solving,94,62,82,50,1,3,0,Business Analyst,71,Medium
MECH0562,Akhil Yadav,MECH,Final Year,G,Female,JavaScript,SQL Server,Azure,Django,Power BI,Time Management,72,95,77,88,1,0,0,Business Analyst,70,Medium
IT0563,Neha Joshi,IT,Final Year,B,Male,JavaScript,PostgreSQL,None,Node.js,Pandas,Teamwork,79,54,67,69,5,3,2,Web Developer,93,Low
CIVIL0564,Neha Yadav,CIVIL,Final Year,E,Female,Java,MongoDB,Azure,FastAPI,Tableau,Communication,45,87,66,35,0,0,3,AI/ML Engineer,52,High
ECE0565,Chaitanya Kumar,ECE,Final Year,C,Male,Java,MongoDB,Azure,Node.js,Power BI,Problem Solving,46,67,95,42,3,4,1,Data Analyst,72,Medium
MECH0566,Divya Singh,MECH,Final Year,H,Male,C,SQL Server,AWS,Node.js,Excel,Teamwork,40,59,42,52,0,2,0,AI/ML Engineer,42,High
CSE0567,Rahul Naidu,CSE,Final Year,G,Female,Python,MongoDB,AWS,HTML/CSS/JS,Excel,Communication,48,68,85,35,3,4,2,Cyber Security Analyst,73,Medium
CIVIL0568,Priya Joshi,CIVIL,Final Year,G,Male,C++,MongoDB,Azure,Django,Pandas,Problem Solving,74,38,57,90,2,6,0,Software Developer,76,Low
CSE0569,Chaitanya Kumar,CSE,Final Year,F,Male,JavaScript,MySQL,Google Cloud,Node.js,Tableau,Problem Solving,74,78,77,90,3,4,3,Web Developer,95,Low
CIVIL0570,Srikanth Joshi,CIVIL,Final Year,B,Female,Python,MongoDB,None,Node.js,NumPy,Problem Solving,60,82,74,85,0,2,3,Cyber Security Analyst,71,Medium
MECH0571,Pranav Reddy,MECH,Final Year,H,Male,JavaScript,PostgreSQL,Azure,HTML/CSS/JS,NumPy,Time Management,37,43,66,85,0,2,3,Data Analyst,57,Medium
EEE0572,Venkatesh Patel,EEE,Final Year,H,Male,Java,PostgreSQL,AWS,React,Pandas,Communication,45,94,94,55,3,6,2,Data Analyst,86,Low
ECE0573,Venkatesh Varma,ECE,Final Year,G,Male,JavaScript,SQL Server,AWS,Django,Power BI,Time Management,84,94,73,39,5,2,3,Web Developer,96,Low
EEE0574,Meghana Rao,EEE,Final Year,F,Female,C++,MySQL,Google Cloud,React,Excel,Communication,56,82,72,94,1,5,0,AI/ML Engineer,74,Medium
CSE0575,Naveen Kumar,CSE,Final Year,H,Female,C++,MySQL,Azure,FastAPI,Pandas,Teamwork,84,58,86,78,1,4,1,Software Developer,78,Low
ECE0576,Riya Joshi,ECE,Final Year,B,Female,C++,PostgreSQL,None,FastAPI,Power BI,Time Management,53,44,82,77,5,0,2,Cloud Engineer,81,Low
AIML0577,Aditya Rao,AIML,Final Year,H,Female,Java,SQL Server,Google Cloud,FastAPI,Excel,Teamwork,44,87,80,48,5,6,1,Web Developer,88,Low
MECH0578,Tejaswi Sharma,MECH,Final Year,G,Male,Java,MySQL,None,Django,Pandas,Problem Solving,57,83,60,60,0,4,2,Cloud Engineer,65,Medium
ECE0579,Deepika Joshi,ECE,Final Year,D,Male,C++,Oracle,AWS,Django,Pandas,Leadership,71,43,63,79,3,2,1,Data Analyst,75,Low
CIVIL0580,Riya Yadav,CIVIL,Final Year,F,Female,JavaScript,MySQL,Azure,FastAPI,Pandas,Leadership,94,38,41,57,3,1,0,Software Developer,68,Medium
ECE0581,Tejaswi Yadav,ECE,Final Year,B,Female,C,PostgreSQL,AWS,React,Power BI,Problem Solving,66,54,79,73,1,5,3,Business Analyst,78,Low
AIDS0582,Sanjay Gupta,AIDS,Final Year,H,Female,C++,SQL Server,Google Cloud,React,Excel,Communication,40,42,66,76,5,4,1,Software Developer,79,Low
IT0583,Tejaswi Kumar,IT,Final Year,G,Female,JavaScript,PostgreSQL,None,FastAPI,Pandas,Teamwork,71,43,41,55,0,5,1,Cyber Security Analyst,58,Medium
IT0584,Krishna Reddy,IT,Final Year,A,Male,JavaScript,Oracle,AWS,Node.js,Excel,Leadership,90,73,79,46,0,4,3,Business Analyst,76,Low
EEE0585,Keerthi Kumar,EEE,Final Year,E,Female,Java,MySQL,Google Cloud,React,Excel,Communication,67,54,58,69,1,3,0,Data Analyst,62,Medium
ECE0586,Abhinav Sharma,ECE,Final Year,C,Female,JavaScript,SQL Server,Google Cloud,HTML/CSS/JS,Tableau,Time Management,69,67,48,79,0,5,0,Data Analyst,64,Medium
EEE0587,Nandini Yadav,EEE,Final Year,C,Female,Java,Oracle,Azure,HTML/CSS/JS,Tableau,Teamwork,43,81,74,62,0,4,2,Cloud Engineer,63,Medium
AIML0588,Meghana Gupta,AIML,Final Year,C,Female,Python,MongoDB,None,Node.js,NumPy,Leadership,39,75,81,52,5,5,1,Web Developer,84,Low
ECE0589,Lakshmi Yadav,ECE,Final Year,B,Female,C++,SQL Server,None,React,NumPy,Leadership,39,52,42,69,0,5,3,Software Developer,59,Medium
CIVIL0590,Rohit Joshi,CIVIL,Final Year,E,Female,C++,PostgreSQL,Azure,Django,Excel,Communication,59,49,59,95,0,6,0,Data Analyst,65,Medium
IT0591,Manoj Joshi,IT,Final Year,G,Female,JavaScript,MongoDB,Google Cloud,HTML/CSS/JS,Tableau,Time Management,41,92,38,45,2,6,3,Data Analyst,72,Medium
ECE0592,Divya Yadav,ECE,Final Year,G,Female,C++,MySQL,Azure,Node.js,Power BI,Problem Solving,71,82,52,38,5,5,2,Web Developer,90,Low
ECE0593,Sneha Reddy,ECE,Final Year,E,Female,C,MongoDB,None,HTML/CSS/JS,Tableau,Teamwork,95,62,68,95,5,6,1,Cloud Engineer,100,Low
CIVIL0594,Aarav Varma,CIVIL,Final Year,C,Female,Python,MySQL,AWS,Node.js,Excel,Leadership,71,38,40,82,2,4,3,Business Analyst,76,Low
AIML0595,Sahithi Joshi,AIML,Final Year,F,Male,JavaScript,Oracle,AWS,FastAPI,Excel,Time Management,47,93,88,82,0,5,3,Web Developer,77,Low
CSE0596,Rakesh Varma,CSE,Final Year,C,Female,JavaScript,SQL Server,Azure,HTML/CSS/JS,Power BI,Leadership,39,58,88,43,4,2,0,Cyber Security Analyst,66,Medium
IT0597,Keerthi Yadav,IT,Final Year,A,Female,C++,PostgreSQL,AWS,Django,Tableau,Problem Solving,53,51,48,35,5,5,3,Data Analyst,82,Low
AIML0598,Manoj Kumar,AIML,Final Year,B,Female,Python,MongoDB,AWS,HTML/CSS/JS,Pandas,Teamwork,54,57,41,35,2,5,1,Cyber Security Analyst,61,Medium
AIML0599,Meghana Patel,AIML,Final Year,F,Female,Java,MySQL,Azure,FastAPI,Excel,Problem Solving,35,44,84,77,2,1,3,Cyber Security Analyst,66,Medium
ECE0600,Chaitanya Patel,ECE,Final Year,A,Male,JavaScript,MongoDB,AWS,FastAPI,Pandas,Leadership,43,57,82,62,0,2,1,Software Developer,53,High
AIDS0601,Swathi Joshi,AIDS,Final Year,C,Female,C,MongoDB,AWS,Node.js,Power BI,Problem Solving,77,52,42,61,3,4,3,Business Analyst,81,Low
AIDS0602,Swathi Naidu,AIDS,Final Year,G,Male,JavaScript,SQL Server,Azure,React,Excel,Communication,43,44,57,67,0,6,1,Software Developer,56,Medium
AIDS0603,Ananya Patel,AIDS,Final Year,D,Female,C,MongoDB,Google Cloud,FastAPI,Excel,Problem Solving,50,74,44,81,4,1,1,Cloud Engineer,74,Medium
EEE0604,Pooja Kumar,EEE,Final Year,D,Male,C,MySQL,Azure,Node.js,NumPy,Leadership,49,42,43,60,0,2,1,Data Analyst,46,High
CSE0605,Ananya Patel,CSE,Final Year,F,Female,C,SQL Server,Google Cloud,Node.js,Power BI,Teamwork,62,65,38,67,3,5,0,Cloud Engineer,72,Medium
CIVIL0606,Ishitha Gupta,CIVIL,Final Year,B,Female,C,PostgreSQL,Google Cloud,React,Power BI,Communication,35,38,77,82,2,1,2,Cyber Security Analyst,62,Medium
ECE0607,Meghana Joshi,ECE,Final Year,F,Female,C++,SQL Server,Google Cloud,Django,Tableau,Communication,41,77,35,78,4,6,1,Cloud Engineer,80,Low
EEE0608,Varun Singh,EEE,Final Year,B,Male,C++,PostgreSQL,None,React,Excel,Leadership,75,82,73,42,0,4,1,Data Analyst,65,Medium
CIVIL0609,Pranav Yadav,CIVIL,Final Year,B,Female,C++,SQL Server,Azure,HTML/CSS/JS,Power BI,Communication,43,47,61,70,5,2,2,Cloud Engineer,78,Low
IT0610,Naveen Singh,IT,Final Year,B,Male,C,SQL Server,AWS,Node.js,NumPy,Teamwork,79,43,53,37,4,0,1,Web Developer,68,Medium
AIML0611,Riya Singh,AIML,Final Year,E,Female,JavaScript,SQL Server,None,FastAPI,NumPy,Teamwork,48,46,35,45,4,1,0,Business Analyst,58,Medium
EEE0612,Ishitha Kumar,EEE,Final Year,D,Male,C++,MongoDB,AWS,Node.js,Power BI,Communication,69,50,53,37,5,1,2,Data Analyst,77,Low
IT0613,Sneha Kumar,IT,Final Year,F,Male,Python,MongoDB,Google Cloud,Django,Excel,Time Management,51,81,43,61,4,2,2,Software Developer,76,Low
MECH0614,Pranav Sharma,MECH,Final Year,F,Female,Java,MongoDB,AWS,HTML/CSS/JS,NumPy,Communication,81,82,79,59,5,2,1,Business Analyst,92,Low
EEE0615,Charan Rao,EEE,Final Year,D,Female,JavaScript,SQL Server,Azure,FastAPI,Power BI,Problem Solving,58,44,92,65,0,3,1,Cyber Security Analyst,60,Medium
ECE0616,Priya Yadav,ECE,Final Year,G,Male,C++,MySQL,Google Cloud,Node.js,Power BI,Problem Solving,78,73,47,39,1,0,3,Data Analyst,63,Medium
ECE0617,Akhil Patel,ECE,Final Year,C,Male,Python,Oracle,AWS,FastAPI,Pandas,Communication,42,87,35,83,5,0,1,Data Analyst,76,Low
CSE0618,Lakshmi Singh,CSE,Final Year,C,Male,Python,Oracle,Google Cloud,React,Power BI,Leadership,65,83,71,92,3,6,1,Cloud Engineer,91,Low
CSE0619,Aadhya Sharma,CSE,Final Year,G,Female,JavaScript,MongoDB,AWS,React,Excel,Communication,69,53,41,67,3,1,0,Data Analyst,65,Medium
ECE0620,Lakshmi Reddy,ECE,Final Year,F,Male,C++,MongoDB,Azure,FastAPI,Excel,Problem Solving,45,42,49,41,2,2,0,AI/ML Engineer,49,High
CSE0621,Karthik Naidu,CSE,Final Year,B,Female,JavaScript,PostgreSQL,Azure,FastAPI,NumPy,Teamwork,73,46,78,62,1,5,2,AI/ML Engineer,74,Medium
AIML0622,Akash Reddy,AIML,Final Year,G,Female,C++,MongoDB,AWS,React,Power BI,Leadership,55,44,59,63,5,6,3,Business Analyst,91,Low
ECE0623,Sowmya Sharma,ECE,Final Year,G,Female,Python,MongoDB,Azure,Node.js,Pandas,Teamwork,55,66,62,65,5,3,2,Data Analyst,86,Low
AIML0624,Akhil Sharma,AIML,Final Year,F,Male,JavaScript,Oracle,None,HTML/CSS/JS,NumPy,Leadership,59,40,72,80,3,4,1,Web Developer,76,Low
EEE0625,Sai Varma,EEE,Final Year,D,Male,Python,MongoDB,None,Node.js,Excel,Communication,93,57,58,89,1,2,3,Data Analyst,81,Low
EEE0626,Shreya Rao,EEE,Final Year,A,Male,Python,PostgreSQL,AWS,Node.js,Pandas,Communication,79,62,58,38,5,0,0,Cyber Security Analyst,74,Medium
CIVIL0627,Rohit Joshi,CIVIL,Final Year,E,Female,Java,MySQL,Azure,React,Excel,Time Management,88,87,61,44,1,3,1,Web Developer,71,Medium
AIDS0628,Bhavana Kumar,AIDS,Final Year,G,Female,C++,SQL Server,AWS,Django,Excel,Leadership,38,91,76,37,4,6,1,AI/ML Engineer,79,Low
AIML0629,Siva Kumar,AIML,Final Year,D,Female,JavaScript,MongoDB,Google Cloud,Node.js,Pandas,Leadership,52,40,68,59,1,5,1,Cyber Security Analyst,62,Medium
ECE0630,Meghana Yadav,ECE,Final Year,G,Male,JavaScript,Oracle,AWS,FastAPI,Pandas,Teamwork,76,76,60,87,3,1,0,Business Analyst,78,Low
MECH0631,Shreya Kumar,MECH,Final Year,E,Male,Python,MySQL,AWS,Django,NumPy,Teamwork,36,50,53,45,4,0,0,Data Analyst,55,Medium
EEE0632,Keerthi Kumar,EEE,Final Year,F,Female,Python,PostgreSQL,Google Cloud,React,NumPy,Time Management,37,71,85,65,0,0,2,Software Developer,54,High
AIDS0633,Arjun Kumar,AIDS,Final Year,G,Female,JavaScript,PostgreSQL,Google Cloud,FastAPI,Tableau,Leadership,79,78,41,56,3,5,0,AI/ML Engineer,78,Low
CSE0634,Varun Rao,CSE,Final Year,F,Female,C++,PostgreSQL,Azure,FastAPI,Excel,Communication,95,80,49,91,1,6,1,Business Analyst,86,Low
ECE0635,Shreya Reddy,ECE,Final Year,C,Female,C++,MongoDB,Google Cloud,HTML/CSS/JS,Pandas,Communication,92,80,84,78,3,1,1,AI/ML Engineer,88,Low
IT0636,Sanjana Naidu,IT,Final Year,F,Male,Python,PostgreSQL,Google Cloud,HTML/CSS/JS,Excel,Problem Solving,41,64,55,45,2,1,0,Cloud Engineer,51,High
IT0637,Meghana Patel,IT,Final Year,G,Female,Java,SQL Server,Google Cloud,FastAPI,Tableau,Problem Solving,76,94,43,95,0,4,3,Software Developer,79,Low
ECE0638,Divya Joshi,ECE,Final Year,A,Male,C,MongoDB,Google Cloud,Django,Excel,Problem Solving,67,63,51,91,5,0,0,Web Developer,80,Low
IT0639,Priya Yadav,IT,Final Year,H,Male,C++,SQL Server,Azure,HTML/CSS/JS,Pandas,Communication,49,59,90,64,5,0,2,Cyber Security Analyst,81,Low
IT0640,Rahul Reddy,IT,Final Year,E,Female,Java,MySQL,None,FastAPI,Power BI,Problem Solving,56,39,55,56,4,3,1,Web Developer,71,Medium
CSE0641,Pooja Singh,CSE,Final Year,D,Male,JavaScript,PostgreSQL,None,Node.js,Power BI,Teamwork,71,37,73,84,3,0,2,Business Analyst,76,Low
EEE0642,Neha Das,EEE,Final Year,D,Female,Python,SQL Server,Google Cloud,Django,Power BI,Communication,44,39,52,60,0,2,3,Business Analyst,52,High
ECE0643,Pooja Naidu,ECE,Final Year,G,Male,Python,MySQL,None,Django,Tableau,Leadership,47,57,95,61,3,3,1,Web Developer,73,Medium
EEE0644,Swathi Varma,EEE,Final Year,E,Male,Python,Oracle,Azure,Django,Tableau,Communication,44,92,64,94,1,3,2,Software Developer,72,Medium
AIML0645,Manoj Sharma,AIML,Final Year,D,Male,Java,SQL Server,AWS,React,Power BI,Leadership,61,79,69,84,1,4,3,Data Analyst,79,Low
CIVIL0646,Sahithi Varma,CIVIL,Final Year,F,Male,C++,MySQL,Google Cloud,Django,NumPy,Communication,79,66,76,64,3,3,2,Cloud Engineer,85,Low
ECE0647,Karthik Joshi,ECE,Final Year,B,Male,C,SQL Server,Google Cloud,Node.js,NumPy,Time Management,45,69,62,59,2,6,3,Web Developer,76,Low
IT0648,Karthik Varma,IT,Final Year,D,Male,Python,MySQL,None,React,Pandas,Time Management,94,69,41,75,3,4,0,Web Developer,83,Low
AIML0649,Meghana Sharma,AIML,Final Year,E,Female,JavaScript,SQL Server,AWS,Node.js,Pandas,Communication,57,85,93,64,3,6,3,Software Developer,93,Low
MECH0650,Bhavana Gupta,MECH,Final Year,G,Male,C++,SQL Server,Azure,React,Pandas,Communication,35,36,44,85,2,6,2,Cloud Engineer,68,Medium
AIDS0651,Rohit Rao,AIDS,Final Year,G,Male,Java,Oracle,None,React,NumPy,Problem Solving,43,95,75,59,5,1,3,Cloud Engineer,86,Low
IT0652,Aadhya Varma,IT,Final Year,A,Male,Java,Oracle,AWS,HTML/CSS/JS,Pandas,Teamwork,88,70,45,95,2,1,0,Software Developer,75,Low
CSE0653,Divya Yadav,CSE,Final Year,D,Female,JavaScript,Oracle,AWS,HTML/CSS/JS,Pandas,Communication,82,81,43,64,5,5,2,Data Analyst,97,Low
EEE0654,Priya Gupta,EEE,Final Year,B,Male,JavaScript,PostgreSQL,None,Django,Excel,Teamwork,40,94,44,75,0,5,0,Software Developer,58,Medium
ECE0655,Aadhya Varma,ECE,Final Year,B,Female,C++,MongoDB,Azure,React,Excel,Problem Solving,89,58,93,88,1,3,0,Cyber Security Analyst,78,Low
IT0656,Lakshmi Naidu,IT,Final Year,H,Male,Java,SQL Server,None,Django,Pandas,Leadership,46,54,35,92,1,5,0,Software Developer,61,Medium
ECE0657,Deepika Kumar,ECE,Final Year,F,Male,JavaScript,MongoDB,AWS,Node.js,NumPy,Communication,69,36,68,67,1,1,2,Software Developer,63,Medium
EEE0658,Rakesh Varma,EEE,Final Year,G,Male,Python,PostgreSQL,Google Cloud,Django,Pandas,Leadership,40,57,80,70,5,2,3,Web Developer,85,Low
MECH0659,Rakesh Varma,MECH,Final Year,H,Female,Java,PostgreSQL,Google Cloud,FastAPI,Excel,Time Management,85,84,72,54,1,6,1,Web Developer,80,Low
MECH0660,Bhavana Kumar,MECH,Final Year,E,Female,C++,Oracle,AWS,HTML/CSS/JS,Pandas,Problem Solving,47,71,57,58,5,6,0,Cyber Security Analyst,82,Low
MECH0661,Deepika Yadav,MECH,Final Year,F,Female,JavaScript,Oracle,Google Cloud,FastAPI,Excel,Communication,46,86,55,62,1,2,1,Software Developer,59,Medium
ECE0662,Karthik Gupta,ECE,Final Year,D,Male,C++,MySQL,AWS,Django,Excel,Teamwork,48,64,71,85,2,1,0,Cyber Security Analyst,64,Medium
IT0663,Abhinav Patel,IT,Final Year,G,Male,JavaScript,MongoDB,AWS,HTML/CSS/JS,Pandas,Problem Solving,55,87,55,47,1,0,3,Cyber Security Analyst,61,Medium
IT0664,Karthik Rao,IT,Final Year,G,Male,C,PostgreSQL,Google Cloud,HTML/CSS/JS,Pandas,Leadership,71,36,53,36,5,6,0,Cyber Security Analyst,79,Low
CSE0665,Krishna Singh,CSE,Final Year,A,Female,C++,MySQL,AWS,FastAPI,Excel,Problem Solving,81,54,52,55,2,3,0,AI/ML Engineer,67,Medium
MECH0666,Tejaswi Joshi,MECH,Final Year,G,Male,C,SQL Server,AWS,Django,NumPy,Communication,36,49,38,87,0,1,0,Cloud Engineer,43,High
ECE0667,Harsha Naidu,ECE,Final Year,G,Female,Python,PostgreSQL,Google Cloud,HTML/CSS/JS,Excel,Communication,51,91,85,37,0,0,2,Software Developer,55,Medium
ECE0668,Ananya Das,ECE,Final Year,D,Female,Java,Oracle,None,React,Power BI,Teamwork,90,44,83,72,3,5,3,Web Developer,94,Low
AIML0669,Sowmya Joshi,AIML,Final Year,D,Male,C++,MongoDB,None,Node.js,Excel,Teamwork,84,53,80,40,2,4,1,Web Developer,74,Medium
IT0670,Sanjay Das,IT,Final Year,F,Female,C,MySQL,Azure,React,Power BI,Problem Solving,87,59,47,66,0,2,1,Business Analyst,62,Medium
AIML0671,Akash Patel,AIML,Final Year,G,Male,Java,Oracle,AWS,Node.js,Power BI,Teamwork,59,63,90,74,4,1,3,Data Analyst,86,Low
MECH0672,Srikanth Das,MECH,Final Year,H,Female,JavaScript,MySQL,Azure,FastAPI,Excel,Communication,50,36,92,64,1,2,0,Cyber Security Analyst,56,Medium
MECH0673,Ishitha Naidu,MECH,Final Year,B,Male,Python,Oracle,AWS,Django,Pandas,Leadership,44,60,67,62,4,2,0,Cyber Security Analyst,69,Medium
AIDS0674,Swathi Kumar,AIDS,Final Year,D,Male,C,PostgreSQL,Google Cloud,Node.js,Pandas,Leadership,73,52,68,73,3,4,3,Software Developer,86,Low
EEE0675,Naveen Reddy,EEE,Final Year,D,Female,Python,MySQL,AWS,HTML/CSS/JS,Tableau,Leadership,39,69,41,52,1,4,3,Cyber Security Analyst,61,Medium
AIML0676,Keerthi Joshi,AIML,Final Year,D,Male,Java,PostgreSQL,Azure,Django,Tableau,Time Management,53,81,35,41,1,4,3,Web Developer,64,Medium
CIVIL0677,Akash Rao,CIVIL,Final Year,A,Female,Python,PostgreSQL,Azure,Django,Pandas,Leadership,35,77,65,62,2,0,1,Cloud Engineer,57,Medium
AIML0678,Riya Rao,AIML,Final Year,C,Male,JavaScript,MySQL,None,Node.js,Pandas,Communication,37,87,36,71,5,2,1,AI/ML Engineer,76,Low
IT0679,Manoj Patel,IT,Final Year,F,Female,C++,MongoDB,None,FastAPI,Tableau,Time Management,51,77,66,51,2,3,0,Business Analyst,63,Medium
IT0680,Deepika Joshi,IT,Final Year,B,Male,C++,Oracle,AWS,Node.js,Pandas,Leadership,77,44,57,66,0,1,3,Cloud Engineer,62,Medium
AIDS0681,Keerthi Sharma,AIDS,Final Year,A,Female,Python,MongoDB,None,HTML/CSS/JS,Power BI,Teamwork,93,78,57,91,2,3,3,Cloud Engineer,91,Low
IT0682,Karthik Gupta,IT,Final Year,C,Female,C,SQL Server,Google Cloud,Django,Excel,Communication,66,94,78,44,3,5,1,AI/ML Engineer,82,Low
AIML0683,Aarav Varma,AIML,Final Year,F,Male,C++,MySQL,Google Cloud,React,Pandas,Communication,48,53,87,72,0,0,3,Cloud Engineer,59,Medium
CSE0684,Sanjay Reddy,CSE,Final Year,E,Male,C++,PostgreSQL,Google Cloud,Django,NumPy,Time Management,44,40,80,52,1,5,1,Cyber Security Analyst,60,Medium
CSE0685,Sanjana Varma,CSE,Final Year,F,Male,C,MongoDB,Azure,FastAPI,Pandas,Problem Solving,92,41,92,51,2,4,2,Data Analyst,82,Low
EEE0686,Pooja Reddy,EEE,Final Year,C,Female,C++,PostgreSQL,None,HTML/CSS/JS,Power BI,Teamwork,54,40,54,71,5,3,1,Cyber Security Analyst,78,Low
CIVIL0687,Anjali Gupta,CIVIL,Final Year,E,Male,JavaScript,MongoDB,None,Django,Pandas,Problem Solving,61,61,64,36,4,0,3,Software Developer,73,Medium
CIVIL0688,Aditya Patel,CIVIL,Final Year,B,Female,Java,Oracle,Google Cloud,React,Pandas,Leadership,60,77,35,64,4,3,0,Software Developer,74,Medium
IT0689,Deepika Das,IT,Final Year,C,Female,C++,Oracle,None,Django,Excel,Communication,82,72,78,67,5,5,0,Web Developer,96,Low
ECE0690,Ananya Das,ECE,Final Year,B,Male,Java,PostgreSQL,Google Cloud,Django,Excel,Problem Solving,74,79,47,42,0,0,1,AI/ML Engineer,52,High
EEE0691,Divya Das,EEE,Final Year,E,Female,Python,SQL Server,AWS,HTML/CSS/JS,Pandas,Problem Solving,38,94,42,54,3,3,1,Business Analyst,67,Medium
IT0692,Karthik Patel,IT,Final Year,B,Female,C,PostgreSQL,AWS,Node.js,Power BI,Leadership,45,67,82,79,4,1,3,Cyber Security Analyst,83,Low
CIVIL0693,Nandini Kumar,CIVIL,Final Year,E,Male,C++,SQL Server,None,React,Pandas,Problem Solving,87,62,44,36,2,3,0,AI/ML Engineer,65,Medium
AIML0694,Rohit Varma,AIML,Final Year,B,Male,Python,MongoDB,Azure,FastAPI,Pandas,Teamwork,35,45,57,67,4,1,2,Web Developer,67,Medium
ECE0695,Rahul Gupta,ECE,Final Year,C,Female,C++,Oracle,Google Cloud,FastAPI,Power BI,Teamwork,85,83,77,54,3,0,3,Cyber Security Analyst,84,Low
ECE0696,Srikanth Reddy,ECE,Final Year,H,Female,C++,Oracle,Google Cloud,HTML/CSS/JS,NumPy,Problem Solving,39,37,36,89,5,1,1,Software Developer,70,Medium
CIVIL0697,Akash Singh,CIVIL,Final Year,F,Male,Java,PostgreSQL,AWS,Node.js,Pandas,Problem Solving,94,39,38,74,2,0,0,Business Analyst,65,Medium
ECE0698,Chaitanya Joshi,ECE,Final Year,C,Female,C++,MySQL,None,FastAPI,Power BI,Time Management,70,47,47,51,3,3,2,Data Analyst,72,Medium
EEE0699,Sahithi Reddy,EEE,Final Year,F,Male,Python,Oracle,AWS,React,Power BI,Communication,86,43,92,35,2,6,3,AI/ML Engineer,84,Low
AIML0700,Pooja Yadav,AIML,Final Year,G,Male,Java,PostgreSQL,None,HTML/CSS/JS,Tableau,Teamwork,74,92,70,89,1,6,0,Cyber Security Analyst,81,Low
IT0701,Karthik Patel,IT,Final Year,G,Female,Java,Oracle,Google Cloud,React,Excel,Problem Solving,49,38,73,69,2,0,1,Business Analyst,58,Medium
IT0702,Aditya Das,IT,Final Year,B,Female,Java,MongoDB,AWS,HTML/CSS/JS,NumPy,Leadership,89,68,94,74,4,2,3,AI/ML Engineer,99,Low
MECH0703,Srikanth Kumar,MECH,Final Year,D,Female,Python,MySQL,Google Cloud,FastAPI,Tableau,Leadership,56,91,83,38,1,1,2,Business Analyst,64,Medium
IT0704,Ishitha Joshi,IT,Final Year,A,Male,JavaScript,Oracle,AWS,Django,Excel,Problem Solving,73,82,74,94,0,4,3,Data Analyst,81,Low
CSE0705,Chaitanya Das,CSE,Final Year,G,Male,C,Oracle,Azure,Django,Pandas,Problem Solving,54,85,89,91,1,0,0,Software Developer,66,Medium
AIML0706,Chaitanya Naidu,AIML,Final Year,G,Male,Python,SQL Server,None,Node.js,Pandas,Problem Solving,70,43,42,63,0,4,2,Cloud Engineer,60,Medium
EEE0707,Aditya Rao,EEE,Final Year,H,Male,Java,MySQL,AWS,Node.js,Pandas,Time Management,71,37,86,35,5,1,0,Software Developer,74,Medium
MECH0708,Harsha Das,MECH,Final Year,D,Female,Python,MongoDB,Google Cloud,HTML/CSS/JS,Power BI,Teamwork,43,73,60,65,5,0,0,Software Developer,71,Medium
CIVIL0709,Manoj Varma,CIVIL,Final Year,H,Female,Java,SQL Server,Google Cloud,Django,NumPy,Teamwork,90,76,50,68,2,2,0,Software Developer,74,Medium
IT0710,Pranav Yadav,IT,Final Year,H,Male,Java,PostgreSQL,Azure,Django,NumPy,Leadership,42,58,81,87,1,0,1,Web Developer,59,Medium
CSE0711,Aadhya Varma,CSE,Final Year,G,Female,C,MySQL,Google Cloud,Django,NumPy,Problem Solving,54,87,40,38,2,6,3,Cyber Security Analyst,74,Medium
CSE0712,Shreya Naidu,CSE,Final Year,E,Male,Java,PostgreSQL,None,Node.js,Pandas,Time Management,38,77,54,37,4,6,2,Software Developer,76,Low
CSE0713,Sanjana Joshi,CSE,Final Year,E,Male,C++,Oracle,None,FastAPI,Excel,Communication,70,59,95,81,5,2,3,Cyber Security Analyst,98,Low
AIDS0714,Siva Patel,AIDS,Final Year,F,Female,C,PostgreSQL,Azure,React,Tableau,Teamwork,40,50,84,69,2,2,3,Software Developer,69,Medium
MECH0715,Aarav Singh,MECH,Final Year,A,Female,JavaScript,MySQL,AWS,Django,NumPy,Teamwork,88,51,89,46,3,3,0,Cyber Security Analyst,78,Low
AIML0716,Harsha Patel,AIML,Final Year,E,Female,JavaScript,PostgreSQL,None,React,NumPy,Communication,52,92,74,70,2,0,3,Data Analyst,74,Medium
ECE0717,Krishna Kumar,ECE,Final Year,D,Male,Java,PostgreSQL,Azure,HTML/CSS/JS,Excel,Leadership,42,76,37,46,5,4,3,AI/ML Engineer,81,Low
MECH0718,Akash Sharma,MECH,Final Year,D,Female,C++,MySQL,Google Cloud,HTML/CSS/JS,Excel,Time Management,50,57,41,39,4,3,0,AI/ML Engineer,64,Medium
CIVIL0719,Karthik Gupta,CIVIL,Final Year,A,Male,C,MySQL,None,Django,Power BI,Communication,55,73,85,58,2,3,2,Cyber Security Analyst,74,Medium
CIVIL0720,Nandini Gupta,CIVIL,Final Year,A,Male,Python,MongoDB,Azure,HTML/CSS/JS,Excel,Communication,73,48,86,55,4,5,2,Data Analyst,89,Low
AIDS0721,Rohit Kumar,AIDS,Final Year,H,Female,Python,MySQL,Azure,HTML/CSS/JS,NumPy,Time Management,75,70,81,61,4,5,0,Business Analyst,87,Low
CIVIL0722,Divya Singh,CIVIL,Final Year,G,Female,C++,PostgreSQL,Google Cloud,Node.js,Tableau,Leadership,86,84,58,49,3,2,0,Web Developer,76,Low
IT0723,Divya Varma,IT,Final Year,C,Female,C++,Oracle,AWS,Django,Pandas,Time Management,49,63,85,61,1,4,1,AI/ML Engineer,65,Medium
MECH0724,Priya Kumar,MECH,Final Year,C,Male,C++,MongoDB,AWS,React,Pandas,Problem Solving,67,44,71,66,5,6,1,Data Analyst,91,Low
AIDS0725,Rohit Varma,AIDS,Final Year,G,Female,C++,Oracle,None,React,Power BI,Communication,88,62,36,79,1,0,1,AI/ML Engineer,65,Medium
ECE0726,Abhinav Reddy,ECE,Final Year,F,Female,C,Oracle,Azure,Django,Excel,Teamwork,92,87,92,56,4,4,0,Web Developer,94,Low
AIDS0727,Sanjay Gupta,AIDS,Final Year,F,Female,C,SQL Server,Google Cloud,FastAPI,Power BI,Leadership,81,84,72,93,4,0,1,Software Developer,89,Low
AIDS0728,Sanjana Das,AIDS,Final Year,G,Female,C++,SQL Server,Azure,HTML/CSS/JS,NumPy,Teamwork,95,84,41,49,2,3,2,Software Developer,79,Low
CIVIL0729,Karthik Rao,CIVIL,Final Year,B,Female,C,MongoDB,Azure,Node.js,Excel,Leadership,62,68,52,71,4,2,0,Cloud Engineer,75,Low
MECH0730,Amrutha Sharma,MECH,Final Year,C,Male,C,SQL Server,Azure,Node.js,Tableau,Teamwork,73,83,41,94,1,5,2,Data Analyst,80,Low
CSE0731,Anjali Singh,CSE,Final Year,E,Male,JavaScript,Oracle,Azure,React,Pandas,Communication,58,48,53,95,4,3,3,AI/ML Engineer,87,Low
IT0732,Dhanush Joshi,IT,Final Year,B,Female,C,SQL Server,None,Django,Excel,Leadership,52,81,77,42,2,6,0,Web Developer,70,Medium
ECE0733,Rohit Naidu,ECE,Final Year,D,Male,JavaScript,MongoDB,Google Cloud,FastAPI,NumPy,Communication,80,79,55,92,0,3,0,Web Developer,68,Medium
CSE0734,Anjali Sharma,CSE,Final Year,B,Male,Java,PostgreSQL,None,Node.js,Power BI,Teamwork,65,44,66,87,1,5,3,Cloud Engineer,77,Low
CSE0735,Sanjay Sharma,CSE,Final Year,F,Female,C,MySQL,None,HTML/CSS/JS,NumPy,Leadership,80,46,37,61,5,2,3,Web Developer,87,Low
ECE0736,Karthik Varma,ECE,Final Year,H,Female,C++,PostgreSQL,Google Cloud,FastAPI,Pandas,Problem Solving,73,57,69,65,2,0,1,Software Developer,67,Medium
EEE0737,Rakesh Gupta,EEE,Final Year,G,Male,C,MySQL,Azure,FastAPI,Tableau,Communication,57,79,60,80,1,6,3,Business Analyst,80,Low
CSE0738,Pranav Varma,CSE,Final Year,G,Female,C++,MongoDB,Azure,FastAPI,Excel,Time Management,84,55,51,78,2,3,3,Business Analyst,82,Low
CSE0739,Sneha Reddy,CSE,Final Year,F,Male,C++,SQL Server,Azure,Django,Excel,Teamwork,63,61,49,71,1,4,1,Business Analyst,66,Medium
CSE0740,Sahithi Varma,CSE,Final Year,D,Female,Python,SQL Server,AWS,Django,Tableau,Time Management,39,76,38,68,1,2,1,Data Analyst,54,High
ECE0741,Naveen Singh,ECE,Final Year,A,Male,C++,MongoDB,None,Node.js,NumPy,Leadership,95,35,37,89,0,6,0,AI/ML Engineer,69,Medium
MECH0742,Ishitha Reddy,MECH,Final Year,B,Male,C++,MySQL,Azure,Node.js,Excel,Teamwork,82,42,87,85,3,5,3,Data Analyst,95,Low
AIDS0743,Riya Joshi,AIDS,Final Year,A,Female,Python,MySQL,Azure,React,NumPy,Problem Solving,47,88,73,89,2,6,2,Cyber Security Analyst,84,Low
MECH0744,Karthik Joshi,MECH,Final Year,D,Female,C,PostgreSQL,AWS,Django,NumPy,Problem Solving,59,53,62,40,1,3,2,Cyber Security Analyst,60,Medium
CSE0745,Sanjana Reddy,CSE,Final Year,E,Female,C,SQL Server,Google Cloud,HTML/CSS/JS,Excel,Problem Solving,49,71,36,60,1,3,2,Cyber Security Analyst,60,Medium
ECE0746,Venkatesh Gupta,ECE,Final Year,D,Male,Python,MySQL,Azure,Node.js,Pandas,Time Management,50,40,44,60,4,6,3,AI/ML Engineer,81,Low
AIML0747,Tejaswi Sharma,AIML,Final Year,H,Female,C++,SQL Server,Google Cloud,Django,Power BI,Communication,55,79,71,73,3,6,0,Cloud Engineer,81,Low
CIVIL0748,Anjali Kumar,CIVIL,Final Year,C,Male,Java,MongoDB,None,FastAPI,NumPy,Time Management,89,82,81,40,0,3,0,Cyber Security Analyst,65,Medium
ECE0749,Aarav Patel,ECE,Final Year,B,Female,Java,SQL Server,AWS,React,Pandas,Problem Solving,45,75,86,68,3,1,3,Cyber Security Analyst,77,Low
MECH0750,Siva Joshi,MECH,Final Year,F,Female,C++,Oracle,Google Cloud,HTML/CSS/JS,Tableau,Time Management,76,45,44,53,4,5,1,Business Analyst,80,Low
AIML0751,Rahul Reddy,AIML,Final Year,A,Female,C,PostgreSQL,Google Cloud,Node.js,Power BI,Time Management,80,88,65,35,2,3,1,Data Analyst,73,Medium
EEE0752,Sneha Kumar,EEE,Final Year,D,Female,Java,MySQL,None,Django,Excel,Communication,74,64,73,45,0,2,1,Cloud Engineer,59,Medium
MECH0753,Sanjay Rao,MECH,Final Year,B,Male,C,Oracle,Google Cloud,Django,NumPy,Problem Solving,94,51,70,69,5,5,1,Software Developer,98,Low
MECH0754,Siva Yadav,MECH,Final Year,H,Male,Java,MongoDB,AWS,Node.js,NumPy,Time Management,76,84,59,56,4,6,2,Business Analyst,93,Low
ECE0755,Anjali Das,ECE,Final Year,H,Female,Python,PostgreSQL,Azure,React,NumPy,Leadership,44,45,65,90,0,2,0,Software Developer,52,High
AIML0756,Rohit Naidu,AIML,Final Year,B,Male,C++,MongoDB,AWS,Node.js,NumPy,Problem Solving,59,84,59,80,3,2,2,Business Analyst,80,Low
ECE0757,Manoj Rao,ECE,Final Year,A,Female,C++,PostgreSQL,None,HTML/CSS/JS,Pandas,Problem Solving,79,85,51,78,0,4,3,Web Developer,77,Low
AIML0758,Meghana Das,AIML,Final Year,D,Male,C++,SQL Server,Azure,HTML/CSS/JS,NumPy,Leadership,59,58,46,94,5,0,1,Cyber Security Analyst,80,Low
MECH0759,Abhinav Joshi,MECH,Final Year,E,Female,C++,MySQL,Google Cloud,Django,NumPy,Communication,73,52,37,76,2,5,3,Cyber Security Analyst,79,Low
CSE0760,Meghana Kumar,CSE,Final Year,C,Male,JavaScript,MySQL,None,HTML/CSS/JS,Pandas,Problem Solving,46,65,82,90,5,6,0,Software Developer,91,Low
ECE0761,Siva Joshi,ECE,Final Year,A,Female,Python,SQL Server,AWS,React,Pandas,Communication,55,41,89,69,2,6,1,Web Developer,75,Low
CIVIL0762,Riya Rao,CIVIL,Final Year,E,Male,Java,Oracle,Google Cloud,HTML/CSS/JS,Excel,Problem Solving,61,88,77,77,0,0,1,Business Analyst,61,Medium
ECE0763,Manoj Reddy,ECE,Final Year,F,Female,C,MySQL,Google Cloud,HTML/CSS/JS,Power BI,Time Management,61,46,75,82,0,2,2,AI/ML Engineer,63,Medium
IT0764,Bhavana Kumar,IT,Final Year,D,Female,JavaScript,SQL Server,AWS,React,Excel,Leadership,81,40,46,55,4,5,0,Business Analyst,78,Low
AIML0765,Krishna Varma,AIML,Final Year,D,Male,Python,PostgreSQL,Google Cloud,Node.js,Power BI,Teamwork,38,59,80,53,1,2,1,AI/ML Engineer,55,Medium
MECH0766,Sneha Yadav,MECH,Final Year,C,Male,Java,PostgreSQL,Google Cloud,Django,Pandas,Teamwork,40,66,57,72,2,2,3,Business Analyst,68,Medium
AIDS0767,Riya Sharma,AIDS,Final Year,E,Male,Java,Oracle,Azure,FastAPI,Tableau,Teamwork,48,56,79,67,4,6,2,Software Developer,86,Low
AIML0768,Sanjay Kumar,AIML,Final Year,F,Male,C++,MySQL,AWS,HTML/CSS/JS,Power BI,Problem Solving,43,64,72,55,2,4,3,Web Developer,71,Medium
CIVIL0769,Sahithi Rao,CIVIL,Final Year,A,Female,Python,PostgreSQL,None,FastAPI,Tableau,Teamwork,76,92,41,46,2,2,1,Cyber Security Analyst,69,Medium
AIML0770,Abhinav Sharma,AIML,Final Year,B,Female,JavaScript,Oracle,None,FastAPI,Pandas,Leadership,51,81,58,73,2,3,3,Cloud Engineer,76,Low
AIDS0771,Anjali Rao,AIDS,Final Year,F,Male,C++,Oracle,None,HTML/CSS/JS,Excel,Leadership,67,45,94,54,4,5,1,AI/ML Engineer,85,Low
IT0772,Akhil Rao,IT,Final Year,D,Male,C++,PostgreSQL,Google Cloud,FastAPI,Pandas,Leadership,64,35,77,44,1,1,2,Cloud Engineer,58,Medium
AIDS0773,Deepika Singh,AIDS,Final Year,G,Female,Python,PostgreSQL,Azure,HTML/CSS/JS,Tableau,Communication,65,45,57,41,3,4,3,Web Developer,75,Low
EEE0774,Naveen Das,EEE,Final Year,B,Female,Python,SQL Server,Azure,Django,Power BI,Problem Solving,84,55,92,53,5,5,3,AI/ML Engineer,100,Low
AIML0775,Sowmya Sharma,AIML,Final Year,C,Female,JavaScript,MySQL,Azure,HTML/CSS/JS,Power BI,Leadership,58,58,56,67,0,4,3,Software Developer,65,Medium
EEE0776,Swathi Singh,EEE,Final Year,A,Female,Python,PostgreSQL,Google Cloud,FastAPI,Excel,Teamwork,59,76,46,62,1,2,2,Cyber Security Analyst,63,Medium
AIDS0777,Aarav Rao,AIDS,Final Year,F,Male,Java,PostgreSQL,None,HTML/CSS/JS,Excel,Problem Solving,86,40,57,78,5,0,3,Business Analyst,90,Low
AIDS0778,Meghana Singh,AIDS,Final Year,F,Female,C,MySQL,None,FastAPI,Pandas,Communication,54,62,51,82,5,0,3,AI/ML Engineer,84,Low
IT0779,Siva Joshi,IT,Final Year,H,Female,Java,SQL Server,None,React,Power BI,Communication,56,95,94,80,4,2,1,AI/ML Engineer,88,Low
CSE0780,Lakshmi Yadav,CSE,Final Year,E,Male,C,MongoDB,AWS,React,Pandas,Problem Solving,58,38,91,73,5,2,2,Cyber Security Analyst,86,Low
MECH0781,Abhinav Das,MECH,Final Year,G,Male,Java,MongoDB,Google Cloud,FastAPI,Excel,Problem Solving,55,54,75,37,4,0,2,Web Developer,69,Medium
ECE0782,Venkatesh Das,ECE,Final Year,H,Male,Python,Oracle,AWS,Node.js,Power BI,Problem Solving,62,92,52,57,3,5,1,Business Analyst,80,Low
IT0783,Naveen Kumar,IT,Final Year,C,Female,C++,MongoDB,AWS,Node.js,NumPy,Communication,59,67,81,40,2,5,2,Cyber Security Analyst,74,Medium
IT0784,Sanjana Singh,IT,Final Year,D,Female,C,MySQL,Azure,HTML/CSS/JS,Tableau,Teamwork,74,67,69,89,1,5,0,Cloud Engineer,75,Low
MECH0785,Neha Yadav,MECH,Final Year,C,Female,Java,MongoDB,AWS,HTML/CSS/JS,Pandas,Leadership,78,53,52,35,3,1,0,Business Analyst,63,Medium
MECH0786,Varun Gupta,MECH,Final Year,H,Female,C,Oracle,Google Cloud,React,Power BI,Leadership,36,80,55,49,0,4,2,Web Developer,55,Medium
CIVIL0787,Rakesh Sharma,CIVIL,Final Year,C,Female,JavaScript,SQL Server,None,HTML/CSS/JS,Excel,Teamwork,56,55,57,87,3,1,3,Business Analyst,77,Low
MECH0788,Krishna Singh,MECH,Final Year,H,Male,C,MySQL,AWS,FastAPI,NumPy,Teamwork,40,48,82,68,2,2,2,Business Analyst,65,Medium
ECE0789,Nandini Das,ECE,Final Year,C,Female,JavaScript,Oracle,Azure,HTML/CSS/JS,Tableau,Time Management,62,61,83,36,2,4,3,Data Analyst,74,Medium
IT0790,Deepika Varma,IT,Final Year,E,Female,Python,SQL Server,Azure,Node.js,Excel,Time Management,53,46,90,45,5,3,3,Cloud Engineer,85,Low
CIVIL0791,Karthik Kumar,CIVIL,Final Year,F,Female,Python,MongoDB,None,Node.js,Pandas,Problem Solving,83,64,53,87,3,1,1,Cyber Security Analyst,80,Low
ECE0792,Sanjana Joshi,ECE,Final Year,G,Male,Python,SQL Server,None,FastAPI,Pandas,Leadership,75,36,74,49,1,4,0,AI/ML Engineer,62,Medium
CIVIL0793,Riya Sharma,CIVIL,Final Year,C,Female,JavaScript,PostgreSQL,Azure,HTML/CSS/JS,Pandas,Communication,95,58,36,82,4,6,3,AI/ML Engineer,100,Low
CIVIL0794,Divya Yadav,CIVIL,Final Year,H,Male,Java,PostgreSQL,None,Node.js,Tableau,Leadership,53,39,92,36,1,4,3,Cyber Security Analyst,65,Medium
ECE0795,Swathi Varma,ECE,Final Year,H,Female,C,Oracle,AWS,HTML/CSS/JS,Tableau,Leadership,50,64,81,39,0,5,0,Web Developer,55,Medium
IT0796,Venkatesh Kumar,IT,Final Year,F,Female,C,MongoDB,AWS,HTML/CSS/JS,NumPy,Communication,63,65,87,81,0,2,3,Business Analyst,71,Medium
AIML0797,Lakshmi Rao,AIML,Final Year,D,Female,C,MySQL,AWS,Node.js,Tableau,Time Management,83,85,42,81,1,2,3,Web Developer,78,Low
EEE0798,Pranav Joshi,EEE,Final Year,E,Female,C++,MySQL,Google Cloud,React,Pandas,Problem Solving,83,50,83,51,2,2,3,Cloud Engineer,78,Low
CSE0799,Sneha Patel,CSE,Final Year,H,Female,Java,PostgreSQL,Google Cloud,React,Power BI,Teamwork,71,58,80,53,2,5,1,AI/ML Engineer,76,Low
MECH0800,Sanjay Kumar,MECH,Final Year,E,Female,Java,PostgreSQL,Azure,HTML/CSS/JS,Tableau,Problem Solving,51,75,49,36,1,4,2,Data Analyst,60,Medium
AIDS0801,Bhavana Das,AIDS,Final Year,H,Male,C,Oracle,Azure,Django,Power BI,Time Management,89,67,55,68,2,3,3,Web Developer,84,Low
AIML0802,Chaitanya Naidu,AIML,Final Year,H,Female,C,MySQL,AWS,Django,Power BI,Teamwork,48,49,44,52,4,6,0,Web Developer,71,Medium
CSE0803,Sahithi Joshi,CSE,Final Year,B,Male,JavaScript,PostgreSQL,Azure,Django,Excel,Problem Solving,75,41,95,56,4,0,2,AI/ML Engineer,80,Low
AIML0804,Abhinav Gupta,AIML,Final Year,E,Female,JavaScript,Oracle,Azure,Node.js,Tableau,Leadership,79,94,76,89,1,1,3,Data Analyst,83,Low
IT0805,Sahithi Kumar,IT,Final Year,F,Male,Java,MySQL,Azure,HTML/CSS/JS,Tableau,Communication,48,49,50,72,4,3,3,Software Developer,79,Low
EEE0806,Aarav Gupta,EEE,Final Year,G,Male,C,MySQL,None,React,Pandas,Leadership,41,69,72,48,4,3,2,AI/ML Engineer,75,Low
AIML0807,Karthik Yadav,AIML,Final Year,E,Female,Java,Oracle,None,React,Tableau,Problem Solving,73,52,66,75,1,2,3,AI/ML Engineer,73,Medium
EEE0808,Charan Reddy,EEE,Final Year,G,Female,C++,MongoDB,Google Cloud,FastAPI,Excel,Leadership,66,35,55,92,4,3,3,Data Analyst,87,Low
IT0809,Swathi Patel,IT,Final Year,D,Male,C,MongoDB,Azure,Node.js,Excel,Leadership,48,54,67,54,2,6,3,Software Developer,74,Medium
CIVIL0810,Venkatesh Patel,CIVIL,Final Year,D,Female,Java,PostgreSQL,None,Node.js,Power BI,Time Management,77,45,55,68,3,5,3,Business Analyst,86,Low
AIML0811,Neha Kumar,AIML,Final Year,G,Male,C++,MongoDB,Azure,Django,Tableau,Teamwork,88,82,55,63,2,3,3,Business Analyst,85,Low
AIDS0812,Krishna Varma,AIDS,Final Year,G,Female,C++,PostgreSQL,None,Django,Excel,Leadership,48,77,80,51,2,6,2,Software Developer,76,Low
EEE0813,Srikanth Varma,EEE,Final Year,H,Male,Java,Oracle,None,Django,Excel,Communication,50,45,55,81,3,5,3,Software Developer,80,Low
MECH0814,Rahul Rao,MECH,Final Year,B,Female,JavaScript,Oracle,None,React,Excel,Communication,75,56,52,69,2,3,2,Software Developer,74,Medium
AIDS0815,Rohit Patel,AIDS,Final Year,A,Male,Java,PostgreSQL,Google Cloud,HTML/CSS/JS,Power BI,Time Management,40,63,50,55,4,4,2,AI/ML Engineer,74,Medium
IT0816,Shreya Joshi,IT,Final Year,A,Male,C++,MongoDB,None,Node.js,Power BI,Teamwork,64,49,64,58,2,1,2,Cloud Engineer,66,Medium
IT0817,Riya Naidu,IT,Final Year,H,Female,C,SQL Server,None,FastAPI,Excel,Time Management,38,93,67,58,0,4,3,Software Developer,64,Medium
CIVIL0818,Sowmya Sharma,CIVIL,Final Year,B,Female,Python,MySQL,AWS,HTML/CSS/JS,Excel,Time Management,45,86,67,89,0,4,3,AI/ML Engineer,71,Medium
MECH0819,Naveen Gupta,MECH,Final Year,E,Male,C,SQL Server,Azure,Django,Excel,Leadership,76,71,56,64,4,6,3,Software Developer,96,Low
AIDS0820,Priya Yadav,AIDS,Final Year,D,Female,Python,MySQL,Azure,Django,Pandas,Leadership,51,89,49,72,5,6,2,AI/ML Engineer,93,Low
ECE0821,Manoj Reddy,ECE,Final Year,F,Female,Java,PostgreSQL,Azure,Django,Power BI,Communication,36,69,73,95,0,6,1,AI/ML Engineer,66,Medium
EEE0822,Ananya Varma,EEE,Final Year,A,Female,Java,PostgreSQL,Google Cloud,Node.js,Pandas,Teamwork,49,94,93,48,2,0,1,Cyber Security Analyst,65,Medium
EEE0823,Sanjay Joshi,EEE,Final Year,B,Male,C,MySQL,None,FastAPI,Pandas,Leadership,48,84,59,72,0,0,1,AI/ML Engineer,53,High
EEE0824,Ananya Singh,EEE,Final Year,A,Male,Python,SQL Server,Google Cloud,Django,Pandas,Leadership,48,40,86,67,2,3,2,AI/ML Engineer,69,Medium
AIDS0825,Akhil Yadav,AIDS,Final Year,G,Female,C,SQL Server,AWS,Django,Tableau,Teamwork,88,39,62,95,5,2,1,Web Developer,93,Low
CSE0826,Abhinav Kumar,CSE,Final Year,D,Female,C++,MongoDB,AWS,Node.js,Power BI,Leadership,71,35,43,68,1,1,3,Business Analyst,63,Medium
CIVIL0827,Bhavana Kumar,CIVIL,Final Year,H,Male,JavaScript,SQL Server,Azure,FastAPI,Power BI,Leadership,94,68,44,82,5,1,2,Software Developer,94,Low
MECH0828,Abhinav Das,MECH,Final Year,G,Male,C,MongoDB,Google Cloud,HTML/CSS/JS,Tableau,Communication,85,36,56,36,3,0,1,Cyber Security Analyst,64,Medium
ECE0829,Shreya Yadav,ECE,Final Year,A,Female,Python,MySQL,Google Cloud,Node.js,Excel,Problem Solving,39,42,65,64,3,6,3,Data Analyst,77,Low
AIML0830,Dhanush Das,AIML,Final Year,C,Male,C,MongoDB,Azure,Django,NumPy,Teamwork,74,77,80,41,3,3,1,Data Analyst,78,Low
EEE0831,Varun Singh,EEE,Final Year,E,Male,Python,MySQL,None,Django,NumPy,Communication,50,49,51,46,5,5,2,Cloud Engineer,80,Low
CIVIL0832,Abhinav Sharma,CIVIL,Final Year,C,Female,C,MongoDB,Azure,HTML/CSS/JS,Excel,Problem Solving,75,38,85,47,1,0,1,Web Developer,58,Medium
CIVIL0833,Siva Patel,CIVIL,Final Year,H,Male,Python,Oracle,None,FastAPI,Tableau,Leadership,75,90,87,71,3,3,1,Cyber Security Analyst,87,Low
MECH0834,Lakshmi Das,MECH,Final Year,E,Male,JavaScript,MongoDB,Google Cloud,Node.js,Tableau,Teamwork,86,90,66,84,4,3,0,Web Developer,92,Low
CIVIL0835,Manoj Patel,CIVIL,Final Year,H,Female,C,MySQL,Azure,React,Power BI,Problem Solving,88,42,42,70,5,2,1,Business Analyst,85,Low
IT0836,Shreya Rao,IT,Final Year,A,Female,JavaScript,PostgreSQL,None,HTML/CSS/JS,Power BI,Leadership,88,78,49,84,0,1,2,AI/ML Engineer,70,Medium
EEE0837,Siva Varma,EEE,Final Year,D,Female,JavaScript,PostgreSQL,Google Cloud,Node.js,Excel,Leadership,75,75,89,74,1,6,1,AI/ML Engineer,82,Low
CSE0838,Varun Das,CSE,Final Year,E,Male,C,MongoDB,None,HTML/CSS/JS,Pandas,Problem Solving,64,55,43,81,2,0,0,Cloud Engineer,60,Medium
IT0839,Neha Varma,IT,Final Year,D,Male,Python,SQL Server,Azure,Node.js,Pandas,Leadership,83,86,95,50,3,6,1,Web Developer,92,Low
CIVIL0840,Arjun Yadav,CIVIL,Final Year,E,Female,Python,PostgreSQL,Google Cloud,Node.js,Pandas,Communication,81,82,72,95,5,1,1,Cyber Security Analyst,96,Low
CSE0841,Siva Singh,CSE,Final Year,C,Male,Python,Oracle,Google Cloud,HTML/CSS/JS,Excel,Time Management,65,49,77,63,2,6,0,AI/ML Engineer,73,Medium
CIVIL0842,Karthik Sharma,CIVIL,Final Year,B,Male,C++,MySQL,None,Django,Excel,Problem Solving,62,72,45,91,5,5,3,Business Analyst,98,Low
CIVIL0843,Sneha Das,CIVIL,Final Year,F,Female,Java,SQL Server,None,FastAPI,Excel,Communication,90,84,52,88,5,5,2,Cloud Engineer,100,Low
MECH0844,Varun Singh,MECH,Final Year,G,Female,C++,MySQL,AWS,React,Pandas,Leadership,72,66,49,72,3,5,2,Software Developer,84,Low
CSE0845,Naveen Joshi,CSE,Final Year,A,Female,JavaScript,MySQL,AWS,HTML/CSS/JS,Excel,Communication,83,50,58,72,5,5,3,Business Analyst,100,Low
AIML0846,Neha Kumar,AIML,Final Year,H,Female,C,Oracle,AWS,FastAPI,Pandas,Communication,48,71,46,36,5,2,0,Cloud Engineer,68,Medium
CIVIL0847,Sai Das,CIVIL,Final Year,F,Female,C++,MongoDB,Azure,Django,Pandas,Communication,55,64,79,75,2,6,1,Data Analyst,78,Low
CIVIL0848,Venkatesh Reddy,CIVIL,Final Year,G,Female,Java,SQL Server,AWS,Django,Tableau,Time Management,69,82,86,88,1,2,2,Software Developer,78,Low
AIML0849,Krishna Kumar,AIML,Final Year,B,Male,Java,SQL Server,Azure,Django,Pandas,Teamwork,56,86,63,92,2,6,1,Data Analyst,83,Low
MECH0850,Shreya Yadav,MECH,Final Year,G,Female,JavaScript,Oracle,Google Cloud,HTML/CSS/JS,NumPy,Leadership,60,74,79,39,1,0,0,Web Developer,54,High
ECE0851,Dhanush Singh,ECE,Final Year,A,Male,C++,Oracle,Google Cloud,FastAPI,Power BI,Problem Solving,41,89,82,87,2,4,0,Cloud Engineer,73,Medium
ECE0852,Divya Kumar,ECE,Final Year,H,Female,C++,MySQL,None,Node.js,Power BI,Leadership,91,49,63,76,1,1,0,Cloud Engineer,66,Medium
AIDS0853,Meghana Patel,AIDS,Final Year,G,Female,JavaScript,Oracle,Azure,FastAPI,Power BI,Time Management,72,60,75,71,3,5,2,Web Developer,87,Low
CIVIL0854,Riya Joshi,CIVIL,Final Year,H,Female,Java,MongoDB,Google Cloud,React,Power BI,Teamwork,90,87,79,50,4,4,1,Software Developer,93,Low
IT0855,Sanjay Varma,IT,Final Year,B,Male,JavaScript,PostgreSQL,Google Cloud,HTML/CSS/JS,Power BI,Problem Solving,52,71,88,38,3,4,3,Cyber Security Analyst,79,Low
CSE0856,Aadhya Joshi,CSE,Final Year,H,Female,JavaScript,SQL Server,AWS,Django,Pandas,Leadership,39,78,57,39,5,2,2,Web Developer,75,Low
ECE0857,Sahithi Yadav,ECE,Final Year,F,Male,C,PostgreSQL,None,Django,NumPy,Teamwork,56,49,71,86,4,3,1,Business Analyst,81,Low
CSE0858,Charan Rao,CSE,Final Year,A,Female,C++,Oracle,AWS,React,NumPy,Communication,68,61,81,45,5,1,1,AI/ML Engineer,81,Low
IT0859,Amrutha Patel,IT,Final Year,F,Male,C++,MySQL,AWS,FastAPI,NumPy,Problem Solving,86,61,59,79,3,1,2,Data Analyst,83,Low
AIDS0860,Amrutha Das,AIDS,Final Year,E,Male,C++,SQL Server,AWS,Node.js,Tableau,Problem Solving,47,49,57,76,5,0,2,Cyber Security Analyst,76,Low
CSE0861,Sanjana Gupta,CSE,Final Year,F,Male,JavaScript,MySQL,Google Cloud,React,Power BI,Communication,68,35,35,55,3,2,0,Business Analyst,61,Medium
ECE0862,Charan Singh,ECE,Final Year,C,Male,Java,Oracle,None,Node.js,NumPy,Leadership,57,41,90,78,1,4,2,AI/ML Engineer,71,Medium
AIML0863,Rakesh Sharma,AIML,Final Year,C,Female,Python,Oracle,AWS,HTML/CSS/JS,Excel,Teamwork,94,53,41,57,5,1,1,Software Developer,84,Low
AIML0864,Naveen Kumar,AIML,Final Year,F,Male,JavaScript,SQL Server,None,React,NumPy,Communication,56,50,58,44,1,6,3,Data Analyst,68,Medium
AIML0865,Krishna Rao,AIML,Final Year,H,Male,JavaScript,MySQL,AWS,Django,NumPy,Time Management,71,79,69,68,3,6,1,Cloud Engineer,87,Low
MECH0866,Rakesh Patel,MECH,Final Year,A,Male,C,SQL Server,None,FastAPI,Excel,Problem Solving,36,66,41,55,4,3,3,Cloud Engineer,73,Medium
EEE0867,Swathi Varma,EEE,Final Year,C,Female,Python,MongoDB,Azure,Django,Excel,Time Management,36,38,54,59,1,2,0,Business Analyst,45,High
CSE0868,Nandini Sharma,CSE,Final Year,B,Female,Java,MySQL,None,Node.js,Power BI,Teamwork,39,80,48,66,1,4,0,Software Developer,57,Medium
CSE0869,Srikanth Patel,CSE,Final Year,G,Female,Java,MongoDB,Azure,FastAPI,Power BI,Teamwork,93,88,60,37,1,1,1,AI/ML Engineer,68,Medium
EEE0870,Tejaswi Varma,EEE,Final Year,A,Female,C++,SQL Server,AWS,FastAPI,Pandas,Problem Solving,52,88,92,47,3,2,0,Web Developer,71,Medium
ECE0871,Varun Joshi,ECE,Final Year,G,Female,Java,MySQL,AWS,React,Power BI,Problem Solving,39,46,69,55,1,5,2,Web Developer,61,Medium
MECH0872,Anjali Das,MECH,Final Year,A,Female,C++,Oracle,Google Cloud,React,Excel,Problem Solving,87,91,91,47,0,4,3,Data Analyst,80,Low
AIML0873,Meghana Singh,AIML,Final Year,C,Female,Python,MySQL,Azure,React,Pandas,Leadership,40,83,79,86,0,1,3,AI/ML Engineer,64,Medium
CSE0874,Chaitanya Yadav,CSE,Final Year,A,Female,JavaScript,PostgreSQL,Azure,Django,Excel,Time Management,35,95,44,56,2,1,2,Cyber Security Analyst,61,Medium
AIDS0875,Divya Gupta,AIDS,Final Year,E,Male,Java,MongoDB,AWS,Node.js,Power BI,Leadership,56,77,81,63,0,6,3,Software Developer,74,Medium
ECE0876,Abhinav Rao,ECE,Final Year,B,Male,JavaScript,MongoDB,AWS,React,Excel,Problem Solving,68,69,36,74,5,1,2,Cloud Engineer,84,Low
CSE0877,Sowmya Singh,CSE,Final Year,G,Female,C,MySQL,AWS,FastAPI,NumPy,Communication,89,49,83,75,0,4,0,Software Developer,70,Medium
AIDS0878,Arjun Patel,AIDS,Final Year,C,Female,C,PostgreSQL,None,HTML/CSS/JS,Tableau,Teamwork,75,64,65,93,1,3,2,Data Analyst,77,Low
MECH0879,Anjali Yadav,MECH,Final Year,F,Male,Java,MongoDB,AWS,FastAPI,Tableau,Leadership,37,64,61,80,4,6,1,Cyber Security Analyst,81,Low
AIDS0880,Rohit Sharma,AIDS,Final Year,D,Male,C,SQL Server,None,FastAPI,Pandas,Problem Solving,64,58,56,55,5,3,1,Web Developer,81,Low
EEE0881,Sahithi Yadav,EEE,Final Year,H,Female,JavaScript,PostgreSQL,Google Cloud,FastAPI,NumPy,Problem Solving,58,76,54,48,3,1,3,Software Developer,72,Medium
AIDS0882,Tejaswi Sharma,AIDS,Final Year,G,Male,Python,PostgreSQL,Azure,Django,NumPy,Leadership,77,59,94,68,3,1,3,Software Developer,86,Low
MECH0883,Siva Gupta,MECH,Final Year,A,Male,JavaScript,PostgreSQL,None,HTML/CSS/JS,Power BI,Leadership,61,55,64,50,5,1,3,Cloud Engineer,82,Low
IT0884,Keerthi Reddy,IT,Final Year,F,Female,Python,MySQL,AWS,React,Tableau,Communication,55,94,92,57,1,5,1,Data Analyst,74,Medium
AIML0885,Sahithi Gupta,AIML,Final Year,G,Male,C,MongoDB,Azure,Django,Tableau,Communication,86,70,45,92,1,1,3,Software Developer,77,Low
AIML0886,Bhavana Kumar,AIML,Final Year,F,Female,C++,PostgreSQL,AWS,Node.js,Pandas,Communication,83,37,43,91,3,3,3,Cyber Security Analyst,85,Low
ECE0887,Naveen Rao,ECE,Final Year,B,Male,C,MySQL,None,HTML/CSS/JS,Tableau,Teamwork,40,91,58,39,1,1,2,Web Developer,55,Medium
CIVIL0888,Riya Patel,CIVIL,Final Year,A,Female,C++,MySQL,Google Cloud,HTML/CSS/JS,Pandas,Communication,74,92,72,61,1,2,2,Data Analyst,74,Medium
CIVIL0889,Akhil Naidu,CIVIL,Final Year,A,Male,Java,MySQL,Azure,Django,Tableau,Problem Solving,62,56,37,52,5,6,3,Web Developer,89,Low
CSE0890,Meghana Das,CSE,Final Year,G,Female,JavaScript,MySQL,Google Cloud,FastAPI,Power BI,Problem Solving,59,59,37,79,5,2,3,Cloud Engineer,86,Low
CIVIL0891,Srikanth Naidu,CIVIL,Final Year,B,Male,Java,MongoDB,Google Cloud,HTML/CSS/JS,Power BI,Problem Solving,53,52,40,93,3,5,0,Business Analyst,73,Medium
ECE0892,Venkatesh Kumar,ECE,Final Year,F,Male,Python,PostgreSQL,AWS,Node.js,Tableau,Communication,44,71,86,50,0,6,0,Software Developer,59,Medium
ECE0893,Varun Reddy,ECE,Final Year,A,Female,JavaScript,SQL Server,Google Cloud,React,NumPy,Communication,38,80,43,47,5,0,1,Software Developer,67,Medium
EEE0894,Karthik Joshi,EEE,Final Year,A,Female,Java,MySQL,AWS,FastAPI,Tableau,Time Management,47,65,87,47,5,3,1,Cyber Security Analyst,80,Low
ECE0895,Akash Sharma,ECE,Final Year,C,Female,JavaScript,MySQL,AWS,Node.js,Power BI,Teamwork,44,91,69,71,1,5,0,Web Developer,66,Medium
EEE0896,Divya Das,EEE,Final Year,A,Female,Java,SQL Server,Google Cloud,HTML/CSS/JS,Pandas,Time Management,75,53,48,62,2,6,2,Web Developer,78,Low
MECH0897,Swathi Reddy,MECH,Final Year,F,Female,Java,MySQL,AWS,React,Pandas,Teamwork,92,81,38,74,3,0,3,Software Developer,84,Low
IT0898,Sanjay Rao,IT,Final Year,A,Female,JavaScript,MongoDB,Google Cloud,FastAPI,Tableau,Problem Solving,58,66,54,83,3,2,1,Data Analyst,74,Medium
AIDS0899,Anjali Naidu,AIDS,Final Year,G,Male,C,SQL Server,Google Cloud,FastAPI,Pandas,Problem Solving,63,44,44,82,3,3,0,Business Analyst,70,Medium
AIDS0900,Ishitha Naidu,AIDS,Final Year,D,Male,C++,MySQL,None,Node.js,Power BI,Time Management,95,46,48,41,0,3,3,Data Analyst,66,Medium
AIML0901,Bhavana Singh,AIML,Final Year,A,Female,C,PostgreSQL,Google Cloud,HTML/CSS/JS,Tableau,Leadership,47,66,73,81,3,3,3,Business Analyst,81,Low
IT0902,Keerthi Yadav,IT,Final Year,C,Female,Python,MongoDB,None,HTML/CSS/JS,Tableau,Leadership,50,68,95,66,1,3,3,Software Developer,73,Medium
MECH0903,Sanjana Singh,MECH,Final Year,B,Male,JavaScript,SQL Server,AWS,HTML/CSS/JS,Power BI,Time Management,53,56,81,58,5,6,1,Cloud Engineer,88,Low
AIML0904,Lakshmi Gupta,AIML,Final Year,F,Male,C++,SQL Server,Azure,Node.js,Tableau,Leadership,93,90,92,55,5,3,2,AI/ML Engineer,100,Low
ECE0905,Riya Reddy,ECE,Final Year,G,Male,C++,Oracle,Azure,HTML/CSS/JS,NumPy,Leadership,87,87,50,66,4,3,0,Cloud Engineer,86,Low
CIVIL0906,Arjun Naidu,CIVIL,Final Year,A,Female,Python,Oracle,None,FastAPI,NumPy,Teamwork,39,63,59,84,1,6,2,Web Developer,70,Medium
EEE0907,Sahithi Sharma,EEE,Final Year,D,Male,Java,MySQL,Google Cloud,Django,NumPy,Problem Solving,70,44,85,52,2,3,2,AI/ML Engineer,73,Medium
MECH0908,Karthik Kumar,MECH,Final Year,A,Female,Python,PostgreSQL,Google Cloud,Node.js,Pandas,Problem Solving,79,87,89,35,2,2,1,Data Analyst,74,Medium
IT0909,Ishitha Sharma,IT,Final Year,H,Female,C++,SQL Server,Azure,FastAPI,Pandas,Time Management,45,73,63,83,2,0,2,Cyber Security Analyst,66,Medium
ECE0910,Venkatesh Varma,ECE,Final Year,A,Female,JavaScript,PostgreSQL,Google Cloud,React,Excel,Communication,90,55,70,65,2,1,2,Business Analyst,77,Low
CIVIL0911,Varun Joshi,CIVIL,Final Year,C,Female,C,PostgreSQL,Google Cloud,HTML/CSS/JS,Excel,Teamwork,55,71,83,71,0,4,0,Web Developer,62,Medium
IT0912,Neha Naidu,IT,Final Year,B,Female,Python,PostgreSQL,Azure,React,NumPy,Leadership,95,80,50,40,2,2,2,Software Developer,76,Low
AIDS0913,Harsha Sharma,AIDS,Final Year,D,Male,JavaScript,MySQL,None,FastAPI,Power BI,Time Management,87,40,87,48,3,1,0,Business Analyst,72,Medium
CSE0914,Nandini Yadav,CSE,Final Year,G,Male,Python,PostgreSQL,None,React,Excel,Leadership,83,49,95,44,1,4,2,Cloud Engineer,74,Medium
MECH0915,Manoj Joshi,MECH,Final Year,B,Female,C,MySQL,None,HTML/CSS/JS,Excel,Communication,47,72,37,48,1,4,3,Software Developer,62,Medium
ECE0916,Chaitanya Gupta,ECE,Final Year,E,Female,C,PostgreSQL,Azure,HTML/CSS/JS,Excel,Time Management,53,52,70,58,4,3,1,Business Analyst,75,Low
EEE0917,Charan Reddy,EEE,Final Year,A,Female,C++,MongoDB,None,React,Tableau,Problem Solving,36,63,73,76,5,4,3,Data Analyst,88,Low
IT0918,Riya Kumar,IT,Final Year,E,Male,Java,PostgreSQL,Google Cloud,Node.js,NumPy,Teamwork,58,64,38,76,5,1,2,Data Analyst,81,Low
EEE0919,Shreya Patel,EEE,Final Year,D,Male,Java,MongoDB,Azure,FastAPI,Pandas,Teamwork,64,60,73,83,1,3,3,AI/ML Engineer,76,Low
IT0920,Meghana Sharma,IT,Final Year,D,Female,Python,MySQL,AWS,React,Tableau,Communication,54,63,59,81,4,1,0,Software Developer,73,Medium
CIVIL0921,Sneha Joshi,CIVIL,Final Year,A,Female,Python,MongoDB,None,React,Tableau,Communication,92,42,54,44,2,3,1,Software Developer,70,Medium
ECE0922,Venkatesh Joshi,ECE,Final Year,C,Male,Python,MySQL,AWS,Node.js,Pandas,Time Management,79,70,52,52,0,5,3,Software Developer,71,Medium
IT0923,Akash Patel,IT,Final Year,E,Female,C,SQL Server,AWS,React,Pandas,Problem Solving,88,64,61,46,0,4,0,Web Developer,62,Medium
EEE0924,Tejaswi Singh,EEE,Final Year,D,Male,C++,MySQL,Google Cloud,Node.js,Power BI,Problem Solving,86,35,76,37,4,6,3,AI/ML Engineer,91,Low
MECH0925,Sneha Naidu,MECH,Final Year,G,Male,C++,MySQL,Google Cloud,FastAPI,Pandas,Time Management,45,58,77,92,2,5,1,Cloud Engineer,75,Low
AIDS0926,Lakshmi Naidu,AIDS,Final Year,H,Female,C++,SQL Server,Google Cloud,Django,Power BI,Problem Solving,78,69,61,58,3,0,2,Data Analyst,76,Low
ECE0927,Tejaswi Varma,ECE,Final Year,B,Female,Python,MongoDB,Azure,HTML/CSS/JS,Tableau,Time Management,75,88,82,45,4,1,1,Business Analyst,82,Low
IT0928,Varun Naidu,IT,Final Year,H,Male,JavaScript,Oracle,AWS,HTML/CSS/JS,Excel,Time Management,35,51,94,70,5,1,1,Web Developer,76,Low
CIVIL0929,Sneha Yadav,CIVIL,Final Year,H,Male,C++,Oracle,None,HTML/CSS/JS,Pandas,Leadership,71,57,82,61,5,6,0,Data Analyst,91,Low
EEE0930,Sneha Reddy,EEE,Final Year,D,Male,Python,Oracle,AWS,FastAPI,Power BI,Communication,79,95,54,50,3,2,1,AI/ML Engineer,78,Low
CSE0931,Naveen Kumar,CSE,Final Year,E,Female,Python,MongoDB,AWS,Node.js,Power BI,Communication,39,51,63,95,0,3,2,Web Developer,60,Medium
AIDS0932,Rakesh Naidu,AIDS,Final Year,F,Male,C++,PostgreSQL,Google Cloud,FastAPI,NumPy,Time Management,93,65,75,74,4,0,3,Software Developer,93,Low
MECH0933,Rakesh Reddy,MECH,Final Year,H,Female,C,SQL Server,AWS,FastAPI,NumPy,Time Management,91,57,95,78,3,0,3,Software Developer,90,Low
IT0934,Siva Varma,IT,Final Year,B,Male,Python,PostgreSQL,AWS,FastAPI,Pandas,Teamwork,50,73,65,37,2,2,3,Data Analyst,66,Medium
ECE0935,Sanjay Reddy,ECE,Final Year,H,Male,JavaScript,MySQL,None,React,NumPy,Leadership,64,52,79,71,3,6,0,Cloud Engineer,80,Low
AIML0936,Divya Kumar,AIML,Final Year,G,Male,C++,PostgreSQL,AWS,Django,NumPy,Teamwork,62,42,78,44,0,1,3,Cyber Security Analyst,56,Medium
AIDS0937,Bhavana Rao,AIDS,Final Year,C,Male,Python,MongoDB,Azure,Node.js,Tableau,Time Management,89,66,49,80,3,6,0,Software Developer,87,Low
AIML0938,Sai Joshi,AIML,Final Year,G,Male,C,MongoDB,None,React,NumPy,Teamwork,75,69,41,61,3,0,2,Cyber Security Analyst,72,Medium
IT0939,Akhil Gupta,IT,Final Year,C,Male,Python,MongoDB,Google Cloud,FastAPI,Pandas,Time Management,93,50,93,94,1,0,0,Data Analyst,73,Medium
AIML0940,Keerthi Rao,AIML,Final Year,G,Male,JavaScript,MongoDB,Google Cloud,FastAPI,Excel,Leadership,72,61,42,70,0,1,1,Data Analyst,56,Medium
CIVIL0941,Rahul Sharma,CIVIL,Final Year,D,Female,Python,Oracle,AWS,React,NumPy,Teamwork,72,68,35,54,1,2,1,Business Analyst,60,Medium
AIML0942,Riya Rao,AIML,Final Year,B,Female,C,PostgreSQL,AWS,Node.js,Pandas,Time Management,75,75,69,89,0,1,1,Business Analyst,67,Medium
IT0943,Naveen Kumar,IT,Final Year,D,Female,JavaScript,PostgreSQL,Azure,FastAPI,Tableau,Leadership,87,51,61,38,3,0,2,Business Analyst,72,Medium
AIDS0944,Shreya Das,AIDS,Final Year,E,Female,C,Oracle,Azure,Node.js,Pandas,Time Management,95,85,67,91,3,5,1,Data Analyst,98,Low
IT0945,Ishitha Varma,IT,Final Year,E,Female,C,Oracle,AWS,FastAPI,Excel,Time Management,40,80,92,84,1,6,0,Cloud Engineer,72,Medium
CIVIL0946,Lakshmi Reddy,CIVIL,Final Year,H,Female,C++,Oracle,Google Cloud,Django,Pandas,Time Management,66,59,83,90,5,4,1,Cyber Security Analyst,95,Low
IT0947,Keerthi Sharma,IT,Final Year,F,Female,C++,MongoDB,Google Cloud,Django,NumPy,Time Management,49,55,94,92,2,1,1,Cloud Engineer,70,Medium
MECH0948,Sahithi Das,MECH,Final Year,F,Male,C++,Oracle,None,Node.js,NumPy,Leadership,86,84,79,53,1,5,2,Web Developer,82,Low
AIML0949,Divya Varma,AIML,Final Year,H,Female,JavaScript,Oracle,Azure,React,Tableau,Leadership,48,73,85,75,2,1,3,Cloud Engineer,74,Medium
AIML0950,Chaitanya Patel,AIML,Final Year,H,Female,JavaScript,MongoDB,Azure,Django,NumPy,Communication,51,42,59,87,4,3,0,Software Developer,74,Medium
MECH0951,Krishna Reddy,MECH,Final Year,C,Male,JavaScript,Oracle,None,Node.js,Tableau,Communication,62,75,66,73,0,3,3,Cyber Security Analyst,69,Medium
IT0952,Abhinav Yadav,IT,Final Year,A,Male,C++,MySQL,AWS,React,Tableau,Communication,70,69,52,43,0,5,3,Data Analyst,67,Medium
IT0953,Manoj Sharma,IT,Final Year,C,Male,C++,Oracle,Google Cloud,Django,Pandas,Leadership,49,49,74,73,4,6,2,AI/ML Engineer,86,Low
CIVIL0954,Rakesh Reddy,CIVIL,Final Year,B,Male,Java,PostgreSQL,None,Node.js,NumPy,Time Management,36,45,40,71,5,4,2,Business Analyst,77,Low
AIDS0955,Sanjay Gupta,AIDS,Final Year,G,Female,Java,PostgreSQL,None,HTML/CSS/JS,Power BI,Leadership,93,49,52,41,0,1,2,Cyber Security Analyst,59,Medium
EEE0956,Sahithi Patel,EEE,Final Year,D,Female,Java,MySQL,AWS,FastAPI,Pandas,Problem Solving,44,82,91,59,4,6,3,Software Developer,92,Low
AIDS0957,Varun Reddy,AIDS,Final Year,G,Male,JavaScript,MongoDB,Google Cloud,React,Pandas,Time Management,74,59,88,63,4,1,2,Data Analyst,85,Low
AIDS0958,Swathi Gupta,AIDS,Final Year,D,Male,Java,PostgreSQL,Google Cloud,Django,Pandas,Teamwork,50,80,53,92,1,3,3,Software Developer,73,Medium
AIML0959,Manoj Sharma,AIML,Final Year,E,Female,Python,SQL Server,Google Cloud,Django,Pandas,Communication,66,62,81,63,3,0,3,Cloud Engineer,78,Low
MECH0960,Dhanush Reddy,MECH,Final Year,C,Male,C,PostgreSQL,Azure,Node.js,NumPy,Time Management,73,68,86,47,0,3,2,Software Developer,66,Medium
CSE0961,Bhavana Das,CSE,Final Year,B,Male,C++,MySQL,Google Cloud,FastAPI,Power BI,Teamwork,44,89,62,52,1,1,3,Cloud Engineer,62,Medium
IT0962,Varun Reddy,IT,Final Year,B,Male,JavaScript,MySQL,Azure,Django,NumPy,Problem Solving,95,62,92,45,1,0,1,AI/ML Engineer,69,Medium
MECH0963,Bhavana Patel,MECH,Final Year,A,Male,Java,Oracle,AWS,FastAPI,NumPy,Teamwork,81,46,44,69,1,1,0,Cloud Engineer,59,Medium
AIDS0964,Divya Singh,AIDS,Final Year,C,Male,Java,PostgreSQL,AWS,FastAPI,Power BI,Leadership,50,90,73,88,2,4,2,Cyber Security Analyst,81,Low
EEE0965,Sahithi Joshi,EEE,Final Year,G,Female,Java,Oracle,AWS,React,Pandas,Leadership,35,53,64,68,3,5,3,AI/ML Engineer,76,Low
CIVIL0966,Akash Gupta,CIVIL,Final Year,F,Female,JavaScript,Oracle,None,Django,NumPy,Problem Solving,45,67,89,66,1,6,0,Data Analyst,67,Medium
IT0967,Sneha Rao,IT,Final Year,H,Male,JavaScript,SQL Server,None,FastAPI,Tableau,Teamwork,36,55,66,47,0,1,3,Business Analyst,49,High
MECH0968,Priya Rao,MECH,Final Year,G,Male,C,PostgreSQL,Azure,React,Power BI,Problem Solving,51,66,60,64,5,3,2,Data Analyst,84,Low
EEE0969,Shreya Patel,EEE,Final Year,F,Female,Java,MySQL,Google Cloud,Django,Excel,Teamwork,64,93,59,91,5,6,3,Software Developer,100,Low
CSE0970,Aadhya Das,CSE,Final Year,D,Female,C,MySQL,Google Cloud,Django,Power BI,Teamwork,94,67,45,35,0,1,2,Software Developer,60,Medium
CSE0971,Rakesh Varma,CSE,Final Year,A,Male,C,SQL Server,Google Cloud,HTML/CSS/JS,Pandas,Teamwork,74,55,53,58,0,6,0,Cyber Security Analyst,62,Medium
ECE0972,Dhanush Kumar,ECE,Final Year,A,Female,C,MongoDB,None,Django,Power BI,Leadership,83,93,47,40,4,3,2,Cyber Security Analyst,86,Low
CSE0973,Aarav Reddy,CSE,Final Year,C,Male,Java,PostgreSQL,None,HTML/CSS/JS,Power BI,Problem Solving,86,87,91,44,3,4,2,Data Analyst,90,Low
MECH0974,Rahul Patel,MECH,Final Year,F,Female,C,MySQL,Azure,FastAPI,Power BI,Problem Solving,42,40,77,64,2,4,2,Business Analyst,67,Medium
ECE0975,Venkatesh Varma,ECE,Final Year,A,Female,JavaScript,Oracle,Google Cloud,HTML/CSS/JS,Power BI,Leadership,87,36,62,65,2,2,2,Cyber Security Analyst,74,Medium
MECH0976,Naveen Varma,MECH,Final Year,F,Female,Python,PostgreSQL,Azure,Node.js,Power BI,Problem Solving,92,44,94,41,5,4,2,Cyber Security Analyst,96,Low
IT0977,Lakshmi Naidu,IT,Final Year,B,Female,Java,PostgreSQL,None,React,Tableau,Communication,62,60,87,62,1,3,3,Software Developer,73,Medium
EEE0978,Bhavana Gupta,EEE,Final Year,F,Female,C,SQL Server,None,HTML/CSS/JS,Power BI,Problem Solving,62,89,50,53,1,4,1,Cloud Engineer,66,Medium
IT0979,Aarav Singh,IT,Final Year,C,Male,Python,MySQL,AWS,React,Power BI,Time Management,62,66,92,40,5,5,1,Software Developer,88,Low
ECE0980,Siva Kumar,ECE,Final Year,D,Male,C++,MongoDB,Google Cloud,HTML/CSS/JS,Excel,Communication,45,92,54,56,0,0,0,Software Developer,47,High
AIDS0981,Priya Gupta,AIDS,Final Year,E,Male,C,MySQL,Google Cloud,HTML/CSS/JS,Tableau,Time Management,88,68,39,88,4,2,1,Software Developer,87,Low
IT0982,Riya Patel,IT,Final Year,E,Female,C,Oracle,Azure,Django,Excel,Problem Solving,89,56,77,45,5,3,3,Cloud Engineer,96,Low
AIDS0983,Amrutha Singh,AIDS,Final Year,C,Male,Java,MongoDB,Google Cloud,Node.js,Power BI,Problem Solving,44,80,44,37,0,0,0,Data Analyst,39,High
IT0984,Deepika Singh,IT,Final Year,A,Female,C++,MongoDB,Google Cloud,HTML/CSS/JS,Power BI,Problem Solving,62,61,42,94,5,5,2,Web Developer,94,Low
ECE0985,Srikanth Varma,ECE,Final Year,F,Female,C,PostgreSQL,Google Cloud,React,Excel,Communication,88,89,86,51,3,1,3,Cyber Security Analyst,89,Low
ECE0986,Arjun Kumar,ECE,Final Year,C,Male,C++,SQL Server,Google Cloud,HTML/CSS/JS,Power BI,Communication,90,85,45,51,3,0,3,Cloud Engineer,81,Low
AIML0987,Amrutha Singh,AIML,Final Year,D,Male,C++,PostgreSQL,Azure,FastAPI,Excel,Communication,75,58,80,56,4,2,2,Software Developer,84,Low
ECE0988,Venkatesh Gupta,ECE,Final Year,E,Female,C++,Oracle,Google Cloud,HTML/CSS/JS,Pandas,Time Management,72,74,94,74,1,3,0,Cyber Security Analyst,73,Medium
CSE0989,Sanjay Sharma,CSE,Final Year,H,Female,C++,MongoDB,AWS,FastAPI,NumPy,Communication,65,88,91,61,3,4,1,Cloud Engineer,85,Low
MECH0990,Pooja Kumar,MECH,Final Year,B,Female,Python,PostgreSQL,Google Cloud,FastAPI,Tableau,Communication,68,49,37,49,3,1,3,Software Developer,69,Medium
AIDS0991,Divya Varma,AIDS,Final Year,F,Male,Python,Oracle,Google Cloud,HTML/CSS/JS,Excel,Problem Solving,72,48,69,77,4,2,0,Business Analyst,79,Low
EEE0992,Srikanth Patel,EEE,Final Year,E,Female,Python,SQL Server,AWS,Django,Power BI,Problem Solving,36,41,43,94,5,5,2,Data Analyst,83,Low
ECE0993,Ananya Kumar,ECE,Final Year,D,Male,C,PostgreSQL,Azure,Django,Excel,Teamwork,54,69,79,70,5,0,0,Data Analyst,77,Low
MECH0994,Srikanth Gupta,MECH,Final Year,E,Male,Java,MySQL,None,Django,Excel,Time Management,84,88,84,69,3,4,0,Cyber Security Analyst,88,Low
CIVIL0995,Bhavana Rao,CIVIL,Final Year,F,Male,Python,MongoDB,Azure,FastAPI,Power BI,Time Management,95,51,81,36,4,6,0,Software Developer,88,Low
EEE0996,Siva Yadav,EEE,Final Year,H,Male,C,MongoDB,AWS,Django,Pandas,Problem Solving,41,86,67,84,3,1,1,Data Analyst,72,Medium
EEE0997,Manoj Kumar,EEE,Final Year,F,Female,C,Oracle,None,FastAPI,Tableau,Teamwork,47,92,37,37,3,1,0,AI/ML Engineer,58,Medium
AIDS0998,Rakesh Das,AIDS,Final Year,F,Male,Python,MongoDB,None,React,Power BI,Communication,73,68,70,84,0,4,1,Cyber Security Analyst,70,Medium
CSE0999,Harsha Varma,CSE,Final Year,C,Female,C++,PostgreSQL,Google Cloud,HTML/CSS/JS,Pandas,Teamwork,37,89,41,38,2,5,1,Web Developer,61,Medium
CIVIL1000,Varun Reddy,CIVIL,Final Year,C,Male,C,MySQL,Google Cloud,React,Pandas,Teamwork,82,54,61,36,0,2,2,Data Analyst,59,Medium
CIVIL1001,Keerthi Das,CIVIL,Final Year,B,Female,Python,MySQL,Google Cloud,Django,Tableau,Communication,46,71,48,72,0,1,0,Cloud Engineer,48,High
MECH1002,Sanjay Kumar,MECH,Final Year,B,Female,Python,SQL Server,AWS,Django,Pandas,Communication,77,56,52,82,0,1,0,Software Developer,58,Medium
CSE1003,Charan Yadav,CSE,Final Year,B,Male,C,MongoDB,None,HTML/CSS/JS,Excel,Teamwork,45,72,95,70,1,0,2,Data Analyst,64,Medium
AIML1004,Sai Sharma,AIML,Final Year,A,Female,Java,PostgreSQL,Azure,HTML/CSS/JS,Power BI,Problem Solving,35,78,68,91,2,4,1,Cyber Security Analyst,72,Medium
EEE1005,Siva Reddy,EEE,Final Year,G,Female,JavaScript,SQL Server,Azure,HTML/CSS/JS,Tableau,Teamwork,43,60,72,61,4,2,2,Data Analyst,75,Low
AIML1006,Divya Rao,AIML,Final Year,A,Male,Python,MySQL,None,HTML/CSS/JS,Power BI,Teamwork,79,43,71,46,5,4,0,Web Developer,83,Low
EEE1007,Tejaswi Kumar,EEE,Final Year,G,Male,Python,MySQL,None,Node.js,Power BI,Teamwork,42,71,35,76,1,5,0,Business Analyst,59,Medium
CIVIL1008,Srikanth Sharma,CIVIL,Final Year,C,Male,Java,SQL Server,Azure,Node.js,Excel,Teamwork,55,61,59,77,4,5,2,Cyber Security Analyst,86,Low
AIDS1009,Aditya Joshi,AIDS,Final Year,H,Female,C++,PostgreSQL,Azure,FastAPI,Pandas,Teamwork,62,38,51,35,3,3,1,Software Developer,63,Medium
EEE1010,Priya Naidu,EEE,Final Year,E,Male,C,MySQL,Google Cloud,Node.js,Tableau,Teamwork,46,62,84,35,3,6,0,AI/ML Engineer,70,Medium
AIML1011,Rakesh Varma,AIML,Final Year,D,Male,Java,MongoDB,None,FastAPI,Tableau,Leadership,65,49,63,92,1,0,1,Web Developer,63,Medium
IT1012,Karthik Patel,IT,Final Year,D,Male,C++,MongoDB,Google Cloud,React,Tableau,Time Management,86,54,82,60,0,0,0,Data Analyst,58,Medium
AIML1013,Venkatesh Patel,AIML,Final Year,G,Female,JavaScript,MySQL,Azure,React,Tableau,Time Management,61,71,56,35,3,1,1,Software Developer,64,Medium
MECH1014,Abhinav Naidu,MECH,Final Year,F,Female,JavaScript,PostgreSQL,None,HTML/CSS/JS,NumPy,Time Management,57,41,59,65,4,1,1,Cloud Engineer,70,Medium
EEE1015,Abhinav Sharma,EEE,Final Year,H,Female,JavaScript,MongoDB,None,Node.js,Pandas,Time Management,36,79,39,41,4,1,1,Cyber Security Analyst,62,Medium
IT1016,Ishitha Yadav,IT,Final Year,H,Male,Python,Oracle,None,Node.js,Power BI,Leadership,48,58,41,37,2,0,3,Software Developer,56,Medium
IT1017,Ishitha Das,IT,Final Year,C,Male,C++,PostgreSQL,AWS,React,Tableau,Time Management,69,82,75,95,1,0,3,Web Developer,77,Low
AIML1018,Manoj Naidu,AIML,Final Year,H,Male,Java,SQL Server,Google Cloud,React,Excel,Time Management,72,49,94,71,2,0,3,Web Developer,76,Low
CSE1019,Deepika Sharma,CSE,Final Year,C,Female,Python,Oracle,AWS,Django,Power BI,Leadership,87,45,49,82,0,5,1,Data Analyst,70,Medium
AIML1020,Swathi Varma,AIML,Final Year,C,Male,Python,SQL Server,Azure,HTML/CSS/JS,Power BI,Communication,42,81,93,81,1,2,2,Business Analyst,70,Medium
ECE1021,Bhavana Sharma,ECE,Final Year,B,Male,C,SQL Server,AWS,Node.js,Tableau,Communication,69,46,78,88,3,0,0,Business Analyst,72,Medium
AIDS1022,Bhavana Gupta,AIDS,Final Year,D,Female,Python,SQL Server,Azure,Node.js,Tableau,Time Management,80,70,91,78,4,4,2,Cyber Security Analyst,98,Low
AIDS1023,Nandini Das,AIDS,Final Year,H,Male,Java,Oracle,None,Django,Tableau,Teamwork,73,48,94,81,0,1,3,Cloud Engineer,70,Medium
IT1024,Rohit Rao,IT,Final Year,D,Male,Java,MySQL,Azure,HTML/CSS/JS,Excel,Time Management,65,60,93,76,4,5,1,Software Developer,91,Low
EEE1025,Sai Rao,EEE,Final Year,C,Male,Python,Oracle,AWS,Node.js,NumPy,Time Management,40,56,68,69,0,2,2,Cloud Engineer,54,High
AIDS1026,Krishna Singh,AIDS,Final Year,C,Female,C,PostgreSQL,Azure,Node.js,Excel,Time Management,44,74,63,39,3,5,0,Web Developer,67,Medium
CIVIL1027,Tejaswi Sharma,CIVIL,Final Year,H,Male,Python,MySQL,AWS,React,Excel,Communication,40,55,45,83,5,6,0,Software Developer,81,Low
AIML1028,Karthik Patel,AIML,Final Year,C,Male,JavaScript,MongoDB,AWS,HTML/CSS/JS,Excel,Leadership,57,55,59,78,0,6,2,Business Analyst,68,Medium
ECE1029,Siva Kumar,ECE,Final Year,F,Female,JavaScript,Oracle,None,Django,Pandas,Time Management,93,84,39,44,1,6,2,AI/ML Engineer,78,Low
AIML1030,Sneha Naidu,AIML,Final Year,B,Female,Python,Oracle,None,FastAPI,Excel,Communication,73,38,35,77,2,1,3,Cloud Engineer,69,Medium
MECH1031,Meghana Yadav,MECH,Final Year,A,Female,JavaScript,PostgreSQL,None,FastAPI,NumPy,Communication,50,61,44,86,2,4,1,Cloud Engineer,69,Medium
MECH1032,Siva Das,MECH,Final Year,H,Female,Java,Oracle,None,React,NumPy,Communication,75,65,38,61,1,1,3,AI/ML Engineer,66,Medium
CSE1033,Rohit Reddy,CSE,Final Year,A,Female,JavaScript,Oracle,Azure,Node.js,Excel,Communication,52,86,38,94,0,6,3,Cloud Engineer,74,Medium
MECH1034,Ishitha Sharma,MECH,Final Year,C,Male,Java,Oracle,None,FastAPI,Power BI,Time Management,47,59,80,83,1,4,0,Cyber Security Analyst,65,Medium
ECE1035,Aadhya Sharma,ECE,Final Year,G,Male,C,Oracle,Google Cloud,Node.js,NumPy,Time Management,76,77,77,81,2,3,2,Data Analyst,84,Low
CIVIL1036,Manoj Naidu,CIVIL,Final Year,E,Male,JavaScript,SQL Server,Azure,React,Tableau,Teamwork,40,64,90,37,3,2,3,Data Analyst,70,Medium
ECE1037,Nandini Patel,ECE,Final Year,G,Female,C,PostgreSQL,Google Cloud,Django,NumPy,Leadership,53,47,90,93,5,0,0,Cyber Security Analyst,80,Low
MECH1038,Venkatesh Rao,MECH,Final Year,H,Male,JavaScript,Oracle,AWS,Node.js,Excel,Teamwork,50,70,79,67,4,1,2,Cloud Engineer,79,Low
CIVIL1039,Krishna Joshi,CIVIL,Final Year,B,Female,Python,MongoDB,AWS,Django,Power BI,Leadership,93,48,48,83,2,1,2,AI/ML Engineer,77,Low
EEE1040,Chaitanya Sharma,EEE,Final Year,B,Male,Java,MySQL,AWS,React,NumPy,Problem Solving,68,64,81,91,0,4,0,AI/ML Engineer,68,Medium
AIML1041,Siva Das,AIML,Final Year,H,Female,Java,PostgreSQL,None,Django,Power BI,Communication,91,61,89,37,5,0,0,Business Analyst,82,Low
AIDS1042,Amrutha Naidu,AIDS,Final Year,G,Male,Python,SQL Server,None,HTML/CSS/JS,NumPy,Communication,35,93,46,48,0,6,0,AI/ML Engineer,53,High
ECE1043,Shreya Reddy,ECE,Final Year,G,Male,JavaScript,Oracle,AWS,Node.js,Pandas,Teamwork,65,75,79,66,2,5,2,Business Analyst,82,Low
EEE1044,Sahithi Patel,EEE,Final Year,D,Male,C,MongoDB,Google Cloud,Node.js,Excel,Communication,54,73,39,86,0,6,2,Software Developer,68,Medium
AIDS1045,Shreya Das,AIDS,Final Year,C,Male,JavaScript,SQL Server,Google Cloud,React,NumPy,Leadership,83,61,47,45,5,1,1,AI/ML Engineer,80,Low
EEE1046,Rohit Das,EEE,Final Year,G,Male,C,MongoDB,Google Cloud,Django,Pandas,Communication,40,51,94,37,5,5,2,Data Analyst,82,Low
CIVIL1047,Anjali Varma,CIVIL,Final Year,A,Male,Python,MongoDB,Azure,FastAPI,Pandas,Problem Solving,62,85,82,37,4,5,0,Software Developer,81,Low
EEE1048,Priya Reddy,EEE,Final Year,F,Male,Python,Oracle,Azure,Django,Pandas,Problem Solving,91,73,40,87,0,3,1,Web Developer,71,Medium
IT1049,Sneha Singh,IT,Final Year,G,Male,Java,PostgreSQL,Google Cloud,Django,Tableau,Communication,87,62,67,70,1,3,0,Cyber Security Analyst,70,Medium
EEE1050,Keerthi Sharma,EEE,Final Year,H,Male,JavaScript,MongoDB,Google Cloud,React,Excel,Leadership,54,92,70,35,4,3,1,Cloud Engineer,76,Low
AIDS1051,Aditya Das,AIDS,Final Year,F,Male,Python,PostgreSQL,Azure,Django,NumPy,Communication,38,41,77,58,3,5,0,AI/ML Engineer,66,Medium
MECH1052,Siva Gupta,MECH,Final Year,G,Female,C++,Oracle,Azure,React,Pandas,Teamwork,72,86,45,60,4,5,3,Business Analyst,92,Low
AIML1053,Sanjana Reddy,AIML,Final Year,E,Male,Python,Oracle,Google Cloud,Node.js,NumPy,Teamwork,72,59,75,95,4,1,1,Cloud Engineer,86,Low
MECH1054,Pooja Varma,MECH,Final Year,A,Female,JavaScript,Oracle,Azure,Node.js,Power BI,Communication,46,88,84,86,1,2,1,Business Analyst,69,Medium
CSE1055,Deepika Patel,CSE,Final Year,D,Male,JavaScript,SQL Server,Azure,FastAPI,Excel,Problem Solving,83,61,92,36,5,3,1,Web Developer,89,Low
CIVIL1056,Neha Yadav,CIVIL,Final Year,B,Male,JavaScript,MongoDB,Azure,HTML/CSS/JS,Power BI,Time Management,83,36,88,87,2,6,0,Cloud Engineer,83,Low
AIDS1057,Sai Varma,AIDS,Final Year,G,Female,C++,MySQL,Azure,FastAPI,NumPy,Teamwork,69,78,44,62,5,2,0,Business Analyst,80,Low
AIDS1058,Rohit Naidu,AIDS,Final Year,F,Male,Python,PostgreSQL,AWS,HTML/CSS/JS,Pandas,Problem Solving,41,78,88,78,1,6,1,Business Analyst,73,Medium
MECH1059,Aadhya Rao,MECH,Final Year,H,Male,Java,MongoDB,None,HTML/CSS/JS,Power BI,Leadership,72,85,84,54,4,2,0,Business Analyst,82,Low
CSE1060,Akhil Yadav,CSE,Final Year,D,Female,Python,Oracle,None,HTML/CSS/JS,Pandas,Problem Solving,39,38,42,88,3,4,1,Software Developer,67,Medium
CSE1061,Krishna Kumar,CSE,Final Year,H,Female,Python,MySQL,None,HTML/CSS/JS,Excel,Time Management,76,52,40,53,5,4,0,Business Analyst,80,Low
ECE1062,Pranav Singh,ECE,Final Year,E,Female,JavaScript,PostgreSQL,None,FastAPI,Power BI,Communication,81,58,49,75,2,2,0,Cyber Security Analyst,69,Medium
ECE1063,Rakesh Joshi,ECE,Final Year,H,Female,Python,SQL Server,Azure,FastAPI,Pandas,Leadership,73,43,57,36,4,6,0,Web Developer,76,Low
CSE1064,Chaitanya Singh,CSE,Final Year,D,Male,Java,Oracle,AWS,Django,Excel,Problem Solving,94,68,78,69,2,0,1,Data Analyst,77,Low
ECE1065,Bhavana Yadav,ECE,Final Year,B,Male,C++,MongoDB,Azure,Node.js,Tableau,Problem Solving,41,64,69,94,0,3,0,Data Analyst,57,Medium
ECE1066,Sanjana Naidu,ECE,Final Year,G,Male,Python,SQL Server,AWS,Node.js,Pandas,Leadership,87,67,77,55,1,3,3,AI/ML Engineer,79,Low
EEE1067,Arjun Varma,EEE,Final Year,E,Male,Java,SQL Server,AWS,HTML/CSS/JS,Tableau,Teamwork,51,72,38,81,1,6,2,Software Developer,71,Medium
IT1068,Amrutha Rao,IT,Final Year,H,Female,C,MongoDB,Google Cloud,React,Power BI,Problem Solving,48,78,51,88,0,3,3,AI/ML Engineer,66,Medium
ECE1069,Rohit Varma,ECE,Final Year,C,Female,Java,MySQL,AWS,Node.js,Excel,Problem Solving,92,87,72,69,1,0,1,Cloud Engineer,73,Medium
AIML1070,Aadhya Naidu,AIML,Final Year,D,Female,JavaScript,SQL Server,Azure,FastAPI,Power BI,Time Management,50,91,42,89,4,1,2,Cyber Security Analyst,81,Low
CSE1071,Arjun Kumar,CSE,Final Year,F,Male,C,Oracle,None,FastAPI,Excel,Problem Solving,65,79,38,60,3,1,3,AI/ML Engineer,75,Low
AIDS1072,Srikanth Naidu,AIDS,Final Year,A,Female,JavaScript,PostgreSQL,AWS,Node.js,Power BI,Leadership,75,57,55,78,1,0,3,Web Developer,69,Medium
AIML1073,Sanjana Varma,AIML,Final Year,H,Male,Python,MongoDB,None,HTML/CSS/JS,Power BI,Communication,68,76,84,94,1,0,1,Cloud Engineer,71,Medium
MECH1074,Tejaswi Joshi,MECH,Final Year,D,Female,Java,SQL Server,Google Cloud,HTML/CSS/JS,Excel,Leadership,43,92,93,37,2,6,0,AI/ML Engineer,70,Medium
MECH1075,Akhil Patel,MECH,Final Year,F,Female,JavaScript,MongoDB,Azure,Django,NumPy,Teamwork,89,82,74,67,4,5,0,Web Developer,94,Low
AIML1076,Srikanth Rao,AIML,Final Year,A,Female,Python,SQL Server,AWS,Django,Power BI,Leadership,92,69,60,63,3,3,1,AI/ML Engineer,84,Low
MECH1077,Rakesh Joshi,MECH,Final Year,C,Male,C,MySQL,AWS,FastAPI,Pandas,Time Management,69,66,59,69,1,6,3,AI/ML Engineer,79,Low
CIVIL1078,Sneha Sharma,CIVIL,Final Year,F,Male,JavaScript,Oracle,Azure,FastAPI,Excel,Time Management,55,78,68,35,3,5,1,Web Developer,73,Medium
MECH1079,Ishitha Das,MECH,Final Year,C,Female,Python,MongoDB,None,FastAPI,NumPy,Teamwork,78,64,71,37,0,5,0,Data Analyst,61,Medium
CIVIL1080,Sneha Sharma,CIVIL,Final Year,C,Female,C++,MongoDB,Azure,HTML/CSS/JS,Pandas,Problem Solving,72,60,47,43,2,6,2,Data Analyst,74,Medium
AIDS1081,Rahul Rao,AIDS,Final Year,F,Female,Java,PostgreSQL,AWS,Django,Pandas,Leadership,51,40,78,78,2,1,2,Web Developer,67,Medium
ECE1082,Riya Reddy,ECE,Final Year,G,Female,JavaScript,PostgreSQL,None,HTML/CSS/JS,Power BI,Leadership,56,68,73,85,5,2,0,Data Analyst,84,Low
CIVIL1083,Harsha Sharma,CIVIL,Final Year,A,Male,Python,SQL Server,Google Cloud,FastAPI,NumPy,Teamwork,36,74,55,83,3,6,2,Business Analyst,80,Low
MECH1084,Divya Patel,MECH,Final Year,A,Male,JavaScript,MySQL,AWS,React,Pandas,Time Management,65,45,38,47,4,6,2,AI/ML Engineer,79,Low
CIVIL1085,Venkatesh Rao,CIVIL,Final Year,F,Male,Java,SQL Server,Google Cloud,React,Tableau,Teamwork,64,41,55,87,2,1,0,Data Analyst,63,Medium
AIDS1086,Sowmya Reddy,AIDS,Final Year,E,Male,C,Oracle,AWS,Node.js,Pandas,Problem Solving,89,55,37,36,4,2,1,Web Developer,75,Low
CSE1087,Venkatesh Rao,CSE,Final Year,H,Male,C++,PostgreSQL,None,FastAPI,NumPy,Time Management,95,42,79,72,4,3,0,AI/ML Engineer,87,Low
MECH1088,Pooja Varma,MECH,Final Year,A,Female,C++,PostgreSQL,Azure,HTML/CSS/JS,NumPy,Time Management,89,84,57,60,1,1,2,AI/ML Engineer,73,Medium
AIDS1089,Sneha Naidu,AIDS,Final Year,G,Female,C,Oracle,None,Django,Tableau,Leadership,43,66,80,56,4,2,2,AI/ML Engineer,76,Low
CIVIL1090,Anjali Kumar,CIVIL,Final Year,A,Male,JavaScript,MongoDB,Azure,HTML/CSS/JS,Power BI,Teamwork,74,93,42,40,5,3,2,Software Developer,87,Low
ECE1091,Krishna Reddy,ECE,Final Year,D,Male,C++,MongoDB,Azure,HTML/CSS/JS,Power BI,Communication,50,43,76,91,0,6,2,Business Analyst,69,Medium
CIVIL1092,Rohit Das,CIVIL,Final Year,G,Female,C++,SQL Server,AWS,HTML/CSS/JS,Power BI,Problem Solving,70,82,46,78,0,2,2,Cloud Engineer,66,Medium
AIML1093,Meghana Das,AIML,Final Year,C,Female,Java,SQL Server,Azure,FastAPI,Pandas,Problem Solving,81,95,53,76,3,1,0,Data Analyst,79,Low
MECH1094,Arjun Yadav,MECH,Final Year,A,Female,Java,MySQL,Azure,Node.js,NumPy,Communication,82,43,47,88,0,1,1,AI/ML Engineer,61,Medium
IT1095,Aadhya Das,IT,Final Year,C,Female,Python,SQL Server,AWS,React,NumPy,Leadership,61,51,66,45,1,5,3,Cloud Engineer,69,Medium
AIDS1096,Anjali Varma,AIDS,Final Year,C,Male,JavaScript,MySQL,None,Node.js,Power BI,Teamwork,65,64,55,51,5,2,2,Cyber Security Analyst,83,Low
CIVIL1097,Sai Rao,CIVIL,Final Year,H,Male,Java,Oracle,AWS,HTML/CSS/JS,Pandas,Problem Solving,92,77,70,50,5,0,3,Software Developer,94,Low
AIML1098,Aadhya Naidu,AIML,Final Year,C,Male,Java,MySQL,None,Node.js,Power BI,Problem Solving,85,80,81,48,4,5,1,Business Analyst,92,Low
ECE1099,Keerthi Sharma,ECE,Final Year,C,Male,JavaScript,Oracle,Azure,FastAPI,Power BI,Communication,81,62,86,55,5,6,0,Web Developer,94,Low
ECE1100,Venkatesh Yadav,ECE,Final Year,H,Female,C++,MongoDB,Azure,HTML/CSS/JS,NumPy,Leadership,55,70,95,54,2,3,0,Cyber Security Analyst,68,Medium
EEE1101,Varun Joshi,EEE,Final Year,B,Male,Java,SQL Server,Google Cloud,Node.js,Excel,Time Management,56,51,90,51,4,6,3,AI/ML Engineer,89,Low
AIML1102,Shreya Singh,AIML,Final Year,H,Male,JavaScript,Oracle,None,React,Power BI,Time Management,46,63,39,45,0,2,1,Web Developer,45,High
EEE1103,Meghana Varma,EEE,Final Year,A,Male,C,MongoDB,Azure,HTML/CSS/JS,NumPy,Time Management,50,43,44,36,5,6,0,Data Analyst,72,Medium
ECE1104,Swathi Sharma,ECE,Final Year,F,Female,Python,MySQL,Google Cloud,HTML/CSS/JS,Pandas,Time Management,86,95,78,91,3,4,3,Cloud Engineer,100,Low
ECE1105,Sanjana Gupta,ECE,Final Year,F,Male,Java,Oracle,None,React,Excel,Leadership,36,52,54,50,3,5,0,Business Analyst,62,Medium
AIML1106,Aadhya Reddy,AIML,Final Year,E,Male,Python,MongoDB,Azure,Node.js,NumPy,Communication,36,84,44,76,4,1,2,Web Developer,73,Medium
AIML1107,Sanjay Singh,AIML,Final Year,B,Male,C++,Oracle,Azure,React,NumPy,Leadership,93,35,71,61,3,0,1,Web Developer,74,Medium
ECE1108,Srikanth Rao,ECE,Final Year,A,Male,C,MySQL,Azure,Node.js,Excel,Leadership,45,42,90,78,5,3,3,Cyber Security Analyst,89,Low
IT1109,Anjali Joshi,IT,Final Year,F,Female,Python,MySQL,None,FastAPI,Excel,Leadership,93,46,37,42,4,5,0,Cyber Security Analyst,79,Low
EEE1110,Charan Singh,EEE,Final Year,E,Male,Java,Oracle,Azure,React,Tableau,Time Management,47,62,59,56,1,4,0,Web Developer,56,Medium
ECE1111,Aarav Gupta,ECE,Final Year,F,Male,C++,PostgreSQL,AWS,React,Tableau,Communication,85,70,78,60,5,4,1,Cloud Engineer,96,Low
ECE1112,Akash Joshi,ECE,Final Year,A,Male,JavaScript,MongoDB,None,Node.js,Excel,Time Management,47,79,89,58,2,5,3,Business Analyst,80,Low
CIVIL1113,Krishna Das,CIVIL,Final Year,F,Female,Java,Oracle,None,React,Excel,Leadership,64,42,44,52,1,3,2,AI/ML Engineer,60,Medium
MECH1114,Siva Rao,MECH,Final Year,H,Male,Java,PostgreSQL,AWS,Django,Excel,Leadership,36,44,65,94,0,3,0,Cloud Engineer,52,High
AIML1115,Dhanush Rao,AIML,Final Year,C,Female,C++,MySQL,Azure,HTML/CSS/JS,NumPy,Communication,63,81,81,40,3,3,0,Cyber Security Analyst,72,Medium
IT1116,Aadhya Gupta,IT,Final Year,F,Female,C++,MongoDB,Google Cloud,Node.js,Excel,Leadership,79,80,90,53,0,1,0,Software Developer,62,Medium
AIML1117,Karthik Varma,AIML,Final Year,C,Male,JavaScript,SQL Server,Google Cloud,FastAPI,Tableau,Time Management,39,58,63,72,5,6,2,Cloud Engineer,87,Low
MECH1118,Riya Reddy,MECH,Final Year,A,Male,C,MySQL,Azure,Django,Pandas,Problem Solving,35,42,37,70,0,6,0,Business Analyst,48,High
CSE1119,Abhinav Das,CSE,Final Year,A,Male,C,Oracle,Azure,React,Pandas,Problem Solving,52,83,95,40,3,1,3,AI/ML Engineer,76,Low
CIVIL1120,Pranav Reddy,CIVIL,Final Year,D,Male,C,MySQL,Azure,HTML/CSS/JS,Excel,Communication,56,80,38,64,0,1,0,Cyber Security Analyst,49,High
AIML1121,Ananya Joshi,AIML,Final Year,D,Male,Java,MongoDB,AWS,React,Tableau,Teamwork,68,52,66,54,1,6,3,Data Analyst,75,Low
CSE1122,Aadhya Sharma,CSE,Final Year,B,Male,JavaScript,SQL Server,Azure,Django,NumPy,Time Management,78,57,63,62,5,3,2,Cyber Security Analyst,91,Low
CIVIL1123,Manoj Gupta,CIVIL,Final Year,B,Male,Java,PostgreSQL,None,Node.js,Pandas,Teamwork,88,62,91,60,3,6,1,Software Developer,91,Low
ECE1124,Akash Reddy,ECE,Final Year,A,Female,C,MySQL,AWS,React,Tableau,Problem Solving,61,62,41,54,2,5,0,Business Analyst,65,Medium
AIML1125,Aarav Naidu,AIML,Final Year,D,Male,C,MySQL,Google Cloud,React,Excel,Teamwork,72,50,69,84,4,0,2,AI/ML Engineer,82,Low
CIVIL1126,Shreya Das,CIVIL,Final Year,H,Male,Java,MySQL,Google Cloud,HTML/CSS/JS,NumPy,Time Management,37,86,72,54,5,6,3,Cyber Security Analyst,92,Low
IT1127,Arjun Sharma,IT,Final Year,H,Female,Java,SQL Server,None,React,Pandas,Problem Solving,73,70,82,53,0,3,3,Software Developer,70,Medium
CSE1128,Sanjana Reddy,CSE,Final Year,H,Male,C,SQL Server,Google Cloud,Node.js,Power BI,Leadership,83,55,62,46,1,5,2,AI/ML Engineer,73,Medium
IT1129,Akhil Varma,IT,Final Year,A,Male,C++,PostgreSQL,None,Node.js,Excel,Leadership,64,38,67,64,4,6,1,Software Developer,83,Low
CSE1130,Akhil Singh,CSE,Final Year,A,Female,C++,MySQL,AWS,Node.js,Tableau,Time Management,71,67,73,67,4,3,1,Software Developer,85,Low
CSE1131,Pranav Das,CSE,Final Year,F,Female,Python,Oracle,None,Django,Tableau,Time Management,43,45,83,42,3,2,1,AI/ML Engineer,62,Medium
CSE1132,Charan Sharma,CSE,Final Year,G,Male,JavaScript,PostgreSQL,AWS,React,Tableau,Time Management,37,61,65,55,3,5,0,Business Analyst,66,Medium
MECH1133,Srikanth Varma,MECH,Final Year,C,Female,JavaScript,SQL Server,AWS,React,Power BI,Time Management,92,66,78,87,4,2,1,AI/ML Engineer,94,Low
AIDS1134,Sanjay Varma,AIDS,Final Year,B,Female,JavaScript,SQL Server,AWS,Django,Excel,Time Management,57,49,80,42,2,6,0,Business Analyst,67,Medium
AIDS1135,Venkatesh Varma,AIDS,Final Year,F,Male,Python,SQL Server,Azure,Node.js,Pandas,Teamwork,78,92,86,79,4,4,1,Cloud Engineer,97,Low
AIML1136,Sahithi Sharma,AIML,Final Year,E,Female,JavaScript,SQL Server,Azure,Django,Excel,Time Management,94,61,79,75,2,6,3,Cyber Security Analyst,95,Low
CSE1137,Manoj Gupta,CSE,Final Year,D,Female,C++,SQL Server,Google Cloud,Node.js,Excel,Problem Solving,35,44,70,56,0,3,1,Data Analyst,48,High
MECH1138,Abhinav Varma,MECH,Final Year,C,Female,JavaScript,Oracle,Azure,React,NumPy,Time Management,85,84,49,52,4,3,1,AI/ML Engineer,85,Low
AIDS1139,Deepika Reddy,AIDS,Final Year,D,Female,C,PostgreSQL,None,HTML/CSS/JS,NumPy,Communication,62,36,74,88,0,0,2,Software Developer,59,Medium
ECE1140,Harsha Naidu,ECE,Final Year,B,Female,Java,SQL Server,AWS,Node.js,Power BI,Problem Solving,81,61,92,35,2,1,1,Software Developer,69,Medium
CIVIL1141,Abhinav Sharma,CIVIL,Final Year,E,Female,Python,PostgreSQL,Google Cloud,Django,Tableau,Problem Solving,44,51,42,74,0,3,2,Web Developer,54,High
CSE1142,Harsha Gupta,CSE,Final Year,A,Male,JavaScript,SQL Server,None,React,Pandas,Problem Solving,92,93,94,82,0,6,1,Web Developer,87,Low
AIDS1143,Krishna Gupta,AIDS,Final Year,C,Female,C,Oracle,Azure,React,Tableau,Communication,63,52,61,68,0,6,1,Business Analyst,64,Medium
AIDS1144,Riya Varma,AIDS,Final Year,E,Male,C++,Oracle,None,HTML/CSS/JS,NumPy,Time Management,86,93,50,79,4,3,3,Cloud Engineer,98,Low
CIVIL1145,Swathi Singh,CIVIL,Final Year,F,Male,C++,Oracle,Google Cloud,Django,Excel,Communication,42,74,43,81,4,5,1,Software Developer,79,Low
AIDS1146,Neha Naidu,AIDS,Final Year,D,Female,Python,MongoDB,AWS,React,Pandas,Communication,62,78,81,38,1,6,3,Data Analyst,76,Low
ECE1147,Anjali Patel,ECE,Final Year,E,Male,Python,Oracle,Google Cloud,Django,Tableau,Time Management,38,59,66,35,0,0,2,Business Analyst,43,High
CSE1148,Bhavana Kumar,CSE,Final Year,E,Female,C++,SQL Server,None,Django,NumPy,Time Management,62,62,66,61,0,2,3,Cloud Engineer,63,Medium
AIDS1149,Chaitanya Das,AIDS,Final Year,A,Female,C++,SQL Server,None,Django,NumPy,Communication,71,63,85,95,2,6,2,Data Analyst,90,Low
ECE1150,Amrutha Varma,ECE,Final Year,F,Female,Java,MongoDB,Google Cloud,FastAPI,Pandas,Leadership,89,75,46,84,3,2,2,Software Developer,87,Low
EEE1151,Srikanth Singh,EEE,Final Year,E,Female,Python,MySQL,None,Node.js,Power BI,Communication,46,44,53,46,3,3,3,Web Developer,68,Medium
ECE1152,Riya Patel,ECE,Final Year,G,Male,C++,Oracle,AWS,FastAPI,Excel,Communication,40,46,52,80,0,0,2,Business Analyst,49,High
CSE1153,Akhil Rao,CSE,Final Year,F,Female,JavaScript,MySQL,AWS,FastAPI,NumPy,Time Management,60,65,80,66,4,1,1,Business Analyst,78,Low
CSE1154,Aditya Sharma,CSE,Final Year,E,Male,C++,SQL Server,Azure,FastAPI,Tableau,Leadership,75,86,62,39,1,5,0,Data Analyst,68,Medium
AIML1155,Sneha Rao,AIML,Final Year,F,Female,C++,PostgreSQL,None,Django,NumPy,Problem Solving,90,83,69,38,3,4,2,Business Analyst,86,Low
ECE1156,Pooja Patel,ECE,Final Year,E,Female,C++,PostgreSQL,AWS,HTML/CSS/JS,Power BI,Time Management,55,91,51,58,2,0,0,Web Developer,59,Medium
MECH1157,Sahithi Gupta,MECH,Final Year,H,Male,C,MongoDB,Azure,Node.js,Excel,Communication,43,95,47,44,5,3,2,Business Analyst,80,Low
AIML1158,Bhavana Reddy,AIML,Final Year,H,Female,C,SQL Server,Azure,Node.js,Tableau,Leadership,66,45,36,47,4,4,3,Web Developer,78,Low
CSE1159,Nandini Gupta,CSE,Final Year,D,Female,JavaScript,MySQL,AWS,HTML/CSS/JS,Pandas,Leadership,87,37,51,56,5,5,1,Software Developer,88,Low
ECE1160,Akash Joshi,ECE,Final Year,G,Female,C++,Oracle,Azure,Django,Power BI,Teamwork,35,37,89,93,5,6,0,AI/ML Engineer,85,Low
AIML1161,Pooja Kumar,AIML,Final Year,D,Female,JavaScript,MongoDB,AWS,FastAPI,Tableau,Leadership,52,51,51,93,5,2,2,Cloud Engineer,84,Low
IT1162,Sowmya Gupta,IT,Final Year,B,Male,C,Oracle,Azure,FastAPI,NumPy,Communication,35,76,78,76,5,5,2,Data Analyst,90,Low
AIML1163,Tejaswi Gupta,AIML,Final Year,A,Female,JavaScript,Oracle,Google Cloud,HTML/CSS/JS,Pandas,Time Management,71,72,62,72,4,4,1,Business Analyst,87,Low
CIVIL1164,Akhil Joshi,CIVIL,Final Year,G,Female,C,Oracle,Azure,FastAPI,Excel,Teamwork,88,63,78,43,2,3,1,Software Developer,75,Low
ECE1165,Ananya Yadav,ECE,Final Year,H,Male,C++,PostgreSQL,Azure,HTML/CSS/JS,Power BI,Time Management,63,45,68,50,1,4,0,Data Analyst,59,Medium
AIDS1166,Ananya Kumar,AIDS,Final Year,B,Male,Java,Oracle,Azure,Node.js,NumPy,Time Management,94,38,80,71,4,1,1,Data Analyst,85,Low
ECE1167,Sneha Gupta,ECE,Final Year,H,Female,Java,PostgreSQL,AWS,React,Excel,Time Management,59,64,62,59,0,0,0,AI/ML Engineer,48,High
IT1168,Karthik Naidu,IT,Final Year,D,Male,Python,Oracle,AWS,Django,Power BI,Teamwork,59,85,40,53,0,5,1,AI/ML Engineer,60,Medium
CSE1169,Aarav Sharma,CSE,Final Year,A,Female,C,MongoDB,None,HTML/CSS/JS,Power BI,Leadership,55,54,61,90,4,2,0,Software Developer,76,Low
AIDS1170,Pooja Yadav,AIDS,Final Year,G,Female,Java,MySQL,Google Cloud,Django,Tableau,Time Management,59,63,88,39,2,0,0,Cyber Security Analyst,58,Medium
MECH1171,Aarav Singh,MECH,Final Year,F,Male,Python,MySQL,AWS,FastAPI,Tableau,Teamwork,90,40,80,40,5,6,1,Cloud Engineer,93,Low
AIDS1172,Neha Das,AIDS,Final Year,D,Female,JavaScript,Oracle,Google Cloud,HTML/CSS/JS,Pandas,Communication,68,74,35,58,4,6,1,Cyber Security Analyst,83,Low
ECE1173,Sai Das,ECE,Final Year,B,Female,C,Oracle,None,Node.js,Pandas,Time Management,64,85,35,68,1,4,3,AI/ML Engineer,73,Medium
AIML1174,Aadhya Joshi,AIML,Final Year,D,Male,JavaScript,MySQL,Google Cloud,React,Tableau,Time Management,62,46,58,64,0,4,3,Cyber Security Analyst,64,Medium
CSE1175,Akhil Das,CSE,Final Year,A,Female,Python,PostgreSQL,None,Django,Pandas,Time Management,71,70,88,90,1,3,0,Cloud Engineer,74,Medium
ECE1176,Anjali Singh,ECE,Final Year,E,Female,Python,SQL Server,Google Cloud,Django,NumPy,Teamwork,42,64,66,64,2,5,0,Web Developer,65,Medium
ECE1177,Bhavana Rao,ECE,Final Year,H,Female,Python,MySQL,Azure,Django,Excel,Time Management,80,72,60,95,1,3,2,Data Analyst,80,Low
IT1178,Abhinav Naidu,IT,Final Year,G,Male,C,MySQL,Google Cloud,Django,Tableau,Leadership,41,87,70,57,5,2,2,Cyber Security Analyst,82,Low
CSE1179,Naveen Sharma,CSE,Final Year,F,Female,JavaScript,PostgreSQL,Azure,Django,Pandas,Communication,80,71,36,95,5,0,0,Web Developer,84,Low
MECH1180,Ishitha Kumar,MECH,Final Year,A,Male,Python,SQL Server,Azure,Node.js,Power BI,Teamwork,89,90,65,46,4,1,2,Web Developer,87,Low
AIML1181,Rahul Reddy,AIML,Final Year,A,Female,JavaScript,Oracle,Azure,Node.js,Tableau,Problem Solving,50,40,43,61,0,3,2,Software Developer,52,High
CSE1182,Charan Varma,CSE,Final Year,B,Male,Python,MySQL,Google Cloud,React,NumPy,Leadership,89,64,91,86,0,6,0,Cloud Engineer,79,Low
CIVIL1183,Aarav Kumar,CIVIL,Final Year,H,Female,Java,SQL Server,AWS,HTML/CSS/JS,Power BI,Leadership,37,37,64,39,3,4,2,Web Developer,63,Medium
IT1184,Sanjay Das,IT,Final Year,D,Female,JavaScript,Oracle,Google Cloud,HTML/CSS/JS,Tableau,Teamwork,49,86,76,44,4,4,3,Cyber Security Analyst,85,Low
CIVIL1185,Chaitanya Patel,CIVIL,Final Year,B,Male,Java,Oracle,Google Cloud,Django,Pandas,Communication,61,88,81,40,4,6,1,Cyber Security Analyst,87,Low
IT1186,Priya Patel,IT,Final Year,D,Female,Python,MongoDB,Google Cloud,React,Power BI,Teamwork,84,70,77,74,3,1,1,Software Developer,82,Low
AIML1187,Pooja Singh,AIML,Final Year,D,Male,C++,Oracle,Azure,Django,Power BI,Problem Solving,68,38,60,90,2,4,3,Software Developer,80,Low
MECH1188,Anjali Das,MECH,Final Year,A,Female,C++,Oracle,Azure,HTML/CSS/JS,Tableau,Leadership,55,86,49,59,5,6,2,Cyber Security Analyst,92,Low
CIVIL1189,Bhavana Sharma,CIVIL,Final Year,C,Male,Python,SQL Server,None,Django,Excel,Problem Solving,58,63,74,56,2,0,2,Cyber Security Analyst,65,Medium
CSE1190,Amrutha Reddy,CSE,Final Year,B,Female,JavaScript,MongoDB,Google Cloud,React,Excel,Problem Solving,75,79,54,81,0,5,0,Data Analyst,69,Medium
AIDS1191,Sneha Kumar,AIDS,Final Year,G,Female,Python,Oracle,AWS,Node.js,Tableau,Teamwork,80,95,63,78,3,0,1,Data Analyst,81,Low
EEE1192,Aditya Kumar,EEE,Final Year,C,Female,C++,MongoDB,AWS,Node.js,Excel,Communication,77,43,46,63,2,6,2,Business Analyst,77,Low
CSE1193,Sneha Gupta,CSE,Final Year,F,Male,Python,MongoDB,AWS,Django,Power BI,Leadership,93,91,57,86,5,5,2,Cyber Security Analyst,100,Low
AIML1194,Sanjay Yadav,AIML,Final Year,F,Male,C++,MySQL,None,React,Pandas,Leadership,89,43,64,73,4,0,2,Web Developer,83,Low
EEE1195,Ishitha Naidu,EEE,Final Year,C,Male,Python,MySQL,AWS,FastAPI,Tableau,Time Management,48,54,84,81,0,1,0,Software Developer,53,High
EEE1196,Siva Rao,EEE,Final Year,F,Female,C,MySQL,Google Cloud,React,Excel,Time Management,54,75,74,93,0,1,2,AI/ML Engineer,65,Medium
EEE1197,Aadhya Varma,EEE,Final Year,G,Male,C++,Oracle,Google Cloud,Node.js,Excel,Teamwork,59,39,37,38,3,3,0,Web Developer,58,Medium
IT1198,Swathi Rao,IT,Final Year,D,Male,JavaScript,SQL Server,None,FastAPI,Tableau,Communication,84,79,92,50,3,4,2,Web Developer,90,Low
MECH1199,Deepika Rao,MECH,Final Year,F,Male,C++,Oracle,Google Cloud,Node.js,Excel,Communication,60,66,64,59,1,2,2,Software Developer,64,Medium
IT1200,Sanjay Kumar,IT,Final Year,C,Male,C,PostgreSQL,None,Django,Tableau,Leadership,92,60,46,53,0,3,2,Data Analyst,66,Medium
EEE1201,Swathi Kumar,EEE,Final Year,F,Male,Java,MongoDB,Google Cloud,React,Excel,Communication,82,85,37,71,0,5,3,Business Analyst,76,Low
CSE1202,Pranav Sharma,CSE,Final Year,C,Male,JavaScript,Oracle,None,HTML/CSS/JS,Tableau,Leadership,35,44,91,92,0,0,3,Cyber Security Analyst,58,Medium
MECH1203,Sanjay Varma,MECH,Final Year,E,Male,C++,SQL Server,Google Cloud,HTML/CSS/JS,NumPy,Time Management,63,55,89,71,1,0,1,AI/ML Engineer,63,Medium
AIDS1204,Harsha Singh,AIDS,Final Year,H,Male,Python,PostgreSQL,Azure,FastAPI,Power BI,Communication,91,79,44,64,2,2,1,Software Developer,76,Low
ECE1205,Tejaswi Rao,ECE,Final Year,B,Male,Python,SQL Server,AWS,React,Tableau,Leadership,49,80,83,70,0,1,1,Cyber Security Analyst,58,Medium
IT1206,Ananya Das,IT,Final Year,G,Male,C++,Oracle,AWS,HTML/CSS/JS,NumPy,Problem Solving,81,35,78,58,4,0,3,Software Developer,82,Low
CIVIL1207,Sai Das,CIVIL,Final Year,A,Male,C++,Oracle,AWS,HTML/CSS/JS,Tableau,Time Management,82,64,79,65,1,5,0,Cyber Security Analyst,74,Medium
CIVIL1208,Riya Patel,CIVIL,Final Year,F,Female,Java,SQL Server,Azure,React,NumPy,Problem Solving,73,95,44,67,4,3,1,Business Analyst,85,Low
CSE1209,Anjali Yadav,CSE,Final Year,D,Male,Python,Oracle,Azure,Node.js,Pandas,Leadership,35,38,46,70,1,4,2,AI/ML Engineer,56,Medium
ECE1210,Neha Naidu,ECE,Final Year,D,Male,Python,MongoDB,AWS,Django,Tableau,Problem Solving,52,76,48,81,1,5,0,Software Developer,65,Medium
ECE1211,Varun Singh,ECE,Final Year,H,Female,Python,PostgreSQL,AWS,Node.js,Excel,Teamwork,94,80,79,44,1,6,1,Data Analyst,81,Low
ECE1212,Chaitanya Kumar,ECE,Final Year,A,Female,Python,PostgreSQL,Google Cloud,Node.js,Excel,Leadership,67,40,61,56,0,3,2,Cyber Security Analyst,58,Medium
EEE1213,Aadhya Yadav,EEE,Final Year,C,Male,C,SQL Server,None,Django,Pandas,Time Management,41,74,69,49,1,6,0,Web Developer,61,Medium
AIDS1214,Aadhya Patel,AIDS,Final Year,D,Female,Python,SQL Server,Google Cloud,FastAPI,NumPy,Communication,90,95,45,72,5,4,1,Software Developer,98,Low
IT1215,Riya Kumar,IT,Final Year,F,Female,JavaScript,SQL Server,None,Node.js,Power BI,Time Management,40,86,90,47,0,3,3,Software Developer,63,Medium
CIVIL1216,Meghana Kumar,CIVIL,Final Year,E,Female,C,SQL Server,None,React,Pandas,Leadership,79,60,94,44,0,4,3,Cloud Engineer,73,Medium
MECH1217,Neha Naidu,MECH,Final Year,A,Female,C++,MySQL,None,FastAPI,Pandas,Leadership,78,54,73,84,1,5,1,AI/ML Engineer,77,Low
AIDS1218,Harsha Sharma,AIDS,Final Year,G,Male,Java,SQL Server,Azure,Node.js,Power BI,Problem Solving,43,62,91,88,0,0,2,Data Analyst,59,Medium
CIVIL1219,Swathi Gupta,CIVIL,Final Year,B,Female,JavaScript,MongoDB,Google Cloud,Node.js,Excel,Time Management,89,67,75,91,0,4,3,AI/ML Engineer,83,Low
ECE1220,Venkatesh Patel,ECE,Final Year,H,Male,Java,MongoDB,AWS,HTML/CSS/JS,NumPy,Problem Solving,51,49,47,70,2,6,1,Data Analyst,69,Medium
CIVIL1221,Akhil Joshi,CIVIL,Final Year,F,Female,Python,MongoDB,Azure,Node.js,Power BI,Teamwork,95,47,95,87,0,6,1,Software Developer,82,Low
AIDS1222,Priya Varma,AIDS,Final Year,E,Female,Python,MongoDB,Google Cloud,Django,Pandas,Problem Solving,93,79,71,78,2,3,2,Business Analyst,88,Low
EEE1223,Akash Varma,EEE,Final Year,D,Female,C++,PostgreSQL,None,Django,NumPy,Problem Solving,89,52,60,59,5,4,3,Business Analyst,97,Low
ECE1224,Akhil Naidu,ECE,Final Year,C,Female,Python,PostgreSQL,Google Cloud,Django,Tableau,Communication,69,79,93,35,4,2,2,AI/ML Engineer,84,Low
ECE1225,Ishitha Rao,ECE,Final Year,D,Female,C++,MongoDB,None,FastAPI,Tableau,Problem Solving,46,42,89,94,1,0,3,Business Analyst,66,Medium
IT1226,Bhavana Varma,IT,Final Year,B,Female,C++,PostgreSQL,None,React,Tableau,Communication,77,51,76,69,4,1,1,Business Analyst,81,Low
CIVIL1227,Sahithi Yadav,CIVIL,Final Year,B,Female,C++,PostgreSQL,AWS,FastAPI,NumPy,Problem Solving,49,77,84,64,1,0,0,Software Developer,57,Medium
CIVIL1228,Deepika Naidu,CIVIL,Final Year,E,Male,Java,PostgreSQL,AWS,React,Tableau,Time Management,63,40,93,94,4,2,2,Data Analyst,88,Low
AIDS1229,Rohit Varma,AIDS,Final Year,F,Male,JavaScript,SQL Server,Google Cloud,Django,Pandas,Communication,42,66,47,76,1,6,0,Web Developer,62,Medium
EEE1230,Ananya Patel,EEE,Final Year,A,Male,C,SQL Server,None,Node.js,NumPy,Problem Solving,60,78,55,61,1,1,3,Software Developer,66,Medium
CIVIL1231,Swathi Rao,CIVIL,Final Year,C,Male,Java,SQL Server,AWS,React,Tableau,Teamwork,76,68,77,37,0,0,1,Cyber Security Analyst,55,Medium
MECH1232,Deepika Varma,MECH,Final Year,B,Female,Java,MongoDB,None,Node.js,Excel,Problem Solving,36,73,54,49,4,5,0,Business Analyst,70,Medium
ECE1233,Venkatesh Kumar,ECE,Final Year,C,Female,Python,PostgreSQL,AWS,Node.js,Pandas,Time Management,57,57,80,44,4,6,3,Data Analyst,87,Low
EEE1234,Tejaswi Gupta,EEE,Final Year,D,Male,C++,PostgreSQL,Google Cloud,HTML/CSS/JS,Tableau,Leadership,93,50,44,45,1,5,3,Data Analyst,75,Low
CSE1235,Rahul Varma,CSE,Final Year,B,Male,C++,MongoDB,None,Node.js,Tableau,Leadership,43,49,62,62,0,4,2,Software Developer,56,Medium
AIML1236,Abhinav Reddy,AIML,Final Year,A,Female,Python,Oracle,Azure,FastAPI,NumPy,Problem Solving,85,42,83,67,1,6,1,Cyber Security Analyst,78,Low
IT1237,Rakesh Yadav,IT,Final Year,G,Female,Java,SQL Server,AWS,Django,NumPy,Leadership,92,70,78,70,5,1,0,Business Analyst,91,Low
MECH1238,Varun Das,MECH,Final Year,A,Male,C,SQL Server,Azure,Django,Pandas,Teamwork,43,44,48,48,5,1,1,Data Analyst,66,Medium
MECH1239,Venkatesh Naidu,MECH,Final Year,G,Male,C++,PostgreSQL,Google Cloud,HTML/CSS/JS,NumPy,Leadership,80,87,77,78,5,6,1,Data Analyst,100,Low
AIDS1240,Divya Reddy,AIDS,Final Year,B,Male,Java,Oracle,Google Cloud,Node.js,Tableau,Communication,92,59,50,88,5,6,3,Business Analyst,100,Low
MECH1241,Sai Naidu,MECH,Final Year,C,Male,C,SQL Server,Google Cloud,React,Power BI,Communication,66,77,55,49,4,2,0,Web Developer,73,Medium
IT1242,Meghana Varma,IT,Final Year,B,Female,Java,SQL Server,Azure,FastAPI,Excel,Time Management,85,53,77,60,1,4,3,Web Developer,79,Low
MECH1243,Akhil Varma,MECH,Final Year,E,Male,C,MySQL,Google Cloud,Django,Tableau,Time Management,39,86,46,94,5,5,0,Cloud Engineer,85,Low
IT1244,Deepika Gupta,IT,Final Year,F,Female,JavaScript,MongoDB,Google Cloud,FastAPI,Tableau,Communication,71,94,77,40,4,5,3,AI/ML Engineer,94,Low
AIML1245,Siva Yadav,AIML,Final Year,H,Male,C++,PostgreSQL,AWS,FastAPI,Excel,Leadership,36,51,45,62,1,5,0,Software Developer,53,High
ECE1246,Sanjana Yadav,ECE,Final Year,H,Female,Python,PostgreSQL,Google Cloud,React,Power BI,Time Management,50,83,80,62,4,3,3,AI/ML Engineer,87,Low
CSE1247,Pranav Yadav,CSE,Final Year,G,Male,JavaScript,Oracle,None,Node.js,Excel,Leadership,62,66,92,65,1,0,1,Data Analyst,63,Medium
AIML1248,Ananya Gupta,AIML,Final Year,B,Female,C++,Oracle,None,HTML/CSS/JS,Pandas,Teamwork,50,88,75,94,1,5,2,Data Analyst,79,Low
CIVIL1249,Akash Naidu,CIVIL,Final Year,A,Female,C++,PostgreSQL,AWS,HTML/CSS/JS,NumPy,Teamwork,46,49,42,44,0,1,0,AI/ML Engineer,38,High
AIML1250,Priya Varma,AIML,Final Year,E,Female,C,MongoDB,Google Cloud,HTML/CSS/JS,Pandas,Teamwork,65,35,80,38,0,1,3,AI/ML Engineer,55,Medium
AIDS1251,Manoj Varma,AIDS,Final Year,A,Female,C,SQL Server,Google Cloud,HTML/CSS/JS,Pandas,Time Management,63,94,54,91,0,3,1,Cyber Security Analyst,68,Medium
CIVIL1252,Sanjana Varma,CIVIL,Final Year,C,Female,Python,MySQL,None,Node.js,Tableau,Teamwork,79,49,65,47,0,4,3,Cloud Engineer,67,Medium
AIML1253,Aarav Rao,AIML,Final Year,F,Female,Python,MySQL,Google Cloud,Node.js,NumPy,Problem Solving,49,55,48,38,5,2,3,Web Developer,76,Low
IT1254,Siva Das,IT,Final Year,F,Female,Java,Oracle,Azure,FastAPI,Pandas,Leadership,62,54,50,40,2,4,2,AI/ML Engineer,66,Medium
CIVIL1255,Varun Patel,CIVIL,Final Year,B,Female,C++,SQL Server,None,Node.js,Tableau,Teamwork,83,51,90,92,2,5,1,Cloud Engineer,87,Low
IT1256,Harsha Kumar,IT,Final Year,C,Male,C,Oracle,Azure,HTML/CSS/JS,Power BI,Teamwork,52,72,63,53,1,4,2,Cyber Security Analyst,65,Medium
EEE1257,Divya Rao,EEE,Final Year,B,Male,Python,Oracle,Google Cloud,HTML/CSS/JS,Pandas,Leadership,73,81,65,81,1,4,2,Software Developer,79,Low
AIML1258,Sneha Joshi,AIML,Final Year,G,Female,Java,MySQL,Azure,React,Pandas,Communication,65,55,54,92,4,2,1,Cloud Engineer,81,Low
CIVIL1259,Akash Rao,CIVIL,Final Year,D,Male,C,Oracle,Azure,Node.js,Excel,Leadership,35,37,54,52,4,3,2,Cyber Security Analyst,67,Medium
CSE1260,Varun Gupta,CSE,Final Year,G,Male,Java,MongoDB,AWS,Node.js,Excel,Leadership,81,90,64,56,3,6,2,AI/ML Engineer,92,Low
CIVIL1261,Varun Naidu,CIVIL,Final Year,E,Male,JavaScript,MongoDB,None,React,NumPy,Problem Solving,86,40,94,71,4,1,0,Cloud Engineer,82,Low
MECH1262,Charan Sharma,MECH,Final Year,G,Male,C++,SQL Server,None,Node.js,Excel,Communication,49,94,69,70,2,0,1,Cloud Engineer,66,Medium
ECE1263,Dhanush Yadav,ECE,Final Year,H,Female,Python,PostgreSQL,Azure,Django,Pandas,Teamwork,46,51,61,48,5,0,0,Cloud Engineer,65,Medium
AIDS1264,Sowmya Reddy,AIDS,Final Year,H,Female,JavaScript,MySQL,AWS,HTML/CSS/JS,Tableau,Leadership,71,90,52,59,4,0,1,Business Analyst,77,Low
MECH1265,Bhavana Rao,MECH,Final Year,E,Female,Python,SQL Server,Google Cloud,Node.js,Excel,Teamwork,48,88,55,38,1,1,2,Software Developer,56,Medium
AIDS1266,Anjali Kumar,AIDS,Final Year,C,Female,C++,PostgreSQL,None,Django,Power BI,Leadership,47,43,68,44,4,6,1,Software Developer,75,Low
AIDS1267,Venkatesh Joshi,AIDS,Final Year,B,Female,JavaScript,MySQL,Azure,Node.js,Excel,Leadership,36,49,47,51,3,3,3,Software Developer,65,Medium
AIML1268,Ishitha Yadav,AIML,Final Year,F,Male,C++,MySQL,None,FastAPI,Power BI,Problem Solving,74,74,57,83,2,1,0,Data Analyst,70,Medium
CSE1269,Anjali Kumar,CSE,Final Year,C,Female,Python,PostgreSQL,Azure,HTML/CSS/JS,NumPy,Teamwork,87,66,45,50,0,1,2,Web Developer,61,Medium
AIML1270,Pranav Joshi,AIML,Final Year,G,Female,Python,Oracle,AWS,React,Pandas,Leadership,45,77,86,43,2,0,2,Software Developer,63,Medium
AIML1271,Aditya Varma,AIML,Final Year,F,Male,Python,SQL Server,None,Django,Tableau,Problem Solving,41,74,85,88,4,6,1,Cloud Engineer,89,Low
AIML1272,Naveen Das,AIML,Final Year,E,Female,Java,SQL Server,Azure,Django,NumPy,Communication,46,44,55,73,0,6,2,Cyber Security Analyst,61,Medium
ECE1273,Akhil Kumar,ECE,Final Year,B,Female,Java,SQL Server,Azure,Node.js,Pandas,Time Management,84,95,39,85,1,0,1,Software Developer,70,Medium
CSE1274,Sneha Sharma,CSE,Final Year,C,Female,Java,MongoDB,None,HTML/CSS/JS,Excel,Communication,64,89,38,90,3,2,0,Business Analyst,75,Low
IT1275,Charan Rao,IT,Final Year,H,Female,JavaScript,Oracle,Google Cloud,Django,Power BI,Time Management,55,82,91,92,0,3,0,Data Analyst,67,Medium
MECH1276,Nandini Yadav,MECH,Final Year,F,Female,Java,PostgreSQL,None,Node.js,Power BI,Communication,58,89,53,44,1,0,3,Data Analyst,62,Medium
AIDS1277,Shreya Gupta,AIDS,Final Year,F,Male,Java,PostgreSQL,AWS,HTML/CSS/JS,Power BI,Leadership,53,53,54,63,0,2,3,AI/ML Engineer,58,Medium
MECH1278,Krishna Sharma,MECH,Final Year,H,Female,C,MySQL,Azure,React,Tableau,Time Management,78,59,84,67,5,2,0,AI/ML Engineer,87,Low
MECH1279,Charan Singh,MECH,Final Year,H,Female,JavaScript,PostgreSQL,None,FastAPI,Power BI,Leadership,95,91,73,82,2,3,1,Cloud Engineer,88,Low
CIVIL1280,Shreya Rao,CIVIL,Final Year,A,Female,Java,PostgreSQL,Google Cloud,HTML/CSS/JS,Power BI,Communication,61,40,91,60,2,4,0,Data Analyst,68,Medium
ECE1281,Sanjay Naidu,ECE,Final Year,F,Female,Java,Oracle,Google Cloud,React,Excel,Teamwork,94,90,94,84,3,1,0,Data Analyst,90,Low
EEE1282,Pooja Varma,EEE,Final Year,B,Female,C,PostgreSQL,None,Node.js,Pandas,Leadership,87,74,81,53,5,6,1,Software Developer,100,Low
MECH1283,Ishitha Gupta,MECH,Final Year,D,Male,JavaScript,Oracle,AWS,HTML/CSS/JS,Tableau,Communication,47,48,81,41,1,5,0,Software Developer,57,Medium
IT1284,Arjun Varma,IT,Final Year,G,Female,Python,PostgreSQL,Azure,React,Power BI,Communication,58,82,53,67,5,0,2,AI/ML Engineer,82,Low
AIDS1285,Anjali Yadav,AIDS,Final Year,A,Male,C++,MySQL,AWS,HTML/CSS/JS,Excel,Time Management,55,51,70,69,0,3,2,Cloud Engineer,60,Medium
AIDS1286,Naveen Patel,AIDS,Final Year,G,Female,Java,Oracle,None,FastAPI,NumPy,Problem Solving,50,88,55,68,2,6,3,Web Developer,81,Low
IT1287,Akash Sharma,IT,Final Year,C,Male,JavaScript,SQL Server,Azure,Node.js,Tableau,Leadership,42,74,44,80,3,6,1,Data Analyst,76,Low
MECH1288,Sanjana Joshi,MECH,Final Year,B,Male,Python,MySQL,Google Cloud,Node.js,NumPy,Teamwork,69,48,85,42,2,5,3,AI/ML Engineer,78,Low
AIML1289,Bhavana Das,AIML,Final Year,D,Male,JavaScript,SQL Server,Azure,FastAPI,NumPy,Time Management,73,74,52,71,5,4,0,Web Developer,88,Low
CSE1290,Manoj Sharma,CSE,Final Year,C,Female,Python,PostgreSQL,None,FastAPI,Pandas,Communication,82,79,82,45,5,0,0,Software Developer,83,Low
EEE1291,Divya Das,EEE,Final Year,A,Female,JavaScript,SQL Server,Azure,React,Excel,Teamwork,75,37,55,86,1,2,1,AI/ML Engineer,66,Medium
ECE1292,Priya Varma,ECE,Final Year,D,Male,C,Oracle,Azure,HTML/CSS/JS,NumPy,Communication,38,63,60,69,5,3,1,Business Analyst,78,Low
ECE1293,Sahithi Varma,ECE,Final Year,C,Female,JavaScript,PostgreSQL,None,Node.js,Power BI,Problem Solving,61,92,82,40,4,2,0,Web Developer,76,Low
AIML1294,Dhanush Joshi,AIML,Final Year,C,Male,Python,PostgreSQL,None,HTML/CSS/JS,Tableau,Communication,35,39,47,44,5,4,1,Data Analyst,68,Medium
EEE1295,Rahul Singh,EEE,Final Year,G,Male,C++,PostgreSQL,None,HTML/CSS/JS,Excel,Time Management,65,55,80,95,5,5,0,Cyber Security Analyst,94,Low
CSE1296,Anjali Singh,CSE,Final Year,H,Female,C,MongoDB,Azure,React,NumPy,Time Management,41,89,76,87,2,1,0,AI/ML Engineer,66,Medium
IT1297,Srikanth Singh,IT,Final Year,C,Male,C,Oracle,AWS,Django,NumPy,Problem Solving,72,89,69,76,1,4,2,Cloud Engineer,80,Low
ECE1298,Krishna Singh,ECE,Final Year,D,Female,C,SQL Server,Google Cloud,FastAPI,NumPy,Problem Solving,83,45,74,90,2,4,0,Data Analyst,79,Low
ECE1299,Sanjay Gupta,ECE,Final Year,A,Female,C++,MongoDB,Azure,HTML/CSS/JS,Tableau,Problem Solving,75,75,35,83,3,5,2,Data Analyst,87,Low
MECH1300,Sai Kumar,MECH,Final Year,H,Female,C,PostgreSQL,None,FastAPI,NumPy,Teamwork,39,83,63,71,4,3,3,Software Developer,83,Low
AIML1301,Neha Singh,AIML,Final Year,D,Female,C++,Oracle,Google Cloud,HTML/CSS/JS,NumPy,Teamwork,60,52,39,67,1,6,2,Software Developer,68,Medium
AIML1302,Karthik Naidu,AIML,Final Year,A,Male,JavaScript,MongoDB,Azure,FastAPI,NumPy,Time Management,86,69,41,59,2,6,0,Cloud Engineer,76,Low
AIDS1303,Shreya Kumar,AIDS,Final Year,A,Male,Python,MongoDB,Azure,React,Excel,Leadership,60,43,64,37,3,3,2,AI/ML Engineer,68,Medium
MECH1304,Srikanth Kumar,MECH,Final Year,F,Female,JavaScript,MongoDB,Google Cloud,HTML/CSS/JS,Excel,Leadership,35,70,91,69,4,4,1,Business Analyst,79,Low
MECH1305,Divya Kumar,MECH,Final Year,C,Female,JavaScript,Oracle,Azure,HTML/CSS/JS,NumPy,Problem Solving,51,88,89,82,0,4,2,Cyber Security Analyst,72,Medium
CIVIL1306,Deepika Kumar,CIVIL,Final Year,F,Female,Python,MySQL,AWS,Node.js,Excel,Teamwork,81,59,83,78,3,0,2,Web Developer,82,Low
MECH1307,Aditya Das,MECH,Final Year,H,Male,Python,Oracle,Google Cloud,HTML/CSS/JS,Power BI,Problem Solving,69,77,89,92,2,3,3,AI/ML Engineer,89,Low
IT1308,Dhanush Patel,IT,Final Year,E,Female,JavaScript,SQL Server,Azure,FastAPI,Excel,Communication,42,75,83,48,3,2,0,Software Developer,65,Medium
MECH1309,Keerthi Kumar,MECH,Final Year,G,Male,Java,Oracle,AWS,FastAPI,Pandas,Teamwork,77,56,62,70,3,6,2,Data Analyst,88,Low
ECE1310,Charan Reddy,ECE,Final Year,A,Female,Python,MongoDB,Google Cloud,HTML/CSS/JS,NumPy,Problem Solving,90,65,43,55,3,6,1,Data Analyst,84,Low
EEE1311,Krishna Naidu,EEE,Final Year,D,Female,Java,MongoDB,None,React,Tableau,Problem Solving,54,65,92,59,2,4,2,Web Developer,76,Low
CIVIL1312,Manoj Sharma,CIVIL,Final Year,B,Male,Java,MySQL,Azure,HTML/CSS/JS,Power BI,Teamwork,35,66,88,40,1,2,2,Web Developer,57,Medium
CSE1313,Sneha Rao,CSE,Final Year,H,Female,Python,PostgreSQL,None,Node.js,Power BI,Communication,94,90,39,94,5,6,3,Data Analyst,100,Low
ECE1314,Sanjay Yadav,ECE,Final Year,E,Male,C,MongoDB,Azure,HTML/CSS/JS,Tableau,Time Management,55,80,78,55,4,2,1,Data Analyst,78,Low
CIVIL1315,Lakshmi Kumar,CIVIL,Final Year,A,Female,Java,MongoDB,AWS,FastAPI,Excel,Time Management,55,66,58,74,0,3,0,Software Developer,56,Medium
MECH1316,Arjun Patel,MECH,Final Year,H,Female,JavaScript,MySQL,Google Cloud,FastAPI,Pandas,Teamwork,52,65,49,83,2,5,1,Cloud Engineer,72,Medium
IT1317,Dhanush Singh,IT,Final Year,A,Male,C,MySQL,Google Cloud,HTML/CSS/JS,Tableau,Time Management,64,47,51,53,4,1,0,Cloud Engineer,66,Medium
EEE1318,Abhinav Das,EEE,Final Year,H,Male,Python,Oracle,Azure,FastAPI,Excel,Communication,79,47,50,87,5,4,1,Cyber Security Analyst,92,Low
IT1319,Akash Naidu,IT,Final Year,C,Male,C++,PostgreSQL,None,HTML/CSS/JS,Pandas,Leadership,35,53,87,70,3,1,2,Web Developer,68,Medium
AIML1320,Sanjana Reddy,AIML,Final Year,F,Female,C++,SQL Server,Google Cloud,Node.js,Tableau,Leadership,65,86,86,85,4,0,0,AI/ML Engineer,82,Low
AIML1321,Akash Patel,AIML,Final Year,D,Male,Java,MongoDB,Google Cloud,FastAPI,Pandas,Communication,82,65,63,82,3,1,3,AI/ML Engineer,86,Low
AIDS1322,Abhinav Reddy,AIDS,Final Year,A,Female,Java,Oracle,Google Cloud,FastAPI,Pandas,Teamwork,92,56,38,74,4,4,0,Web Developer,84,Low
AIML1323,Rohit Patel,AIML,Final Year,E,Male,Java,Oracle,AWS,HTML/CSS/JS,Power BI,Teamwork,45,41,80,40,4,4,3,Web Developer,77,Low
MECH1324,Sneha Joshi,MECH,Final Year,F,Male,C,MongoDB,Google Cloud,HTML/CSS/JS,NumPy,Problem Solving,72,58,63,45,4,2,3,Cloud Engineer,82,Low
IT1325,Anjali Patel,IT,Final Year,D,Female,JavaScript,MySQL,Azure,Node.js,Excel,Problem Solving,82,72,64,81,4,4,0,Business Analyst,89,Low
IT1326,Deepika Varma,IT,Final Year,H,Male,C,MySQL,Google Cloud,HTML/CSS/JS,NumPy,Teamwork,93,51,94,56,0,6,2,Business Analyst,79,Low
AIDS1327,Akhil Gupta,AIDS,Final Year,D,Female,JavaScript,MySQL,AWS,Node.js,Power BI,Communication,48,68,67,56,3,6,0,Business Analyst,73,Medium
IT1328,Aditya Naidu,IT,Final Year,F,Male,C++,MongoDB,AWS,React,NumPy,Time Management,75,89,45,88,0,3,3,AI/ML Engineer,75,Low
AIDS1329,Venkatesh Singh,AIDS,Final Year,A,Female,C,Oracle,Azure,Node.js,Tableau,Communication,75,88,77,55,5,4,0,Business Analyst,91,Low
EEE1330,Sanjana Singh,EEE,Final Year,E,Male,Java,SQL Server,AWS,React,Excel,Time Management,50,85,72,40,0,1,1,Business Analyst,52,High
CIVIL1331,Riya Joshi,CIVIL,Final Year,B,Male,C++,MySQL,Azure,FastAPI,Excel,Time Management,38,79,68,55,4,6,0,Business Analyst,76,Low
MECH1332,Nandini Varma,MECH,Final Year,C,Female,C++,MySQL,Azure,Django,Power BI,Problem Solving,48,60,39,92,2,5,3,Data Analyst,77,Low
IT1333,Lakshmi Das,IT,Final Year,F,Female,Java,MongoDB,None,HTML/CSS/JS,Power BI,Leadership,57,50,86,74,0,5,0,Web Developer,62,Medium
IT1334,Charan Naidu,IT,Final Year,F,Male,C++,MongoDB,None,Node.js,Excel,Teamwork,90,59,87,59,1,4,3,AI/ML Engineer,83,Low
IT1335,Priya Kumar,IT,Final Year,C,Female,C,MongoDB,Azure,FastAPI,NumPy,Communication,77,43,88,67,1,3,3,Data Analyst,76,Low
AIDS1336,Varun Yadav,AIDS,Final Year,G,Male,C,MySQL,Google Cloud,Node.js,Tableau,Leadership,68,40,59,86,2,2,0,Business Analyst,66,Medium
CSE1337,Meghana Reddy,CSE,Final Year,A,Male,Python,Oracle,None,Django,Power BI,Teamwork,69,90,87,75,2,3,2,Software Developer,84,Low
CSE1338,Sneha Patel,CSE,Final Year,E,Female,Java,SQL Server,Azure,React,Tableau,Leadership,66,61,48,62,1,6,0,Cloud Engineer,66,Medium
IT1339,Rakesh Varma,IT,Final Year,E,Male,JavaScript,Oracle,Azure,HTML/CSS/JS,Tableau,Leadership,94,36,71,61,4,6,0,Cyber Security Analyst,88,Low
ECE1340,Lakshmi Das,ECE,Final Year,H,Male,Java,Oracle,Google Cloud,HTML/CSS/JS,NumPy,Problem Solving,83,52,90,55,2,0,1,Business Analyst,70,Medium
AIML1341,Ishitha Joshi,AIML,Final Year,A,Male,Python,SQL Server,Google Cloud,Node.js,Excel,Problem Solving,86,70,70,42,0,6,3,Business Analyst,76,Low
MECH1342,Dhanush Sharma,MECH,Final Year,G,Female,Java,Oracle,AWS,HTML/CSS/JS,Pandas,Leadership,70,65,63,76,5,2,1,Web Developer,87,Low
AIML1343,Sneha Varma,AIML,Final Year,A,Male,C,MySQL,Google Cloud,React,Power BI,Communication,73,35,74,93,0,2,1,AI/ML Engineer,64,Medium
ECE1344,Siva Kumar,ECE,Final Year,F,Female,C,PostgreSQL,Google Cloud,Django,Power BI,Communication,94,51,39,76,1,6,1,Software Developer,77,Low
AIML1345,Sanjana Sharma,AIML,Final Year,C,Female,Java,MySQL,Google Cloud,Django,Excel,Communication,38,80,79,66,5,4,2,Software Developer,87,Low
CIVIL1346,Ishitha Das,CIVIL,Final Year,H,Male,Java,Oracle,AWS,React,NumPy,Problem Solving,80,74,54,41,5,1,1,Business Analyst,81,Low
AIML1347,Arjun Rao,AIML,Final Year,E,Male,Java,SQL Server,Google Cloud,HTML/CSS/JS,Pandas,Leadership,46,46,58,40,3,6,2,Business Analyst,70,Medium
MECH1348,Pooja Reddy,MECH,Final Year,G,Male,Java,PostgreSQL,None,React,Excel,Time Management,88,74,38,37,1,2,3,AI/ML Engineer,69,Medium
CSE1349,Shreya Naidu,CSE,Final Year,D,Female,C,MySQL,Azure,HTML/CSS/JS,Pandas,Problem Solving,79,76,45,38,1,6,0,Software Developer,66,Medium
AIDS1350,Aditya Reddy,AIDS,Final Year,H,Male,Java,MySQL,Google Cloud,Node.js,Pandas,Time Management,72,36,35,56,3,3,2,Software Developer,70,Medium
ECE1351,Bhavana Reddy,ECE,Final Year,B,Male,C++,Oracle,AWS,React,Pandas,Leadership,74,64,40,47,0,5,3,Data Analyst,66,Medium
AIDS1352,Neha Reddy,AIDS,Final Year,H,Male,JavaScript,MySQL,None,React,Pandas,Problem Solving,44,46,42,36,2,2,2,Web Developer,54,High
ECE1353,Keerthi Patel,ECE,Final Year,C,Male,JavaScript,MySQL,None,React,Pandas,Teamwork,54,50,61,38,1,6,1,Business Analyst,60,Medium
CIVIL1354,Venkatesh Yadav,CIVIL,Final Year,A,Female,Java,MySQL,None,React,Power BI,Teamwork,46,48,93,72,2,6,0,Data Analyst,71,Medium
MECH1355,Amrutha Sharma,MECH,Final Year,C,Female,C,SQL Server,Azure,FastAPI,NumPy,Communication,48,78,46,61,5,5,2,Cloud Engineer,86,Low
AIDS1356,Nandini Kumar,AIDS,Final Year,C,Male,Python,SQL Server,Google Cloud,HTML/CSS/JS,Excel,Leadership,52,95,57,87,5,2,2,Software Developer,91,Low
IT1357,Shreya Das,IT,Final Year,G,Female,JavaScript,MySQL,Google Cloud,HTML/CSS/JS,NumPy,Communication,45,86,62,69,3,6,2,Web Developer,82,Low
AIML1358,Priya Patel,AIML,Final Year,A,Male,JavaScript,SQL Server,None,Node.js,Power BI,Problem Solving,59,38,93,35,4,4,2,Cloud Engineer,78,Low
AIML1359,Abhinav Kumar,AIML,Final Year,G,Male,JavaScript,MySQL,AWS,HTML/CSS/JS,Excel,Problem Solving,53,74,89,71,1,0,3,Cloud Engineer,69,Medium
AIDS1360,Bhavana Reddy,AIDS,Final Year,D,Female,JavaScript,PostgreSQL,Azure,Django,Power BI,Teamwork,69,52,67,62,2,3,0,AI/ML Engineer,67,Medium
CIVIL1361,Aarav Naidu,CIVIL,Final Year,F,Male,C++,SQL Server,Azure,Node.js,Excel,Leadership,39,45,47,82,5,3,1,Business Analyst,76,Low
EEE1362,Divya Gupta,EEE,Final Year,B,Male,Java,MySQL,AWS,React,Excel,Time Management,68,59,50,85,2,5,3,Cyber Security Analyst,83,Low
CSE1363,Sanjana Joshi,CSE,Final Year,C,Male,JavaScript,Oracle,AWS,React,Tableau,Communication,60,86,35,36,4,6,0,Cyber Security Analyst,75,Low
ECE1364,Sahithi Joshi,ECE,Final Year,F,Female,C,PostgreSQL,None,HTML/CSS/JS,NumPy,Time Management,81,64,82,80,4,0,3,Software Developer,91,Low
IT1365,Dhanush Sharma,IT,Final Year,G,Male,JavaScript,SQL Server,None,Django,Pandas,Leadership,37,38,36,93,4,6,2,Web Developer,79,Low
IT1366,Harsha Naidu,IT,Final Year,C,Female,Java,SQL Server,AWS,React,NumPy,Communication,55,40,77,73,4,5,2,Web Developer,85,Low
ECE1367,Pranav Naidu,ECE,Final Year,G,Female,Python,PostgreSQL,Google Cloud,React,Excel,Teamwork,48,55,83,50,2,3,3,Software Developer,70,Medium
MECH1368,Venkatesh Kumar,MECH,Final Year,C,Male,JavaScript,MongoDB,None,FastAPI,Pandas,Leadership,80,38,41,38,4,1,2,Web Developer,71,Medium
ECE1369,Akash Singh,ECE,Final Year,E,Female,Java,PostgreSQL,None,HTML/CSS/JS,Tableau,Communication,44,92,60,44,0,4,2,AI/ML Engineer,59,Medium
ECE1370,Karthik Reddy,ECE,Final Year,C,Male,C,PostgreSQL,Google Cloud,Node.js,Pandas,Teamwork,45,95,94,49,2,3,0,Software Developer,68,Medium
ECE1371,Aadhya Patel,ECE,Final Year,G,Male,JavaScript,MongoDB,AWS,HTML/CSS/JS,Excel,Problem Solving,95,39,75,46,5,2,2,AI/ML Engineer,90,Low
CSE1372,Arjun Singh,CSE,Final Year,B,Male,Python,SQL Server,Azure,Node.js,Excel,Teamwork,62,61,36,38,0,1,1,AI/ML Engineer,46,High
IT1373,Rakesh Joshi,IT,Final Year,G,Female,Java,PostgreSQL,Azure,HTML/CSS/JS,Pandas,Communication,57,40,43,36,5,2,2,Software Developer,72,Medium
CIVIL1374,Sneha Patel,CIVIL,Final Year,G,Male,Java,MongoDB,Google Cloud,FastAPI,Excel,Teamwork,76,46,92,44,3,3,1,Business Analyst,76,Low
IT1375,Arjun Patel,IT,Final Year,D,Female,JavaScript,MySQL,Google Cloud,Node.js,Excel,Teamwork,66,81,82,86,5,1,2,Cyber Security Analyst,94,Low
AIDS1376,Priya Yadav,AIDS,Final Year,C,Female,Python,SQL Server,None,HTML/CSS/JS,Power BI,Leadership,95,55,83,41,5,5,1,Business Analyst,95,Low
AIML1377,Akash Gupta,AIML,Final Year,H,Female,Python,Oracle,None,FastAPI,Pandas,Teamwork,94,79,85,60,1,6,1,Cloud Engineer,85,Low
AIML1378,Abhinav Varma,AIML,Final Year,B,Female,JavaScript,MongoDB,Google Cloud,FastAPI,Pandas,Communication,77,45,72,38,5,1,2,Software Developer,81,Low
AIML1379,Nandini Das,AIML,Final Year,C,Male,C++,PostgreSQL,Azure,Node.js,Tableau,Teamwork,86,48,54,38,2,5,3,Web Developer,78,Low
ECE1380,Tejaswi Patel,ECE,Final Year,E,Male,Python,MongoDB,None,Django,NumPy,Teamwork,45,57,51,71,1,0,3,Web Developer,58,Medium
IT1381,Keerthi Sharma,IT,Final Year,F,Female,Python,Oracle,None,Node.js,NumPy,Time Management,40,68,44,64,1,0,3,Data Analyst,56,Medium
ECE1382,Amrutha Kumar,ECE,Final Year,C,Male,Python,Oracle,Google Cloud,HTML/CSS/JS,Pandas,Time Management,36,60,60,51,0,2,0,Business Analyst,43,High
ECE1383,Siva Joshi,ECE,Final Year,G,Male,C++,MongoDB,Azure,Django,Excel,Leadership,50,90,36,42,5,3,0,Cloud Engineer,73,Medium
EEE1384,Pranav Das,EEE,Final Year,A,Male,C,PostgreSQL,AWS,HTML/CSS/JS,Pandas,Communication,38,47,45,38,5,1,0,AI/ML Engineer,60,Medium
IT1385,Priya Yadav,IT,Final Year,G,Male,C++,MySQL,AWS,Node.js,Tableau,Problem Solving,87,42,50,41,5,3,0,AI/ML Engineer,79,Low
IT1386,Rohit Naidu,IT,Final Year,F,Male,C,PostgreSQL,Google Cloud,HTML/CSS/JS,Excel,Time Management,51,41,72,76,2,6,3,Business Analyst,78,Low
IT1387,Rohit Yadav,IT,Final Year,H,Male,Python,PostgreSQL,None,Django,Power BI,Teamwork,68,45,80,42,0,3,1,AI/ML Engineer,57,Medium
AIML1388,Siva Singh,AIML,Final Year,C,Male,Java,SQL Server,AWS,Node.js,Pandas,Communication,95,61,41,62,0,4,0,Business Analyst,64,Medium
EEE1389,Pranav Varma,EEE,Final Year,B,Male,JavaScript,Oracle,None,Django,Pandas,Problem Solving,84,42,69,47,3,2,1,Software Developer,73,Medium
ECE1390,Karthik Sharma,ECE,Final Year,C,Male,C++,Oracle,AWS,HTML/CSS/JS,Tableau,Teamwork,64,90,67,37,0,1,2,Web Developer,58,Medium
AIDS1391,Priya Patel,AIDS,Final Year,G,Female,Java,PostgreSQL,AWS,FastAPI,NumPy,Communication,85,59,73,77,3,4,2,Business Analyst,90,Low
CSE1392,Krishna Kumar,CSE,Final Year,B,Female,C,SQL Server,Google Cloud,React,Pandas,Time Management,79,42,50,71,2,5,1,Software Developer,75,Low
MECH1393,Bhavana Patel,MECH,Final Year,D,Male,Java,SQL Server,AWS,React,Pandas,Communication,48,47,58,37,5,4,2,Business Analyst,77,Low
EEE1394,Akash Kumar,EEE,Final Year,F,Male,JavaScript,PostgreSQL,Google Cloud,HTML/CSS/JS,Tableau,Time Management,39,49,36,35,2,0,3,AI/ML Engineer,50,High
CSE1395,Karthik Varma,CSE,Final Year,D,Male,Java,MySQL,Google Cloud,React,Pandas,Problem Solving,81,58,83,86,5,4,3,Web Developer,100,Low
CIVIL1396,Arjun Singh,CIVIL,Final Year,G,Male,Java,MongoDB,AWS,React,Excel,Teamwork,36,87,42,91,2,3,3,Cloud Engineer,73,Medium
CIVIL1397,Amrutha Rao,CIVIL,Final Year,D,Female,C,PostgreSQL,Google Cloud,Django,Excel,Leadership,69,84,39,92,3,3,2,Business Analyst,85,Low
AIML1398,Dhanush Joshi,AIML,Final Year,G,Male,JavaScript,MySQL,Google Cloud,Django,Tableau,Leadership,59,89,95,75,0,6,3,Data Analyst,81,Low
ECE1399,Amrutha Kumar,ECE,Final Year,H,Male,C++,MongoDB,None,Django,Tableau,Problem Solving,84,64,64,44,0,2,0,Cyber Security Analyst,57,Medium
CSE1400,Srikanth Joshi,CSE,Final Year,A,Male,JavaScript,SQL Server,AWS,Django,Pandas,Teamwork,83,76,65,69,5,6,1,Cyber Security Analyst,100,Low
IT1401,Keerthi Das,IT,Final Year,F,Female,C,MongoDB,Google Cloud,Node.js,NumPy,Communication,84,46,91,63,2,6,0,Business Analyst,80,Low
ECE1402,Pranav Rao,ECE,Final Year,E,Male,C,MySQL,Azure,HTML/CSS/JS,Power BI,Teamwork,51,84,83,60,5,4,3,Data Analyst,94,Low
AIML1403,Varun Sharma,AIML,Final Year,F,Male,C,SQL Server,Google Cloud,Node.js,Excel,Problem Solving,76,92,59,78,1,1,3,Software Developer,77,Low
AIDS1404,Aditya Varma,AIDS,Final Year,A,Female,C,SQL Server,Azure,Django,NumPy,Leadership,48,92,68,62,5,4,3,AI/ML Engineer,93,Low
AIDS1405,Rohit Gupta,AIDS,Final Year,C,Female,JavaScript,PostgreSQL,Azure,React,Tableau,Teamwork,84,50,51,35,2,6,0,Web Developer,69,Medium
EEE1406,Sowmya Joshi,EEE,Final Year,F,Female,JavaScript,SQL Server,AWS,Django,NumPy,Problem Solving,62,95,51,84,0,2,1,Web Developer,64,Medium
AIML1407,Rohit Patel,AIML,Final Year,C,Male,Python,SQL Server,None,FastAPI,Tableau,Teamwork,51,45,62,89,0,4,0,Data Analyst,57,Medium
AIML1408,Amrutha Reddy,AIML,Final Year,H,Female,Java,SQL Server,Azure,FastAPI,Power BI,Leadership,38,80,46,46,5,1,3,Software Developer,76,Low
AIML1409,Karthik Patel,AIML,Final Year,G,Male,C,Oracle,AWS,FastAPI,Excel,Problem Solving,45,38,84,53,1,4,2,Software Developer,61,Medium
CSE1410,Neha Gupta,CSE,Final Year,A,Male,C++,PostgreSQL,AWS,FastAPI,NumPy,Communication,48,72,89,86,1,1,0,Data Analyst,63,Medium
MECH1411,Aadhya Sharma,MECH,Final Year,B,Female,Java,SQL Server,Google Cloud,FastAPI,Excel,Communication,62,69,36,90,0,3,3,Business Analyst,67,Medium
EEE1412,Harsha Patel,EEE,Final Year,G,Male,C,MySQL,Google Cloud,React,Excel,Teamwork,72,47,48,46,3,6,3,Data Analyst,81,Low
IT1413,Naveen Naidu,IT,Final Year,E,Male,C,PostgreSQL,Google Cloud,FastAPI,Pandas,Leadership,93,70,35,69,1,4,0,Web Developer,70,Medium
ECE1414,Rakesh Rao,ECE,Final Year,B,Male,C++,Oracle,Google Cloud,React,NumPy,Leadership,82,73,49,43,3,5,1,Business Analyst,80,Low
IT1415,Naveen Yadav,IT,Final Year,F,Male,C,PostgreSQL,Google Cloud,React,Tableau,Time Management,87,62,38,43,3,5,3,Cyber Security Analyst,84,Low
AIML1416,Pranav Joshi,AIML,Final Year,A,Female,Java,Oracle,Google Cloud,Django,Power BI,Time Management,66,51,74,82,5,4,2,Software Developer,94,Low
MECH1417,Bhavana Gupta,MECH,Final Year,A,Male,Python,SQL Server,None,Django,Pandas,Communication,45,37,69,35,5,5,0,AI/ML Engineer,71,Medium
ECE1418,Bhavana Naidu,ECE,Final Year,D,Male,Python,MongoDB,Google Cloud,Node.js,NumPy,Communication,52,51,69,71,0,4,1,Data Analyst,59,Medium
EEE1419,Aditya Reddy,EEE,Final Year,D,Female,Java,MySQL,Azure,Node.js,Tableau,Communication,37,44,86,58,5,6,2,Cloud Engineer,85,Low
MECH1420,Chaitanya Sharma,MECH,Final Year,D,Male,C++,MySQL,Azure,FastAPI,NumPy,Time Management,87,70,86,70,2,5,1,AI/ML Engineer,86,Low
MECH1421,Anjali Patel,MECH,Final Year,E,Male,Java,SQL Server,Azure,HTML/CSS/JS,Pandas,Leadership,35,86,69,36,2,4,1,Software Developer,62,Medium
ECE1422,Ananya Rao,ECE,Final Year,D,Female,JavaScript,MySQL,None,Django,NumPy,Problem Solving,55,93,90,74,4,4,1,Software Developer,90,Low
AIDS1423,Ishitha Yadav,AIDS,Final Year,B,Male,Java,MySQL,None,FastAPI,Tableau,Time Management,58,52,45,39,0,3,1,AI/ML Engineer,49,High
AIML1424,Dhanush Joshi,AIML,Final Year,G,Male,C++,Oracle,AWS,HTML/CSS/JS,Power BI,Leadership,60,63,39,79,1,0,3,Cloud Engineer,63,Medium
AIDS1425,Pooja Reddy,AIDS,Final Year,H,Male,C++,SQL Server,Google Cloud,Node.js,NumPy,Problem Solving,51,59,41,92,1,5,0,AI/ML Engineer,64,Medium
CSE1426,Manoj Joshi,CSE,Final Year,D,Female,Python,Oracle,Azure,HTML/CSS/JS,Tableau,Teamwork,90,43,52,38,1,1,0,Software Developer,56,Medium
CIVIL1427,Pranav Singh,CIVIL,Final Year,H,Male,Python,MongoDB,AWS,Django,Power BI,Leadership,41,72,75,41,2,1,0,AI/ML Engineer,55,Medium
MECH1428,Swathi Naidu,MECH,Final Year,B,Male,C,Oracle,Azure,Django,Tableau,Leadership,44,40,67,69,1,5,2,Web Developer,64,Medium
CSE1429,Bhavana Gupta,CSE,Final Year,G,Female,C++,Oracle,None,FastAPI,Excel,Problem Solving,66,75,59,88,4,1,1,Data Analyst,82,Low
IT1430,Lakshmi Yadav,IT,Final Year,F,Male,C++,Oracle,AWS,Node.js,Tableau,Problem Solving,80,69,77,53,3,2,0,AI/ML Engineer,76,Low
ECE1431,Sanjay Rao,ECE,Final Year,F,Female,C++,SQL Server,None,Node.js,Pandas,Leadership,36,82,67,52,3,3,1,Web Developer,68,Medium
EEE1432,Charan Naidu,EEE,Final Year,G,Male,C++,MongoDB,AWS,HTML/CSS/JS,Pandas,Leadership,70,45,46,46,2,0,0,AI/ML Engineer,54,High
MECH1433,Bhavana Sharma,MECH,Final Year,E,Male,C,PostgreSQL,None,Node.js,NumPy,Teamwork,91,46,76,35,0,6,1,Business Analyst,68,Medium
MECH1434,Anjali Varma,MECH,Final Year,G,Male,JavaScript,Oracle,Azure,HTML/CSS/JS,Excel,Communication,73,79,76,61,3,1,3,Software Developer,83,Low
MECH1435,Dhanush Gupta,MECH,Final Year,B,Male,C++,MySQL,Google Cloud,FastAPI,Power BI,Leadership,39,65,88,53,5,0,0,Web Developer,70,Medium
IT1436,Akhil Gupta,IT,Final Year,D,Female,JavaScript,PostgreSQL,Azure,Django,Power BI,Time Management,74,46,43,45,2,6,3,Software Developer,76,Low
CSE1437,Swathi Joshi,CSE,Final Year,G,Male,Python,SQL Server,AWS,HTML/CSS/JS,Power BI,Problem Solving,66,77,37,55,3,2,3,Software Developer,76,Low
AIML1438,Priya Rao,AIML,Final Year,D,Female,C,PostgreSQL,None,Django,Power BI,Time Management,80,95,57,35,0,4,2,Data Analyst,68,Medium
AIDS1439,Siva Patel,AIDS,Final Year,E,Male,Python,SQL Server,None,Node.js,Power BI,Communication,48,90,91,47,3,0,0,Web Developer,66,Medium
AIDS1440,Charan Singh,AIDS,Final Year,H,Female,C++,PostgreSQL,Azure,React,Pandas,Teamwork,52,92,87,53,0,5,1,Cyber Security Analyst,66,Medium
CIVIL1441,Akash Singh,CIVIL,Final Year,F,Female,C,SQL Server,AWS,FastAPI,Power BI,Teamwork,73,53,46,74,0,6,2,Cyber Security Analyst,70,Medium
IT1442,Bhavana Patel,IT,Final Year,D,Female,JavaScript,Oracle,None,React,Excel,Problem Solving,74,74,71,47,1,2,1,Software Developer,65,Medium
MECH1443,Nandini Gupta,MECH,Final Year,E,Female,C++,MongoDB,AWS,FastAPI,Power BI,Leadership,52,57,62,84,2,6,1,AI/ML Engineer,75,Low
CSE1444,Tejaswi Singh,CSE,Final Year,C,Male,Java,MongoDB,Google Cloud,HTML/CSS/JS,Tableau,Leadership,59,88,83,43,3,4,0,Cloud Engineer,75,Low
AIDS1445,Ishitha Rao,AIDS,Final Year,B,Female,C++,MySQL,AWS,React,NumPy,Teamwork,49,67,90,56,5,2,3,Web Developer,87,Low
MECH1446,Rakesh Yadav,MECH,Final Year,G,Male,Java,MongoDB,AWS,React,NumPy,Leadership,65,69,39,51,5,3,0,Cloud Engineer,77,Low
MECH1447,Sowmya Naidu,MECH,Final Year,G,Female,Java,SQL Server,Google Cloud,Django,Power BI,Problem Solving,38,60,81,59,0,4,3,Business Analyst,61,Medium
AIDS1448,Akhil Das,AIDS,Final Year,F,Male,C,PostgreSQL,None,Node.js,Pandas,Time Management,94,86,92,85,0,2,2,Web Developer,82,Low
CSE1449,Sai Varma,CSE,Final Year,A,Female,Java,SQL Server,None,Node.js,NumPy,Communication,35,84,68,54,2,0,3,Web Developer,63,Medium
EEE1450,Aadhya Varma,EEE,Final Year,H,Female,C++,SQL Server,None,React,Tableau,Communication,49,80,50,63,2,3,1,Data Analyst,66,Medium
EEE1451,Sowmya Patel,EEE,Final Year,B,Male,Python,SQL Server,None,React,NumPy,Leadership,46,82,46,61,3,6,3,AI/ML Engineer,81,Low
AIML1452,Deepika Gupta,AIML,Final Year,G,Male,JavaScript,Oracle,None,Django,Power BI,Time Management,83,56,78,73,0,3,3,Business Analyst,75,Low
MECH1453,Anjali Rao,MECH,Final Year,B,Female,Java,Oracle,None,FastAPI,Excel,Teamwork,86,75,55,89,0,6,2,AI/ML Engineer,81,Low
CSE1454,Aditya Reddy,CSE,Final Year,G,Male,C++,Oracle,None,React,NumPy,Problem Solving,78,81,63,36,3,3,1,Data Analyst,76,Low
CSE1455,Arjun Varma,CSE,Final Year,F,Male,C,PostgreSQL,Azure,HTML/CSS/JS,NumPy,Communication,78,71,87,69,1,3,0,AI/ML Engineer,72,Medium
EEE1456,Karthik Rao,EEE,Final Year,A,Male,C,MySQL,None,React,NumPy,Problem Solving,87,88,54,74,2,1,3,AI/ML Engineer,83,Low
EEE1457,Aadhya Varma,EEE,Final Year,C,Male,Python,PostgreSQL,Google Cloud,Django,NumPy,Communication,42,53,57,84,4,4,3,Cyber Security Analyst,83,Low
CIVIL1458,Divya Kumar,CIVIL,Final Year,C,Male,JavaScript,SQL Server,Azure,React,Tableau,Teamwork,73,68,45,52,1,4,2,Web Developer,68,Medium
AIML1459,Ananya Naidu,AIML,Final Year,A,Male,JavaScript,MySQL,None,FastAPI,NumPy,Communication,59,75,59,76,2,5,1,Web Developer,76,Low
AIDS1460,Shreya Rao,AIDS,Final Year,G,Female,C++,Oracle,Azure,HTML/CSS/JS,Excel,Teamwork,35,47,95,63,0,0,3,Software Developer,53,High
CSE1461,Arjun Das,CSE,Final Year,C,Female,C,MySQL,Azure,React,NumPy,Time Management,37,68,75,92,0,3,1,Cyber Security Analyst,60,Medium
ECE1462,Sowmya Singh,ECE,Final Year,E,Male,C++,MongoDB,Google Cloud,React,Excel,Problem Solving,44,68,67,77,4,2,1,Web Developer,76,Low
IT1463,Rahul Varma,IT,Final Year,G,Male,C,Oracle,AWS,FastAPI,NumPy,Communication,81,73,91,92,3,6,0,Data Analyst,94,Low
CSE1464,Harsha Patel,CSE,Final Year,E,Male,JavaScript,MySQL,Azure,React,Power BI,Time Management,42,64,38,75,1,3,1,Web Developer,57,Medium
CIVIL1465,Karthik Yadav,CIVIL,Final Year,C,Female,JavaScript,SQL Server,Azure,Django,Tableau,Time Management,78,87,91,66,0,0,1,Software Developer,66,Medium
ECE1466,Aarav Rao,ECE,Final Year,E,Female,C++,PostgreSQL,None,HTML/CSS/JS,Excel,Time Management,40,95,94,44,1,3,2,Data Analyst,66,Medium
AIDS1467,Tejaswi Patel,AIDS,Final Year,A,Female,Python,PostgreSQL,None,FastAPI,Excel,Leadership,93,83,53,50,3,2,1,Business Analyst,80,Low
CIVIL1468,Naveen Joshi,CIVIL,Final Year,E,Male,Java,SQL Server,Google Cloud,HTML/CSS/JS,Excel,Time Management,87,63,85,58,2,5,0,Data Analyst,80,Low
IT1469,Anjali Sharma,IT,Final Year,G,Male,C++,Oracle,None,FastAPI,Power BI,Time Management,58,52,95,80,3,3,1,Data Analyst,79,Low
AIDS1470,Srikanth Rao,AIDS,Final Year,C,Male,C,SQL Server,None,Django,NumPy,Communication,43,58,72,54,4,6,3,Business Analyst,84,Low
MECH1471,Priya Gupta,MECH,Final Year,G,Male,Java,Oracle,None,Node.js,Power BI,Problem Solving,71,74,43,35,3,3,3,Software Developer,76,Low
EEE1472,Naveen Das,EEE,Final Year,H,Female,C++,SQL Server,Azure,HTML/CSS/JS,NumPy,Time Management,50,48,55,83,4,5,3,Business Analyst,86,Low
AIML1473,Divya Reddy,AIML,Final Year,F,Male,JavaScript,PostgreSQL,Google Cloud,FastAPI,Excel,Teamwork,42,50,51,68,1,0,2,AI/ML Engineer,52,High
EEE1474,Srikanth Joshi,EEE,Final Year,H,Female,JavaScript,MySQL,Azure,Node.js,Pandas,Communication,36,35,92,39,2,2,0,Web Developer,52,High
ECE1475,Deepika Das,ECE,Final Year,H,Female,JavaScript,MySQL,Google Cloud,Node.js,Excel,Teamwork,81,94,71,39,1,2,0,Software Developer,66,Medium
ECE1476,Srikanth Joshi,ECE,Final Year,C,Female,JavaScript,SQL Server,Azure,React,NumPy,Time Management,69,62,76,55,5,3,2,Data Analyst,89,Low
CSE1477,Pooja Gupta,CSE,Final Year,B,Female,C++,Oracle,Azure,React,NumPy,Leadership,49,56,88,49,0,4,3,Cyber Security Analyst,63,Medium
AIDS1478,Sneha Kumar,AIDS,Final Year,H,Female,Java,Oracle,AWS,Django,Pandas,Time Management,43,91,35,40,3,5,2,Data Analyst,71,Medium
AIDS1479,Aarav Patel,AIDS,Final Year,D,Female,Python,Oracle,None,HTML/CSS/JS,Tableau,Problem Solving,44,83,83,76,5,5,2,Business Analyst,94,Low
AIML1480,Aarav Kumar,AIML,Final Year,H,Female,C++,MySQL,Azure,Django,Power BI,Communication,77,47,65,77,4,2,3,Software Developer,88,Low
AIML1481,Arjun Joshi,AIML,Final Year,F,Male,Java,PostgreSQL,AWS,FastAPI,Tableau,Communication,49,61,40,83,4,6,1,Software Developer,81,Low
EEE1482,Pranav Patel,EEE,Final Year,A,Female,JavaScript,SQL Server,Azure,Node.js,Pandas,Communication,47,54,81,46,2,6,2,Cloud Engineer,72,Medium
AIML1483,Krishna Reddy,AIML,Final Year,B,Female,C,MySQL,None,HTML/CSS/JS,Pandas,Leadership,84,49,55,39,0,5,3,Cyber Security Analyst,68,Medium
CSE1484,Chaitanya Patel,CSE,Final Year,A,Male,JavaScript,MongoDB,AWS,FastAPI,Power BI,Leadership,90,69,72,57,0,2,2,Cyber Security Analyst,70,Medium
CIVIL1485,Ishitha Joshi,CIVIL,Final Year,G,Female,JavaScript,MySQL,Google Cloud,Django,NumPy,Communication,81,82,86,41,2,6,3,Cloud Engineer,89,Low
EEE1486,Keerthi Naidu,EEE,Final Year,E,Male,JavaScript,MySQL,None,React,Pandas,Problem Solving,35,38,53,35,4,1,0,Web Developer,53,High
MECH1487,Venkatesh Kumar,MECH,Final Year,D,Female,Python,PostgreSQL,Azure,Node.js,Excel,Time Management,36,78,48,72,3,3,1,Business Analyst,68,Medium
AIDS1488,Nandini Patel,AIDS,Final Year,G,Male,C++,MySQL,None,HTML/CSS/JS,NumPy,Communication,44,60,55,45,4,5,2,Software Developer,75,Low
EEE1489,Riya Kumar,EEE,Final Year,G,Female,Java,MongoDB,None,Node.js,Power BI,Communication,94,47,73,64,2,2,0,AI/ML Engineer,73,Medium
CSE1490,Venkatesh Joshi,CSE,Final Year,E,Male,JavaScript,Oracle,None,React,NumPy,Leadership,37,78,80,42,4,5,0,AI/ML Engineer,73,Medium
IT1491,Bhavana Varma,IT,Final Year,D,Male,Python,PostgreSQL,Azure,FastAPI,Pandas,Communication,41,56,69,52,4,2,0,Cloud Engineer,65,Medium
IT1492,Shreya Singh,IT,Final Year,A,Female,Python,Oracle,None,React,Tableau,Problem Solving,86,78,78,45,1,0,2,Data Analyst,69,Medium
AIML1493,Chaitanya Reddy,AIML,Final Year,H,Male,C++,MongoDB,Google Cloud,Django,Pandas,Communication,90,69,78,92,5,6,1,Web Developer,100,Low
MECH1494,Neha Rao,MECH,Final Year,D,Female,C,MySQL,Google Cloud,Node.js,NumPy,Teamwork,61,91,85,66,3,3,1,Business Analyst,82,Low
AIDS1495,Sai Singh,AIDS,Final Year,A,Male,Python,MongoDB,Azure,React,Power BI,Problem Solving,39,82,69,54,0,1,2,Cyber Security Analyst,53,High
AIDS1496,Abhinav Rao,AIDS,Final Year,B,Female,JavaScript,SQL Server,AWS,Django,Excel,Problem Solving,50,37,60,60,1,3,0,Cloud Engineer,53,High
MECH1497,Aadhya Rao,MECH,Final Year,F,Male,Python,Oracle,AWS,React,Power BI,Time Management,37,72,42,45,0,6,1,Web Developer,52,High
CSE1498,Ananya Gupta,CSE,Final Year,C,Female,JavaScript,MongoDB,Google Cloud,Node.js,Power BI,Problem Solving,83,58,71,64,5,4,2,Data Analyst,96,Low
CSE1499,Ishitha Yadav,CSE,Final Year,C,Male,Python,Oracle,None,React,Power BI,Problem Solving,57,93,87,95,3,2,2,Cloud Engineer,88,Low
CIVIL1500,Sai Gupta,CIVIL,Final Year,G,Female,C++,Oracle,Google Cloud,Django,Tableau,Leadership,67,40,42,70,0,5,0,Web Developer,56,Medium
CIVIL1501,Ananya Singh,CIVIL,Final Year,H,Male,JavaScript,PostgreSQL,Google Cloud,Django,Tableau,Problem Solving,60,45,90,45,4,6,2,Data Analyst,85,Low
CIVIL1502,Pranav Kumar,CIVIL,Final Year,E,Female,C,SQL Server,AWS,Node.js,Pandas,Communication,86,61,88,43,2,4,3,Software Developer,84,Low
ECE1503,Chaitanya Yadav,ECE,Final Year,A,Male,C,SQL Server,AWS,Node.js,Power BI,Teamwork,86,39,58,67,2,0,0,Cloud Engineer,64,Medium
AIML1504,Anjali Rao,AIML,Final Year,E,Female,Java,MySQL,None,FastAPI,Excel,Teamwork,62,38,57,68,3,4,0,Cloud Engineer,69,Medium
IT1505,Amrutha Yadav,IT,Final Year,F,Female,Java,PostgreSQL,Google Cloud,Django,Pandas,Time Management,51,38,80,59,2,5,2,Data Analyst,71,Medium
CSE1506,Varun Varma,CSE,Final Year,D,Female,C++,SQL Server,AWS,HTML/CSS/JS,Excel,Time Management,75,71,69,60,3,5,2,Business Analyst,86,Low
CIVIL1507,Aarav Naidu,CIVIL,Final Year,H,Male,C,MySQL,Azure,Node.js,Tableau,Time Management,66,51,75,77,4,3,3,AI/ML Engineer,89,Low
ECE1508,Aadhya Gupta,ECE,Final Year,F,Female,Java,SQL Server,None,React,NumPy,Teamwork,50,89,35,86,5,0,1,Data Analyst,79,Low
AIML1509,Harsha Kumar,AIML,Final Year,C,Male,Java,PostgreSQL,Azure,Node.js,NumPy,Problem Solving,48,85,78,43,1,4,3,Cloud Engineer,69,Medium
CIVIL1510,Divya Gupta,CIVIL,Final Year,C,Male,Java,PostgreSQL,None,FastAPI,Pandas,Time Management,90,72,76,46,2,1,3,Cyber Security Analyst,79,Low
CIVIL1511,Chaitanya Sharma,CIVIL,Final Year,C,Female,Java,MySQL,Azure,Node.js,Power BI,Communication,71,41,51,79,0,0,3,AI/ML Engineer,60,Medium
MECH1512,Krishna Reddy,MECH,Final Year,F,Female,Java,PostgreSQL,Google Cloud,FastAPI,Excel,Time Management,72,68,44,91,4,0,3,Cloud Engineer,86,Low
CIVIL1513,Aadhya Kumar,CIVIL,Final Year,G,Female,Java,SQL Server,AWS,FastAPI,Tableau,Problem Solving,71,79,73,74,0,1,1,Software Developer,64,Medium
EEE1514,Venkatesh Das,EEE,Final Year,A,Female,Java,PostgreSQL,Azure,FastAPI,Power BI,Leadership,66,63,64,64,1,1,0,Cyber Security Analyst,59,Medium
AIDS1515,Siva Naidu,AIDS,Final Year,C,Female,C++,SQL Server,AWS,FastAPI,Excel,Leadership,70,58,38,50,3,6,0,Cloud Engineer,72,Medium
ECE1516,Meghana Das,ECE,Final Year,C,Female,C++,MySQL,AWS,FastAPI,Tableau,Communication,43,92,66,52,0,5,3,Cyber Security Analyst,66,Medium
AIML1517,Riya Yadav,AIML,Final Year,F,Female,C,PostgreSQL,Google Cloud,HTML/CSS/JS,Excel,Problem Solving,88,45,35,88,0,1,3,Data Analyst,67,Medium
MECH1518,Deepika Gupta,MECH,Final Year,H,Female,C,MySQL,Google Cloud,HTML/CSS/JS,Pandas,Teamwork,55,73,66,76,4,1,0,AI/ML Engineer,75,Low
IT1519,Tejaswi Yadav,IT,Final Year,D,Male,C++,Oracle,None,React,NumPy,Time Management,91,55,87,55,0,6,2,AI/ML Engineer,78,Low
AIDS1520,Varun Das,AIDS,Final Year,B,Male,C,MongoDB,Azure,Node.js,Power BI,Leadership,72,51,92,59,0,1,0,Data Analyst,57,Medium
CIVIL1521,Tejaswi Rao,CIVIL,Final Year,C,Male,JavaScript,MongoDB,Google Cloud,Node.js,Tableau,Communication,35,79,39,46,5,3,3,Web Developer,77,Low
MECH1522,Riya Das,MECH,Final Year,C,Male,C,MongoDB,Azure,Node.js,Tableau,Problem Solving,80,64,82,67,5,3,0,Business Analyst,90,Low
EEE1523,Akash Joshi,EEE,Final Year,D,Female,C,Oracle,None,React,Tableau,Time Management,89,53,39,59,4,0,3,Web Developer,81,Low
CIVIL1524,Pranav Gupta,CIVIL,Final Year,E,Female,C,MongoDB,None,HTML/CSS/JS,NumPy,Time Management,90,52,60,36,5,2,3,Web Developer,89,Low
EEE1525,Arjun Varma,EEE,Final Year,B,Female,JavaScript,PostgreSQL,AWS,HTML/CSS/JS,Pandas,Leadership,47,60,86,42,0,6,0,AI/ML Engineer,56,Medium
AIDS1526,Lakshmi Singh,AIDS,Final Year,G,Female,Java,MySQL,AWS,FastAPI,Tableau,Teamwork,92,55,81,63,5,4,3,Cloud Engineer,100,Low
CIVIL1527,Pranav Naidu,CIVIL,Final Year,G,Male,C++,SQL Server,Google Cloud,React,Power BI,Teamwork,65,62,52,35,0,0,3,AI/ML Engineer,53,High
MECH1528,Akash Das,MECH,Final Year,H,Female,Python,MongoDB,AWS,FastAPI,Pandas,Teamwork,51,55,41,44,1,2,2,Cloud Engineer,54,High
CSE1529,Rahul Kumar,CSE,Final Year,B,Female,Java,PostgreSQL,Azure,HTML/CSS/JS,Pandas,Time Management,62,36,67,84,1,6,2,Business Analyst,74,Medium
CSE1530,Charan Kumar,CSE,Final Year,F,Male,Java,SQL Server,Azure,React,NumPy,Teamwork,86,94,52,44,1,4,3,Software Developer,78,Low
EEE1531,Shreya Singh,EEE,Final Year,H,Female,Python,Oracle,Google Cloud,React,Power BI,Teamwork,77,72,35,72,3,5,0,Business Analyst,79,Low
ECE1532,Krishna Kumar,ECE,Final Year,H,Male,C++,MongoDB,Azure,HTML/CSS/JS,Tableau,Communication,48,58,59,74,2,4,0,Cloud Engineer,65,Medium
CIVIL1533,Aadhya Naidu,CIVIL,Final Year,A,Male,C,SQL Server,Google Cloud,HTML/CSS/JS,Excel,Time Management,55,66,75,75,1,4,2,Web Developer,72,Medium
AIDS1534,Rohit Patel,AIDS,Final Year,A,Female,Python,PostgreSQL,Google Cloud,Django,Power BI,Communication,86,49,40,57,4,4,1,Cloud Engineer,82,Low
EEE1535,Meghana Gupta,EEE,Final Year,F,Male,C++,PostgreSQL,AWS,Node.js,Excel,Time Management,82,63,77,64,3,2,3,Cyber Security Analyst,86,Low
MECH1536,Sowmya Das,MECH,Final Year,G,Female,Python,Oracle,None,Django,NumPy,Leadership,47,35,67,68,5,1,2,Business Analyst,76,Low
IT1537,Siva Patel,IT,Final Year,C,Female,JavaScript,SQL Server,Azure,Node.js,Power BI,Leadership,92,62,36,82,5,2,3,Web Developer,97,Low
AIDS1538,Sowmya Yadav,AIDS,Final Year,B,Female,C,MongoDB,Azure,React,Pandas,Leadership,79,35,59,60,1,6,1,Web Developer,70,Medium
IT1539,Lakshmi Gupta,IT,Final Year,E,Female,JavaScript,MySQL,None,HTML/CSS/JS,NumPy,Leadership,53,84,44,91,3,6,2,Business Analyst,86,Low
CSE1540,Bhavana Sharma,CSE,Final Year,H,Male,C,PostgreSQL,Azure,Node.js,Pandas,Leadership,49,76,65,42,3,4,0,Data Analyst,67,Medium
CSE1541,Harsha Reddy,CSE,Final Year,H,Female,C,MongoDB,Google Cloud,HTML/CSS/JS,Pandas,Communication,77,91,70,52,3,3,2,Web Developer,85,Low
AIML1542,Pranav Joshi,AIML,Final Year,D,Female,C++,MongoDB,Azure,HTML/CSS/JS,NumPy,Communication,87,91,90,69,4,4,0,Business Analyst,95,Low
IT1543,Naveen Das,IT,Final Year,D,Female,C++,Oracle,AWS,Django,Pandas,Time Management,38,70,72,54,2,4,3,Data Analyst,70,Medium
AIML1544,Ananya Yadav,AIML,Final Year,A,Female,C,PostgreSQL,AWS,Node.js,Excel,Problem Solving,60,40,44,50,4,3,0,Data Analyst,67,Medium
IT1545,Anjali Kumar,IT,Final Year,H,Male,JavaScript,Oracle,AWS,Node.js,NumPy,Time Management,68,76,59,89,5,6,0,AI/ML Engineer,95,Low
AIDS1546,Sai Gupta,AIDS,Final Year,D,Male,C,Oracle,AWS,React,Excel,Problem Solving,72,43,49,65,1,4,1,Cyber Security Analyst,64,Medium
MECH1547,Riya Gupta,MECH,Final Year,G,Male,JavaScript,SQL Server,Google Cloud,HTML/CSS/JS,Pandas,Communication,50,80,55,37,3,3,2,Cyber Security Analyst,70,Medium
EEE1548,Krishna Naidu,EEE,Final Year,F,Male,C++,MongoDB,None,React,Pandas,Problem Solving,50,82,41,84,1,6,1,Software Developer,70,Medium
CIVIL1549,Ishitha Patel,CIVIL,Final Year,A,Female,C,MySQL,Google Cloud,Node.js,Excel,Time Management,65,74,73,78,5,1,2,Web Developer,90,Low
CIVIL1550,Arjun Sharma,CIVIL,Final Year,F,Male,JavaScript,Oracle,Azure,React,Excel,Teamwork,39,54,91,65,0,5,0,Business Analyst,56,Medium
EEE1551,Sneha Singh,EEE,Final Year,H,Female,C,Oracle,None,React,Tableau,Problem Solving,87,94,84,69,4,0,0,AI/ML Engineer,87,Low
CSE1552,Dhanush Varma,CSE,Final Year,G,Female,Java,PostgreSQL,Google Cloud,Django,Tableau,Problem Solving,67,53,51,61,3,4,2,Software Developer,77,Low
CSE1553,Ananya Naidu,CSE,Final Year,H,Female,Python,SQL Server,Azure,Node.js,NumPy,Teamwork,65,48,83,66,4,5,1,Business Analyst,85,Low
AIML1554,Sanjana Reddy,AIML,Final Year,F,Female,Java,Oracle,Azure,FastAPI,Power BI,Communication,67,60,70,84,5,1,0,Data Analyst,83,Low
MECH1555,Harsha Das,MECH,Final Year,D,Female,Java,PostgreSQL,Azure,Node.js,Tableau,Communication,59,89,82,58,0,4,2,Web Developer,69,Medium
AIDS1556,Sneha Gupta,AIDS,Final Year,F,Female,Python,SQL Server,Azure,Django,Tableau,Problem Solving,89,65,80,51,3,1,0,Cloud Engineer,76,Low
IT1557,Srikanth Reddy,IT,Final Year,G,Male,C,MongoDB,AWS,FastAPI,Excel,Problem Solving,35,56,35,95,1,1,0,AI/ML Engineer,50,High
MECH1558,Rakesh Singh,MECH,Final Year,E,Male,Python,PostgreSQL,Google Cloud,Django,Pandas,Problem Solving,79,91,38,80,4,2,1,Web Developer,86,Low
ECE1559,Aadhya Gupta,ECE,Final Year,G,Male,JavaScript,PostgreSQL,None,Django,Power BI,Leadership,84,94,36,86,1,3,2,Web Developer,79,Low
IT1560,Aarav Rao,IT,Final Year,F,Female,JavaScript,PostgreSQL,None,FastAPI,Pandas,Problem Solving,42,73,82,59,3,3,3,Software Developer,78,Low
EEE1561,Deepika Joshi,EEE,Final Year,H,Female,C++,PostgreSQL,AWS,Node.js,Power BI,Leadership,78,79,49,52,4,4,0,Software Developer,81,Low
EEE1562,Keerthi Patel,EEE,Final Year,G,Male,C,SQL Server,Google Cloud,HTML/CSS/JS,Excel,Communication,65,90,63,74,0,2,1,Web Developer,64,Medium
MECH1563,Anjali Varma,MECH,Final Year,A,Male,C++,MySQL,Azure,Node.js,Power BI,Teamwork,39,64,54,89,3,2,3,Cloud Engineer,75,Low
AIDS1564,Sneha Naidu,AIDS,Final Year,F,Male,Java,SQL Server,Azure,FastAPI,Power BI,Communication,71,72,85,83,2,5,3,AI/ML Engineer,90,Low
ECE1565,Lakshmi Naidu,ECE,Final Year,B,Male,C,SQL Server,None,Django,Excel,Teamwork,73,37,36,48,4,2,0,Data Analyst,66,Medium
MECH1566,Divya Sharma,MECH,Final Year,B,Female,C++,MongoDB,None,FastAPI,Power BI,Leadership,69,93,69,49,4,0,2,Cyber Security Analyst,81,Low
CIVIL1567,Tejaswi Gupta,CIVIL,Final Year,H,Female,C++,SQL Server,AWS,Django,Pandas,Teamwork,72,88,47,44,2,0,0,Cloud Engineer,61,Medium
CIVIL1568,Amrutha Das,CIVIL,Final Year,D,Male,Java,MySQL,Azure,React,Tableau,Communication,72,55,53,50,3,3,3,Cyber Security Analyst,78,Low
CIVIL1569,Akash Patel,CIVIL,Final Year,D,Female,JavaScript,MySQL,AWS,React,NumPy,Problem Solving,50,40,54,48,4,0,2,Software Developer,65,Medium
AIML1570,Srikanth Varma,AIML,Final Year,F,Female,JavaScript,SQL Server,Azure,React,Excel,Problem Solving,86,70,39,70,3,0,0,AI/ML Engineer,71,Medium
MECH1571,Venkatesh Reddy,MECH,Final Year,F,Female,Java,MongoDB,None,React,Pandas,Time Management,76,88,35,44,3,6,1,Data Analyst,80,Low
ECE1572,Tejaswi Naidu,ECE,Final Year,A,Female,Java,MySQL,None,React,Excel,Leadership,47,38,46,67,3,6,2,Web Developer,73,Medium
ECE1573,Harsha Naidu,ECE,Final Year,C,Male,Java,MongoDB,AWS,React,Tableau,Leadership,36,60,61,65,0,0,2,Software Developer,48,High
IT1574,Dhanush Gupta,IT,Final Year,C,Male,C,SQL Server,Azure,Node.js,NumPy,Leadership,43,43,89,43,2,0,0,Cloud Engineer,51,High
ECE1575,Deepika Patel,ECE,Final Year,E,Male,Python,MongoDB,None,Node.js,Excel,Communication,77,82,74,83,0,6,0,Software Developer,75,Low
EEE1576,Shreya Patel,EEE,Final Year,F,Female,JavaScript,MySQL,Azure,Node.js,Power BI,Teamwork,46,68,59,42,1,1,1,Web Developer,51,High
MECH1577,Aarav Rao,MECH,Final Year,E,Female,C++,PostgreSQL,Azure,Django,Power BI,Time Management,60,54,84,86,2,4,3,Cyber Security Analyst,83,Low
AIDS1578,Divya Patel,AIDS,Final Year,F,Male,Java,MongoDB,Azure,React,NumPy,Teamwork,50,62,83,64,5,5,3,Web Developer,94,Low
AIML1579,Rakesh Varma,AIML,Final Year,C,Female,Java,MongoDB,None,React,Tableau,Leadership,59,60,58,87,2,4,0,Cloud Engineer,71,Medium
EEE1580,Sanjay Joshi,EEE,Final Year,F,Male,JavaScript,MySQL,None,FastAPI,Tableau,Communication,52,65,85,58,1,1,3,Business Analyst,66,Medium
MECH1581,Sneha Gupta,MECH,Final Year,F,Male,C,MongoDB,None,FastAPI,Tableau,Leadership,56,48,70,72,5,5,3,Data Analyst,93,Low
ECE1582,Sowmya Joshi,ECE,Final Year,G,Male,C++,PostgreSQL,None,FastAPI,NumPy,Leadership,54,41,56,65,0,1,3,Business Analyst,55,Medium
EEE1583,Amrutha Varma,EEE,Final Year,C,Female,C++,MongoDB,Azure,Django,Pandas,Time Management,56,67,82,62,1,5,0,Cyber Security Analyst,67,Medium
AIML1584,Riya Yadav,AIML,Final Year,D,Female,JavaScript,PostgreSQL,AWS,FastAPI,Excel,Teamwork,90,49,78,95,4,0,0,Cyber Security Analyst,85,Low
IT1585,Ishitha Das,IT,Final Year,G,Female,Python,PostgreSQL,AWS,FastAPI,Power BI,Problem Solving,43,59,38,65,5,1,0,Software Developer,67,Medium
CSE1586,Keerthi Singh,CSE,Final Year,G,Male,JavaScript,PostgreSQL,None,Django,NumPy,Leadership,42,43,42,53,3,6,1,AI/ML Engineer,66,Medium
CIVIL1587,Anjali Joshi,CIVIL,Final Year,E,Male,C++,PostgreSQL,Azure,FastAPI,Tableau,Teamwork,83,60,48,93,1,4,0,Cyber Security Analyst,73,Medium
EEE1588,Priya Reddy,EEE,Final Year,G,Female,C,Oracle,Google Cloud,HTML/CSS/JS,Excel,Communication,46,76,61,79,3,5,2,AI/ML Engineer,81,Low
CSE1589,Sanjana Kumar,CSE,Final Year,B,Female,C,Oracle,Azure,Node.js,Tableau,Leadership,73,42,37,41,3,0,1,Cloud Engineer,60,Medium
EEE1590,Neha Singh,EEE,Final Year,D,Female,JavaScript,Oracle,Google Cloud,HTML/CSS/JS,Excel,Communication,47,49,49,52,2,1,3,Web Developer,60,Medium
IT1591,Sahithi Reddy,IT,Final Year,B,Female,C++,MySQL,Google Cloud,React,Excel,Communication,90,62,66,73,1,0,0,Cloud Engineer,66,Medium
CSE1592,Neha Reddy,CSE,Final Year,G,Male,C++,Oracle,AWS,React,Excel,Teamwork,76,92,94,45,0,1,3,Business Analyst,71,Medium
IT1593,Sai Patel,IT,Final Year,C,Male,JavaScript,Oracle,AWS,Node.js,Tableau,Leadership,42,89,84,47,2,4,2,Cloud Engineer,72,Medium
EEE1594,Nandini Kumar,EEE,Final Year,B,Female,C++,PostgreSQL,AWS,FastAPI,Excel,Problem Solving,71,77,41,66,4,0,1,AI/ML Engineer,75,Low
AIML1595,Keerthi Singh,AIML,Final Year,A,Male,Python,MySQL,None,React,Power BI,Leadership,85,80,41,72,5,2,0,Data Analyst,87,Low
IT1596,Shreya Sharma,IT,Final Year,G,Female,C++,MySQL,AWS,Node.js,NumPy,Problem Solving,89,75,54,55,1,3,0,Business Analyst,68,Medium
CIVIL1597,Siva Reddy,CIVIL,Final Year,G,Male,C,SQL Server,Google Cloud,FastAPI,Power BI,Time Management,39,50,70,85,0,0,3,Cloud Engineer,56,Medium
MECH1598,Lakshmi Kumar,MECH,Final Year,G,Female,Java,PostgreSQL,Azure,React,Tableau,Teamwork,91,38,39,80,1,0,2,Data Analyst,66,Medium
ECE1599,Aarav Rao,ECE,Final Year,F,Female,C,MySQL,None,HTML/CSS/JS,Tableau,Teamwork,56,45,55,46,5,3,2,Software Developer,78,Low
AIML1600,Aadhya Naidu,AIML,Final Year,B,Female,Python,SQL Server,Google Cloud,HTML/CSS/JS,NumPy,Teamwork,62,59,73,53,4,4,1,Software Developer,80,Low
AIDS1601,Sneha Joshi,AIDS,Final Year,B,Female,C,MongoDB,None,Node.js,Tableau,Teamwork,84,67,53,91,1,6,1,Cyber Security Analyst,81,Low
ECE1602,Abhinav Reddy,ECE,Final Year,E,Female,C,SQL Server,Azure,Django,Pandas,Teamwork,36,51,59,90,0,3,0,Web Developer,51,High
IT1603,Aarav Yadav,IT,Final Year,G,Female,Java,MySQL,None,HTML/CSS/JS,Pandas,Leadership,51,37,85,79,4,3,0,Software Developer,75,Low
CSE1604,Manoj Yadav,CSE,Final Year,C,Male,C++,MySQL,None,Node.js,NumPy,Leadership,35,65,61,45,1,4,0,Software Developer,51,High
EEE1605,Arjun Das,EEE,Final Year,D,Female,Java,Oracle,Azure,Node.js,Power BI,Time Management,44,53,35,69,2,3,2,Business Analyst,62,Medium
MECH1606,Amrutha Joshi,MECH,Final Year,B,Male,Python,MySQL,Google Cloud,React,Excel,Time Management,52,63,73,86,0,1,2,Business Analyst,61,Medium
CIVIL1607,Pooja Patel,CIVIL,Final Year,B,Female,Python,MongoDB,Azure,Django,Pandas,Leadership,45,84,76,68,4,1,0,Business Analyst,73,Medium
AIML1608,Siva Patel,AIML,Final Year,F,Male,JavaScript,MySQL,None,HTML/CSS/JS,Power BI,Communication,43,94,69,36,0,0,2,Software Developer,51,High
MECH1609,Priya Patel,MECH,Final Year,C,Male,Python,Oracle,Google Cloud,Node.js,NumPy,Communication,94,76,51,53,3,4,3,Business Analyst,90,Low
ECE1610,Dhanush Singh,ECE,Final Year,B,Male,Python,Oracle,Azure,React,Pandas,Leadership,83,57,66,93,4,5,0,Web Developer,92,Low
IT1611,Rakesh Naidu,IT,Final Year,E,Male,Java,Oracle,None,Django,Power BI,Problem Solving,73,71,35,55,2,4,2,Cloud Engineer,73,Medium
MECH1612,Shreya Das,MECH,Final Year,G,Male,Java,Oracle,AWS,FastAPI,NumPy,Problem Solving,71,75,38,79,2,2,1,AI/ML Engineer,71,Medium
AIDS1613,Akhil Varma,AIDS,Final Year,F,Male,Python,MySQL,None,Django,Pandas,Problem Solving,50,49,63,83,2,2,3,Software Developer,71,Medium
AIML1614,Sneha Kumar,AIML,Final Year,E,Male,C,MySQL,Azure,FastAPI,NumPy,Communication,54,72,92,70,0,1,2,Data Analyst,63,Medium
AIML1615,Aarav Das,AIML,Final Year,E,Male,C,Oracle,Azure,HTML/CSS/JS,Pandas,Teamwork,52,54,64,84,3,6,1,Cloud Engineer,80,Low
EEE1616,Ananya Joshi,EEE,Final Year,F,Female,Java,MongoDB,Azure,Node.js,Tableau,Time Management,35,84,37,52,0,3,1,Cloud Engineer,48,High
EEE1617,Rakesh Gupta,EEE,Final Year,G,Male,C,Oracle,AWS,Django,NumPy,Teamwork,55,64,53,89,4,0,3,Data Analyst,81,Low
ECE1618,Shreya Patel,ECE,Final Year,F,Male,C++,PostgreSQL,Google Cloud,FastAPI,Excel,Leadership,83,48,49,77,1,4,2,Web Developer,74,Medium
EEE1619,Charan Joshi,EEE,Final Year,B,Female,Python,MongoDB,Azure,HTML/CSS/JS,Pandas,Leadership,37,52,36,93,1,4,3,Cyber Security Analyst,65,Medium
ECE1620,Charan Reddy,ECE,Final Year,F,Male,Python,SQL Server,Google Cloud,Node.js,NumPy,Leadership,88,43,36,54,0,3,3,AI/ML Engineer,64,Medium
ECE1621,Dhanush Gupta,ECE,Final Year,C,Male,C,SQL Server,Azure,FastAPI,Excel,Problem Solving,49,43,87,57,0,1,0,Business Analyst,48,High
MECH1622,Divya Sharma,MECH,Final Year,F,Male,JavaScript,MongoDB,AWS,Node.js,Power BI,Communication,61,41,77,72,0,0,1,Web Developer,53,High
AIML1623,Amrutha Varma,AIML,Final Year,C,Male,JavaScript,SQL Server,AWS,HTML/CSS/JS,Excel,Communication,38,76,36,46,5,4,2,Cyber Security Analyst,76,Low
CIVIL1624,Aarav Patel,CIVIL,Final Year,F,Male,C,MongoDB,None,React,NumPy,Teamwork,57,73,54,35,5,3,1,Data Analyst,77,Low
ECE1625,Karthik Sharma,ECE,Final Year,H,Male,Java,MySQL,None,FastAPI,Pandas,Time Management,84,39,53,56,3,2,3,Web Developer,78,Low
IT1626,Pooja Naidu,IT,Final Year,A,Female,JavaScript,MongoDB,Google Cloud,Node.js,NumPy,Communication,93,40,77,63,3,3,3,Web Developer,88,Low
ECE1627,Sai Kumar,ECE,Final Year,G,Male,C,SQL Server,AWS,Node.js,Excel,Time Management,45,70,40,87,5,5,2,Cyber Security Analyst,88,Low
CSE1628,Rahul Yadav,CSE,Final Year,G,Male,Java,PostgreSQL,Azure,React,Excel,Problem Solving,65,75,70,78,3,0,3,Web Developer,81,Low
CIVIL1629,Sneha Das,CIVIL,Final Year,E,Female,Java,PostgreSQL,Azure,Node.js,Pandas,Communication,69,57,72,44,0,6,1,Cyber Security Analyst,64,Medium
AIDS1630,Lakshmi Sharma,AIDS,Final Year,C,Male,Java,SQL Server,AWS,React,Tableau,Leadership,73,54,47,36,0,0,1,Cyber Security Analyst,47,High
IT1631,Rahul Das,IT,Final Year,E,Male,Java,PostgreSQL,Google Cloud,FastAPI,Tableau,Time Management,77,75,67,89,3,3,1,Data Analyst,86,Low
AIML1632,Amrutha Reddy,AIML,Final Year,E,Male,JavaScript,PostgreSQL,None,FastAPI,Tableau,Time Management,39,91,56,92,1,4,1,Software Developer,68,Medium
AIDS1633,Arjun Singh,AIDS,Final Year,C,Female,C++,PostgreSQL,None,FastAPI,Tableau,Leadership,62,63,90,85,1,6,2,Software Developer,82,Low
CIVIL1634,Rohit Singh,CIVIL,Final Year,E,Female,C++,PostgreSQL,Azure,FastAPI,Tableau,Problem Solving,55,94,83,59,4,3,3,Cloud Engineer,90,Low
ECE1635,Anjali Gupta,ECE,Final Year,G,Female,Java,MongoDB,Google Cloud,Django,Excel,Communication,54,61,75,43,2,0,3,AI/ML Engineer,64,Medium
AIDS1636,Shreya Sharma,AIDS,Final Year,F,Male,JavaScript,MongoDB,AWS,Node.js,Excel,Problem Solving,84,43,83,63,3,5,3,Data Analyst,91,Low
AIML1637,Charan Rao,AIML,Final Year,D,Female,JavaScript,PostgreSQL,Google Cloud,Django,Power BI,Communication,43,71,42,54,3,6,2,Software Developer,74,Medium
AIML1638,Rohit Patel,AIML,Final Year,A,Female,C,Oracle,AWS,Django,Tableau,Problem Solving,81,71,64,89,1,2,0,Business Analyst,71,Medium
CSE1639,Pranav Yadav,CSE,Final Year,C,Male,Java,PostgreSQL,Azure,React,Tableau,Problem Solving,70,78,88,95,1,6,1,Data Analyst,85,Low
MECH1640,Rohit Varma,MECH,Final Year,D,Male,C++,MySQL,None,FastAPI,Pandas,Problem Solving,35,60,47,61,5,1,1,Business Analyst,69,Medium
IT1641,Sahithi Sharma,IT,Final Year,D,Male,Python,PostgreSQL,Azure,React,Excel,Time Management,53,67,93,52,1,3,2,Business Analyst,67,Medium
AIDS1642,Deepika Varma,AIDS,Final Year,A,Female,C,Oracle,None,React,NumPy,Leadership,95,79,69,73,3,3,0,Web Developer,86,Low
MECH1643,Chaitanya Rao,MECH,Final Year,E,Female,JavaScript,MongoDB,None,HTML/CSS/JS,Power BI,Communication,70,58,93,61,2,4,0,Software Developer,74,Medium
IT1644,Rohit Joshi,IT,Final Year,A,Male,JavaScript,PostgreSQL,Google Cloud,React,Excel,Communication,41,92,56,53,3,0,3,Cloud Engineer,69,Medium
EEE1645,Nandini Das,EEE,Final Year,F,Male,JavaScript,Oracle,AWS,Django,Tableau,Communication,38,53,38,52,1,0,2,Cyber Security Analyst,46,High
EEE1646,Abhinav Gupta,EEE,Final Year,A,Male,C++,PostgreSQL,AWS,Django,NumPy,Leadership,65,54,64,55,2,4,0,Data Analyst,66,Medium
AIDS1647,Shreya Kumar,AIDS,Final Year,C,Female,JavaScript,MongoDB,None,Django,Pandas,Communication,66,88,87,63,4,2,0,Software Developer,83,Low
IT1648,Akhil Gupta,IT,Final Year,H,Female,C,Oracle,Azure,FastAPI,Excel,Problem Solving,40,41,58,68,3,3,3,Software Developer,70,Medium
AIML1649,Sahithi Sharma,AIML,Final Year,F,Male,C++,Oracle,Azure,Node.js,Power BI,Problem Solving,39,65,90,37,5,2,0,Cloud Engineer,71,Medium
MECH1650,Divya Sharma,MECH,Final Year,C,Female,C++,Oracle,AWS,HTML/CSS/JS,Tableau,Problem Solving,55,63,80,44,4,2,1,Cloud Engineer,74,Medium
ECE1651,Pooja Das,ECE,Final Year,H,Male,C,SQL Server,Azure,React,Pandas,Problem Solving,56,70,37,39,5,2,2,Cyber Security Analyst,76,Low
CSE1652,Sanjay Das,CSE,Final Year,D,Female,Java,MySQL,Azure,HTML/CSS/JS,Tableau,Leadership,45,92,87,64,1,3,3,Cyber Security Analyst,73,Medium
CIVIL1653,Aarav Das,CIVIL,Final Year,H,Male,Python,MongoDB,AWS,Node.js,Tableau,Leadership,90,68,58,95,2,3,0,Data Analyst,81,Low
CSE1654,Rahul Singh,CSE,Final Year,H,Male,JavaScript,Oracle,None,Node.js,Excel,Problem Solving,83,88,49,70,5,6,1,Cyber Security Analyst,99,Low
IT1655,Pranav Reddy,IT,Final Year,C,Male,JavaScript,MongoDB,Azure,Django,Power BI,Problem Solving,76,67,93,59,1,0,0,Software Developer,64,Medium
CSE1656,Tejaswi Yadav,CSE,Final Year,H,Female,Java,MongoDB,Azure,Node.js,Tableau,Teamwork,66,48,91,78,0,2,3,Business Analyst,69,Medium
IT1657,Naveen Varma,IT,Final Year,H,Female,JavaScript,SQL Server,AWS,HTML/CSS/JS,NumPy,Problem Solving,41,59,58,80,4,3,2,Business Analyst,78,Low
MECH1658,Bhavana Patel,MECH,Final Year,C,Female,Python,Oracle,None,HTML/CSS/JS,Power BI,Leadership,53,84,52,36,0,4,2,Data Analyst,58,Medium
CIVIL1659,Aadhya Naidu,CIVIL,Final Year,E,Female,Java,SQL Server,Azure,Node.js,Power BI,Communication,72,39,83,51,1,4,0,Cyber Security Analyst,63,Medium
EEE1660,Akash Varma,EEE,Final Year,C,Female,C,MySQL,AWS,Django,Pandas,Time Management,42,40,93,95,2,0,0,Software Developer,62,Medium
CSE1661,Shreya Singh,CSE,Final Year,D,Male,Python,Oracle,AWS,Node.js,Pandas,Teamwork,70,71,80,48,5,2,3,Cloud Engineer,91,Low
CIVIL1662,Akhil Patel,CIVIL,Final Year,G,Male,C++,Oracle,Azure,Django,Pandas,Communication,73,46,41,53,4,3,3,AI/ML Engineer,81,Low
AIDS1663,Meghana Rao,AIDS,Final Year,C,Female,C,MongoDB,Azure,Node.js,Excel,Leadership,40,95,95,66,5,1,3,Cyber Security Analyst,90,Low
AIDS1664,Swathi Yadav,AIDS,Final Year,C,Male,JavaScript,MongoDB,Google Cloud,HTML/CSS/JS,Power BI,Problem Solving,77,43,53,35,0,6,0,Web Developer,56,Medium
AIDS1665,Arjun Singh,AIDS,Final Year,B,Female,Python,MySQL,Google Cloud,FastAPI,Excel,Teamwork,40,72,36,70,2,2,1,Business Analyst,59,Medium
EEE1666,Aditya Kumar,EEE,Final Year,A,Male,Python,PostgreSQL,Azure,Django,Pandas,Leadership,59,73,80,83,1,6,0,Software Developer,74,Medium
EEE1667,Sowmya Sharma,EEE,Final Year,F,Female,Python,Oracle,None,HTML/CSS/JS,Excel,Communication,86,95,54,89,4,0,1,AI/ML Engineer,89,Low
IT1668,Pranav Varma,IT,Final Year,G,Male,C++,Oracle,Azure,HTML/CSS/JS,Excel,Time Management,82,49,38,94,2,5,1,Web Developer,79,Low
EEE1669,Akash Naidu,EEE,Final Year,E,Female,C,SQL Server,Azure,HTML/CSS/JS,Excel,Time Management,85,86,40,43,1,5,3,AI/ML Engineer,77,Low
MECH1670,Siva Varma,MECH,Final Year,H,Male,C,MySQL,Google Cloud,Node.js,Excel,Communication,37,57,78,70,1,5,1,Software Developer,63,Medium
AIML1671,Dhanush Singh,AIML,Final Year,G,Female,JavaScript,Oracle,Google Cloud,Node.js,Excel,Time Management,72,42,82,54,1,5,3,AI/ML Engineer,75,Low
CSE1672,Divya Varma,CSE,Final Year,F,Male,Python,SQL Server,None,FastAPI,Pandas,Communication,67,66,65,60,1,5,1,Cyber Security Analyst,70,Medium
IT1673,Tejaswi Joshi,IT,Final Year,D,Female,C,PostgreSQL,None,FastAPI,Power BI,Time Management,45,46,62,62,3,3,0,AI/ML Engineer,63,Medium
AIDS1674,Karthik Gupta,AIDS,Final Year,D,Female,Python,SQL Server,Google Cloud,Node.js,Power BI,Time Management,93,76,73,78,5,4,0,Cyber Security Analyst,99,Low
IT1675,Karthik Kumar,IT,Final Year,D,Female,Java,MongoDB,Google Cloud,HTML/CSS/JS,Pandas,Problem Solving,64,44,62,55,4,6,3,Cyber Security Analyst,87,Low
CSE1676,Sanjay Sharma,CSE,Final Year,B,Male,C++,MySQL,AWS,Django,Excel,Problem Solving,41,92,95,84,3,2,3,AI/ML Engineer,85,Low
CIVIL1677,Aditya Yadav,CIVIL,Final Year,F,Male,C,MongoDB,AWS,HTML/CSS/JS,NumPy,Problem Solving,40,76,42,88,2,4,3,Software Developer,74,Medium
CSE1678,Sneha Sharma,CSE,Final Year,A,Male,JavaScript,PostgreSQL,Google Cloud,Django,NumPy,Leadership,68,95,63,70,3,2,3,Software Developer,86,Low
EEE1679,Bhavana Gupta,EEE,Final Year,A,Female,Python,MySQL,AWS,Node.js,Tableau,Communication,39,76,67,60,5,0,3,Cloud Engineer,79,Low
CIVIL1680,Bhavana Kumar,CIVIL,Final Year,A,Female,Java,PostgreSQL,Azure,Node.js,Power BI,Problem Solving,73,48,87,42,5,4,0,Cyber Security Analyst,84,Low
EEE1681,Rahul Joshi,EEE,Final Year,E,Male,Python,PostgreSQL,Google Cloud,Node.js,Pandas,Problem Solving,43,51,79,86,4,3,2,Data Analyst,82,Low
CIVIL1682,Nandini Das,CIVIL,Final Year,H,Male,C,MySQL,Google Cloud,Django,Pandas,Time Management,58,92,61,78,3,2,0,Web Developer,75,Low
CIVIL1683,Riya Sharma,CIVIL,Final Year,E,Male,C++,MongoDB,Google Cloud,Node.js,Tableau,Teamwork,81,39,52,59,5,3,3,Cloud Engineer,90,Low
MECH1684,Keerthi Das,MECH,Final Year,F,Male,JavaScript,PostgreSQL,Google Cloud,HTML/CSS/JS,Pandas,Leadership,89,61,88,66,1,3,3,Business Analyst,82,Low
ECE1685,Sowmya Varma,ECE,Final Year,D,Female,Python,SQL Server,None,Django,NumPy,Problem Solving,35,94,67,92,4,2,1,Data Analyst,80,Low
MECH1686,Venkatesh Kumar,MECH,Final Year,C,Female,Java,SQL Server,Google Cloud,HTML/CSS/JS,Excel,Teamwork,36,83,81,85,2,2,0,Cloud Engineer,66,Medium
AIDS1687,Abhinav Joshi,AIDS,Final Year,H,Female,C,PostgreSQL,AWS,React,Pandas,Leadership,52,46,93,83,4,6,1,AI/ML Engineer,88,Low
EEE1688,Sai Naidu,EEE,Final Year,B,Female,C,PostgreSQL,Google Cloud,Django,Tableau,Communication,50,70,94,36,0,3,1,Cloud Engineer,56,Medium
CSE1689,Priya Gupta,CSE,Final Year,E,Male,Java,MySQL,Google Cloud,Django,Excel,Leadership,70,41,54,48,2,1,0,Data Analyst,57,Medium
EEE1690,Bhavana Varma,EEE,Final Year,F,Male,C,Oracle,Google Cloud,Node.js,Excel,Communication,42,44,50,77,2,4,0,Cloud Engineer,60,Medium
AIML1691,Chaitanya Das,AIML,Final Year,F,Female,C++,PostgreSQL,None,FastAPI,Power BI,Teamwork,42,79,38,68,2,3,1,AI/ML Engineer,63,Medium
MECH1692,Akhil Singh,MECH,Final Year,E,Female,C++,MySQL,Google Cloud,FastAPI,Excel,Time Management,87,93,75,40,4,1,2,Software Developer,87,Low
CIVIL1693,Divya Singh,CIVIL,Final Year,E,Female,C++,PostgreSQL,None,React,Pandas,Leadership,65,46,69,89,0,3,3,Data Analyst,70,Medium
IT1694,Amrutha Rao,IT,Final Year,G,Male,Java,MySQL,Google Cloud,FastAPI,Tableau,Problem Solving,81,81,83,90,5,1,3,Cloud Engineer,100,Low
MECH1695,Shreya Varma,MECH,Final Year,D,Male,JavaScript,MySQL,None,FastAPI,Power BI,Communication,72,74,94,38,3,4,1,Software Developer,80,Low
EEE1696,Siva Gupta,EEE,Final Year,C,Male,JavaScript,Oracle,Google Cloud,React,Pandas,Problem Solving,95,38,54,56,0,5,2,Web Developer,70,Medium
AIDS1697,Riya Naidu,AIDS,Final Year,B,Female,C,PostgreSQL,AWS,Node.js,Power BI,Teamwork,85,49,87,84,4,4,0,Cloud Engineer,91,Low
ECE1698,Venkatesh Sharma,ECE,Final Year,B,Male,Python,PostgreSQL,Google Cloud,HTML/CSS/JS,Power BI,Problem Solving,54,58,37,89,5,1,1,Business Analyst,78,Low
MECH1699,Sanjay Kumar,MECH,Final Year,E,Female,Java,SQL Server,Google Cloud,Django,Pandas,Problem Solving,64,46,73,74,0,0,2,Cloud Engineer,58,Medium
EEE1700,Sanjay Singh,EEE,Final Year,H,Male,Python,Oracle,Azure,Django,Power BI,Problem Solving,91,74,58,49,0,0,1,Web Developer,60,Medium
IT1701,Lakshmi Reddy,IT,Final Year,H,Male,C++,MySQL,None,Node.js,NumPy,Communication,95,78,94,64,4,1,3,Business Analyst,98,Low
ECE1702,Amrutha Gupta,ECE,Final Year,D,Female,JavaScript,MySQL,None,Node.js,NumPy,Communication,82,38,81,67,3,1,1,Data Analyst,76,Low
IT1703,Aarav Singh,IT,Final Year,E,Female,C++,SQL Server,Azure,FastAPI,Pandas,Problem Solving,42,84,36,57,1,4,3,Cyber Security Analyst,64,Medium
IT1704,Rohit Sharma,IT,Final Year,H,Male,C++,PostgreSQL,AWS,Django,Tableau,Teamwork,38,35,86,46,0,1,3,Web Developer,50,High
EEE1705,Aditya Patel,EEE,Final Year,A,Male,C++,MongoDB,AWS,Node.js,NumPy,Teamwork,67,60,63,83,3,0,1,Web Developer,73,Medium
MECH1706,Akash Sharma,MECH,Final Year,C,Female,C,SQL Server,Google Cloud,Django,Excel,Time Management,80,81,44,50,3,4,0,Software Developer,76,Low
ECE1707,Aarav Reddy,ECE,Final Year,D,Male,Python,MySQL,Google Cloud,React,Power BI,Leadership,52,59,38,41,4,2,1,Data Analyst,65,Medium
CIVIL1708,Neha Kumar,CIVIL,Final Year,D,Male,Java,PostgreSQL,AWS,HTML/CSS/JS,Power BI,Communication,91,83,78,59,4,0,3,Data Analyst,92,Low
AIML1709,Abhinav Kumar,AIML,Final Year,F,Male,Java,SQL Server,AWS,FastAPI,NumPy,Time Management,80,54,76,66,3,3,1,Software Developer,81,Low
IT1710,Sowmya Yadav,IT,Final Year,F,Male,C++,MySQL,AWS,FastAPI,Excel,Problem Solving,42,62,50,52,4,2,0,Business Analyst,64,Medium
ECE1711,Harsha Yadav,ECE,Final Year,E,Female,Java,SQL Server,AWS,HTML/CSS/JS,Tableau,Communication,83,42,91,84,4,6,0,AI/ML Engineer,94,Low
MECH1712,Pooja Singh,MECH,Final Year,B,Male,C++,SQL Server,None,Node.js,NumPy,Problem Solving,57,56,59,87,0,4,1,Cyber Security Analyst,63,Medium
AIML1713,Nandini Singh,AIML,Final Year,D,Male,C,MySQL,None,Node.js,Pandas,Leadership,72,57,60,41,1,5,3,Business Analyst,71,Medium
CIVIL1714,Abhinav Rao,CIVIL,Final Year,C,Male,C++,SQL Server,Azure,FastAPI,Excel,Leadership,69,89,89,68,3,5,2,Business Analyst,92,Low
MECH1715,Swathi Reddy,MECH,Final Year,B,Female,C,MySQL,Google Cloud,Django,Pandas,Problem Solving,46,66,62,48,5,1,0,Cloud Engineer,70,Medium
AIDS1716,Neha Patel,AIDS,Final Year,H,Male,Python,MongoDB,Azure,React,Tableau,Leadership,53,67,49,42,4,3,3,Data Analyst,77,Low
MECH1717,Sai Sharma,MECH,Final Year,A,Male,C,MongoDB,None,HTML/CSS/JS,NumPy,Problem Solving,72,67,92,65,0,1,3,AI/ML Engineer,69,Medium
MECH1718,Charan Joshi,MECH,Final Year,C,Male,JavaScript,PostgreSQL,None,HTML/CSS/JS,Power BI,Problem Solving,81,49,79,88,0,6,2,AI/ML Engineer,79,Low
ECE1719,Swathi Rao,ECE,Final Year,B,Male,C,MySQL,None,Django,NumPy,Leadership,52,39,37,93,2,0,3,Web Developer,65,Medium
AIML1720,Sanjay Varma,AIML,Final Year,A,Female,Java,PostgreSQL,Azure,Django,Pandas,Communication,68,47,36,40,4,0,3,Web Developer,70,Medium
CIVIL1721,Anjali Reddy,CIVIL,Final Year,H,Male,C,Oracle,Google Cloud,HTML/CSS/JS,Pandas,Teamwork,72,74,63,74,4,0,2,Data Analyst,83,Low
IT1722,Pooja Reddy,IT,Final Year,H,Male,C++,Oracle,None,Django,Pandas,Teamwork,68,82,41,70,4,4,0,Software Developer,81,Low
CIVIL1723,Neha Reddy,CIVIL,Final Year,G,Female,C,PostgreSQL,AWS,FastAPI,Power BI,Communication,45,73,64,58,2,3,1,Web Developer,65,Medium
AIDS1724,Rohit Rao,AIDS,Final Year,A,Male,Java,SQL Server,AWS,React,NumPy,Leadership,68,89,79,80,4,5,0,Cyber Security Analyst,92,Low
EEE1725,Tejaswi Sharma,EEE,Final Year,G,Male,Python,SQL Server,AWS,FastAPI,Pandas,Teamwork,47,85,78,79,1,0,3,Data Analyst,68,Medium
EEE1726,Rahul Yadav,EEE,Final Year,C,Female,Python,SQL Server,Google Cloud,Django,NumPy,Communication,83,89,37,54,5,4,0,Data Analyst,88,Low
MECH1727,Rahul Patel,MECH,Final Year,D,Male,C++,Oracle,Google Cloud,HTML/CSS/JS,Power BI,Teamwork,79,61,92,87,1,5,0,Data Analyst,79,Low
ECE1728,Harsha Singh,ECE,Final Year,G,Male,C++,MongoDB,AWS,FastAPI,Tableau,Communication,88,73,79,82,1,2,0,Web Developer,75,Low
IT1729,Deepika Joshi,IT,Final Year,E,Female,Java,PostgreSQL,None,React,Excel,Time Management,60,49,71,73,2,2,2,Software Developer,71,Medium
EEE1730,Srikanth Joshi,EEE,Final Year,F,Male,Python,MongoDB,None,Node.js,Excel,Time Management,50,35,92,84,3,4,3,AI/ML Engineer,83,Low
AIDS1731,Rahul Yadav,AIDS,Final Year,D,Female,C++,MongoDB,None,Node.js,Tableau,Communication,70,82,74,73,1,5,0,Cyber Security Analyst,74,Medium
IT1732,Tejaswi Rao,IT,Final Year,B,Female,C,SQL Server,AWS,React,Power BI,Leadership,74,65,47,94,3,3,0,Cyber Security Analyst,79,Low
EEE1733,Aditya Varma,EEE,Final Year,D,Male,C++,MySQL,Azure,Django,Power BI,Leadership,76,45,82,89,2,0,1,Business Analyst,73,Medium
EEE1734,Sai Patel,EEE,Final Year,C,Male,C,MongoDB,Google Cloud,React,Excel,Time Management,41,76,85,54,2,2,1,Cloud Engineer,64,Medium
ECE1735,Akash Naidu,ECE,Final Year,G,Female,C++,PostgreSQL,Google Cloud,React,NumPy,Teamwork,63,61,57,79,0,0,3,Web Developer,61,Medium
CSE1736,Priya Kumar,CSE,Final Year,F,Female,JavaScript,Oracle,Google Cloud,React,Tableau,Problem Solving,57,47,74,69,4,5,0,Data Analyst,79,Low
ECE1737,Sowmya Sharma,ECE,Final Year,F,Female,C++,MongoDB,AWS,HTML/CSS/JS,Excel,Time Management,93,87,46,59,0,5,0,Software Developer,70,Medium
CIVIL1738,Sanjay Yadav,CIVIL,Final Year,G,Male,JavaScript,MongoDB,Azure,HTML/CSS/JS,NumPy,Leadership,37,75,46,50,3,3,3,Cyber Security Analyst,69,Medium
ECE1739,Swathi Kumar,ECE,Final Year,D,Female,JavaScript,MongoDB,Azure,Node.js,NumPy,Problem Solving,40,71,51,40,0,5,1,AI/ML Engineer,51,High
ECE1740,Chaitanya Patel,ECE,Final Year,D,Male,C++,PostgreSQL,Google Cloud,React,Pandas,Problem Solving,78,46,67,82,1,2,3,Data Analyst,75,Low
MECH1741,Meghana Patel,MECH,Final Year,C,Female,Java,SQL Server,Google Cloud,React,NumPy,Problem Solving,62,92,74,51,5,0,3,Business Analyst,88,Low
EEE1742,Aadhya Gupta,EEE,Final Year,F,Male,JavaScript,PostgreSQL,None,HTML/CSS/JS,Power BI,Time Management,56,56,36,63,2,1,2,Business Analyst,61,Medium
CIVIL1743,Krishna Gupta,CIVIL,Final Year,B,Female,JavaScript,MongoDB,None,React,Power BI,Time Management,62,86,92,73,3,2,2,Data Analyst,85,Low
AIDS1744,Anjali Das,AIDS,Final Year,H,Male,C++,MySQL,Google Cloud,FastAPI,Excel,Time Management,68,47,35,37,4,6,2,Cloud Engineer,78,Low
MECH1745,Aadhya Varma,MECH,Final Year,B,Female,C++,Oracle,None,FastAPI,NumPy,Problem Solving,62,63,72,69,4,4,2,Cyber Security Analyst,87,Low
CSE1746,Rohit Patel,CSE,Final Year,H,Male,C,Oracle,AWS,React,Tableau,Time Management,63,93,40,40,0,6,1,Business Analyst,62,Medium
CIVIL1747,Swathi Reddy,CIVIL,Final Year,G,Female,C,SQL Server,Google Cloud,FastAPI,Pandas,Teamwork,35,76,56,39,4,5,3,Software Developer,77,Low
MECH1748,Ishitha Naidu,MECH,Final Year,A,Female,C++,Oracle,Azure,Node.js,Tableau,Leadership,58,74,91,75,3,4,2,Software Developer,86,Low
AIDS1749,Sai Varma,AIDS,Final Year,B,Female,C,Oracle,Azure,FastAPI,Tableau,Teamwork,37,43,87,80,5,2,1,Business Analyst,79,Low
ECE1750,Varun Singh,ECE,Final Year,G,Male,C++,SQL Server,AWS,Django,Excel,Leadership,56,38,90,78,1,4,2,Business Analyst,71,Medium
AIDS1751,Nandini Sharma,AIDS,Final Year,F,Female,C++,Oracle,AWS,FastAPI,Power BI,Time Management,76,53,71,50,5,3,0,Web Developer,82,Low
EEE1752,Karthik Yadav,EEE,Final Year,F,Male,Python,MySQL,AWS,React,Power BI,Problem Solving,70,71,59,73,2,0,1,Software Developer,68,Medium
AIML1753,Harsha Patel,AIML,Final Year,E,Male,C,MongoDB,None,FastAPI,Excel,Leadership,59,55,61,44,0,1,3,Data Analyst,55,Medium
MECH1754,Swathi Varma,MECH,Final Year,B,Female,C,Oracle,None,Node.js,Power BI,Communication,69,39,78,44,1,1,2,Cyber Security Analyst,60,Medium
CSE1755,Nandini Sharma,CSE,Final Year,G,Female,C,PostgreSQL,AWS,FastAPI,Tableau,Teamwork,90,57,64,64,3,1,3,Data Analyst,84,Low
CIVIL1756,Divya Patel,CIVIL,Final Year,F,Male,Python,Oracle,None,FastAPI,Tableau,Problem Solving,84,89,58,74,2,5,2,Web Developer,88,Low
CIVIL1757,Harsha Rao,CIVIL,Final Year,A,Female,Java,SQL Server,None,Django,Excel,Leadership,65,59,64,61,4,3,2,Software Developer,82,Low
AIDS1758,Deepika Yadav,AIDS,Final Year,D,Male,C,MongoDB,AWS,Django,NumPy,Problem Solving,57,47,54,40,0,2,3,Business Analyst,53,High
CSE1759,Harsha Naidu,CSE,Final Year,D,Female,Python,MySQL,Google Cloud,React,Pandas,Teamwork,60,57,81,67,1,1,2,Web Developer,65,Medium
AIDS1760,Abhinav Patel,AIDS,Final Year,H,Male,C++,PostgreSQL,Google Cloud,Node.js,Power BI,Leadership,95,61,62,37,5,5,0,Business Analyst,89,Low
IT1761,Krishna Reddy,IT,Final Year,B,Male,Python,MySQL,Azure,Django,NumPy,Teamwork,87,61,39,40,4,5,3,Business Analyst,88,Low
CIVIL1762,Riya Yadav,CIVIL,Final Year,G,Female,JavaScript,PostgreSQL,None,Django,Pandas,Problem Solving,39,54,81,54,3,3,3,Software Developer,73,Medium
CSE1763,Anjali Naidu,CSE,Final Year,G,Female,C++,SQL Server,None,FastAPI,Pandas,Time Management,91,44,80,74,0,5,2,Web Developer,77,Low
CIVIL1764,Pooja Patel,CIVIL,Final Year,A,Female,Python,Oracle,AWS,Django,Power BI,Leadership,79,49,35,81,1,4,1,Cyber Security Analyst,68,Medium
MECH1765,Abhinav Patel,MECH,Final Year,H,Female,C,PostgreSQL,None,Node.js,Power BI,Communication,51,38,57,39,1,0,3,Cyber Security Analyst,51,High
AIML1766,Anjali Kumar,AIML,Final Year,D,Female,Java,PostgreSQL,AWS,Django,Pandas,Time Management,56,45,51,64,2,6,2,Business Analyst,72,Medium
MECH1767,Keerthi Singh,MECH,Final Year,H,Female,C++,MySQL,AWS,Node.js,Power BI,Time Management,65,76,49,88,2,0,3,Cyber Security Analyst,75,Low
IT1768,Ishitha Varma,IT,Final Year,F,Male,Java,MySQL,Azure,Django,Excel,Time Management,78,47,35,44,2,4,2,Data Analyst,68,Medium
CIVIL1769,Sanjana Das,CIVIL,Final Year,E,Male,Java,Oracle,Google Cloud,Node.js,Excel,Problem Solving,70,73,55,56,4,6,0,Business Analyst,83,Low
ECE1770,Deepika Reddy,ECE,Final Year,D,Female,JavaScript,SQL Server,Google Cloud,Django,NumPy,Communication,59,64,57,83,4,1,1,AI/ML Engineer,77,Low
IT1771,Shreya Rao,IT,Final Year,E,Male,JavaScript,MySQL,AWS,Node.js,NumPy,Communication,87,51,90,59,1,2,1,Web Developer,71,Medium
IT1772,Rahul Sharma,IT,Final Year,E,Male,JavaScript,MongoDB,None,Node.js,Excel,Time Management,82,94,41,46,0,4,2,Data Analyst,68,Medium
IT1773,Krishna Sharma,IT,Final Year,A,Male,C++,SQL Server,AWS,Node.js,Power BI,Communication,56,91,76,57,2,1,0,Software Developer,65,Medium
CSE1774,Siva Das,CSE,Final Year,E,Female,C++,MongoDB,AWS,FastAPI,Pandas,Time Management,40,77,80,41,0,4,3,Cloud Engineer,61,Medium
CIVIL1775,Sanjay Reddy,CIVIL,Final Year,C,Female,C,SQL Server,None,Node.js,Tableau,Teamwork,91,54,42,85,4,5,1,AI/ML Engineer,92,Low
MECH1776,Tejaswi Joshi,MECH,Final Year,G,Female,C++,PostgreSQL,AWS,FastAPI,Tableau,Communication,94,74,93,81,0,0,3,Software Developer,78,Low
IT1777,Riya Rao,IT,Final Year,C,Male,Python,MySQL,Azure,Node.js,Tableau,Leadership,86,82,42,60,4,1,3,Business Analyst,87,Low
AIML1778,Sanjana Joshi,AIML,Final Year,B,Male,C++,SQL Server,Azure,FastAPI,NumPy,Time Management,84,59,44,36,4,1,2,Cyber Security Analyst,76,Low
CSE1779,Chaitanya Rao,CSE,Final Year,C,Male,C++,Oracle,Azure,Node.js,Tableau,Problem Solving,43,83,43,70,5,3,0,Web Developer,77,Low
CSE1780,Manoj Reddy,CSE,Final Year,E,Female,C,MongoDB,Google Cloud,HTML/CSS/JS,Pandas,Leadership,51,86,47,70,3,0,1,AI/ML Engineer,67,Medium
ECE1781,Charan Patel,ECE,Final Year,A,Female,Python,MongoDB,AWS,Node.js,NumPy,Problem Solving,36,86,59,37,2,4,0,Data Analyst,58,Medium
CIVIL1782,Riya Joshi,CIVIL,Final Year,F,Female,C++,SQL Server,Google Cloud,FastAPI,Pandas,Time Management,56,37,80,72,0,2,0,Web Developer,53,High
AIDS1783,Riya Das,AIDS,Final Year,H,Female,C++,PostgreSQL,AWS,React,Pandas,Teamwork,75,88,57,62,1,1,3,AI/ML Engineer,73,Medium
CIVIL1784,Amrutha Joshi,CIVIL,Final Year,D,Female,C,Oracle,Azure,React,Power BI,Problem Solving,77,38,61,76,1,1,0,Software Developer,60,Medium
CSE1785,Venkatesh Joshi,CSE,Final Year,E,Female,C++,SQL Server,Google Cloud,FastAPI,Excel,Time Management,74,35,48,67,0,1,2,Software Developer,56,Medium
EEE1786,Dhanush Patel,EEE,Final Year,H,Male,JavaScript,PostgreSQL,Google Cloud,Django,Excel,Time Management,80,83,42,51,3,6,0,Cloud Engineer,80,Low
EEE1787,Srikanth Joshi,EEE,Final Year,G,Female,JavaScript,MongoDB,AWS,FastAPI,Pandas,Leadership,75,38,87,71,2,5,1,Data Analyst,78,Low
CSE1788,Srikanth Yadav,CSE,Final Year,C,Male,JavaScript,MongoDB,None,HTML/CSS/JS,Pandas,Teamwork,59,79,77,44,4,1,2,Business Analyst,78,Low
ECE1789,Sahithi Joshi,ECE,Final Year,E,Female,JavaScript,MySQL,AWS,HTML/CSS/JS,Power BI,Leadership,50,58,48,37,3,4,2,Cyber Security Analyst,67,Medium
AIML1790,Krishna Gupta,AIML,Final Year,H,Female,C,SQL Server,AWS,HTML/CSS/JS,Pandas,Teamwork,55,86,70,49,3,2,2,AI/ML Engineer,75,Low
ECE1791,Tejaswi Gupta,ECE,Final Year,H,Female,Python,PostgreSQL,Google Cloud,Node.js,Excel,Problem Solving,55,92,57,78,5,2,1,AI/ML Engineer,86,Low
AIML1792,Ananya Joshi,AIML,Final Year,B,Female,C++,MySQL,AWS,Django,NumPy,Problem Solving,78,91,94,45,3,3,2,Business Analyst,87,Low
AIDS1793,Ananya Gupta,AIDS,Final Year,G,Female,C++,MongoDB,Azure,Django,NumPy,Problem Solving,57,85,55,39,2,6,3,Cloud Engineer,77,Low
AIDS1794,Chaitanya Kumar,AIDS,Final Year,B,Female,Java,MySQL,AWS,HTML/CSS/JS,Power BI,Teamwork,82,67,87,46,0,6,0,Cyber Security Analyst,69,Medium
AIML1795,Srikanth Gupta,AIML,Final Year,C,Female,Java,PostgreSQL,Google Cloud,Node.js,Power BI,Time Management,52,83,69,85,5,1,2,Business Analyst,88,Low
AIDS1796,Aarav Sharma,AIDS,Final Year,D,Female,C,Oracle,AWS,HTML/CSS/JS,NumPy,Teamwork,62,76,79,38,0,6,0,Cloud Engineer,61,Medium
CSE1797,Manoj Naidu,CSE,Final Year,E,Female,Python,MongoDB,Azure,FastAPI,Power BI,Teamwork,85,91,68,60,3,5,3,Software Developer,95,Low
AIDS1798,Naveen Yadav,AIDS,Final Year,C,Female,Python,MongoDB,Azure,HTML/CSS/JS,Power BI,Problem Solving,37,74,91,62,3,6,2,Web Developer,81,Low
ECE1799,Pranav Joshi,ECE,Final Year,C,Female,Python,MongoDB,Azure,FastAPI,Tableau,Time Management,71,39,41,73,5,1,2,Cyber Security Analyst,81,Low
CSE1800,Krishna Das,CSE,Final Year,C,Male,Java,MySQL,Google Cloud,Django,Power BI,Time Management,50,90,36,78,3,3,2,Business Analyst,76,Low
ECE1801,Naveen Kumar,ECE,Final Year,H,Male,C,PostgreSQL,None,Django,Power BI,Time Management,58,60,65,76,4,2,2,Web Developer,81,Low
AIML1802,Amrutha Patel,AIML,Final Year,C,Female,C++,MySQL,AWS,HTML/CSS/JS,NumPy,Communication,64,65,58,58,0,1,2,Cloud Engineer,57,Medium
EEE1803,Sanjana Singh,EEE,Final Year,E,Female,Python,SQL Server,Google Cloud,HTML/CSS/JS,NumPy,Leadership,68,83,78,83,1,4,2,Web Developer,80,Low
AIML1804,Varun Sharma,AIML,Final Year,E,Male,C,MongoDB,None,Django,NumPy,Communication,65,36,58,55,2,5,2,Web Developer,71,Medium
AIDS1805,Sanjay Patel,AIDS,Final Year,A,Female,JavaScript,SQL Server,None,React,Tableau,Problem Solving,86,71,46,95,1,5,0,Business Analyst,77,Low
AIDS1806,Ananya Naidu,AIDS,Final Year,E,Female,Java,MongoDB,AWS,Django,Power BI,Teamwork,72,64,64,42,0,5,0,Software Developer,59,Medium
AIML1807,Riya Naidu,AIML,Final Year,G,Female,Java,MongoDB,Google Cloud,Node.js,Excel,Teamwork,79,69,65,43,1,2,2,Cyber Security Analyst,67,Medium
IT1808,Siva Yadav,IT,Final Year,F,Male,Java,MongoDB,Google Cloud,FastAPI,Tableau,Communication,60,69,56,91,5,2,3,Data Analyst,93,Low
EEE1809,Shreya Patel,EEE,Final Year,H,Female,Java,Oracle,Google Cloud,Django,Tableau,Time Management,36,88,84,78,5,4,2,Cyber Security Analyst,91,Low
IT1810,Deepika Joshi,IT,Final Year,E,Female,C,SQL Server,AWS,Node.js,NumPy,Teamwork,75,75,42,84,1,3,1,Data Analyst,71,Medium
CSE1811,Rakesh Yadav,CSE,Final Year,H,Male,C++,MySQL,None,React,Tableau,Problem Solving,86,72,63,75,5,0,2,Web Developer,92,Low
MECH1812,Naveen Kumar,MECH,Final Year,B,Female,Python,Oracle,Google Cloud,Django,NumPy,Teamwork,37,68,80,48,3,2,2,Web Developer,68,Medium
CSE1813,Amrutha Singh,CSE,Final Year,A,Female,Java,Oracle,None,React,Excel,Communication,64,57,74,78,0,5,0,Business Analyst,64,Medium
AIML1814,Amrutha Varma,AIML,Final Year,C,Male,JavaScript,MongoDB,AWS,FastAPI,NumPy,Problem Solving,79,73,46,95,4,2,2,Web Developer,91,Low
CIVIL1815,Manoj Joshi,CIVIL,Final Year,G,Male,JavaScript,PostgreSQL,None,FastAPI,Pandas,Leadership,57,47,85,62,3,1,2,Web Developer,72,Medium
AIML1816,Amrutha Sharma,AIML,Final Year,A,Male,Python,SQL Server,Azure,Node.js,NumPy,Time Management,48,52,84,40,1,1,2,Business Analyst,56,Medium
MECH1817,Rahul Joshi,MECH,Final Year,G,Female,Java,MySQL,None,Django,Power BI,Problem Solving,75,54,74,49,3,3,1,Cloud Engineer,76,Low
IT1818,Sneha Varma,IT,Final Year,F,Male,C++,Oracle,AWS,Node.js,Excel,Communication,93,64,78,81,1,6,2,Business Analyst,88,Low
AIDS1819,Riya Das,AIDS,Final Year,G,Female,Python,Oracle,Azure,Django,Power BI,Problem Solving,50,92,81,65,4,2,0,Data Analyst,78,Low
IT1820,Nandini Reddy,IT,Final Year,B,Female,Python,PostgreSQL,Azure,Node.js,Power BI,Communication,51,75,77,45,2,6,1,Business Analyst,72,Medium
ECE1821,Meghana Yadav,ECE,Final Year,F,Female,C++,Oracle,Google Cloud,FastAPI,Tableau,Problem Solving,51,75,75,52,3,2,1,Data Analyst,70,Medium
MECH1822,Lakshmi Rao,MECH,Final Year,A,Male,Python,MySQL,AWS,HTML/CSS/JS,Tableau,Communication,48,59,93,63,1,4,0,Web Developer,63,Medium
IT1823,Harsha Varma,IT,Final Year,C,Male,JavaScript,PostgreSQL,None,FastAPI,NumPy,Teamwork,84,41,69,84,2,6,3,Software Developer,90,Low
CSE1824,Sahithi Sharma,CSE,Final Year,G,Male,Python,MongoDB,Azure,Node.js,Power BI,Teamwork,52,38,92,41,0,1,3,Data Analyst,54,High
EEE1825,Srikanth Singh,EEE,Final Year,G,Male,Python,Oracle,None,FastAPI,Tableau,Problem Solving,93,65,37,81,4,0,3,Web Developer,88,Low
EEE1826,Neha Rao,EEE,Final Year,B,Female,C,SQL Server,Azure,HTML/CSS/JS,Tableau,Communication,65,61,76,65,5,6,0,Web Developer,90,Low
ECE1827,Srikanth Rao,ECE,Final Year,G,Female,Python,MongoDB,None,HTML/CSS/JS,Excel,Teamwork,41,67,59,87,4,1,0,Data Analyst,71,Medium
CIVIL1828,Swathi Kumar,CIVIL,Final Year,G,Female,C,MongoDB,None,FastAPI,Tableau,Communication,72,74,40,60,0,2,1,AI/ML Engineer,58,Medium
CSE1829,Aditya Reddy,CSE,Final Year,B,Female,JavaScript,SQL Server,AWS,Node.js,Tableau,Leadership,56,87,77,42,5,4,3,Web Developer,92,Low
IT1830,Shreya Sharma,IT,Final Year,G,Male,Java,SQL Server,Azure,HTML/CSS/JS,Pandas,Problem Solving,35,64,52,46,0,2,1,Software Developer,44,High
CIVIL1831,Ishitha Das,CIVIL,Final Year,A,Male,Java,SQL Server,AWS,Node.js,Power BI,Communication,62,71,82,94,0,4,3,Cloud Engineer,77,Low
EEE1832,Pranav Sharma,EEE,Final Year,F,Male,Java,MongoDB,Azure,HTML/CSS/JS,Tableau,Leadership,78,88,74,75,0,0,3,Cloud Engineer,72,Medium
AIML1833,Akhil Patel,AIML,Final Year,A,Male,C++,MongoDB,Google Cloud,FastAPI,NumPy,Leadership,84,79,80,57,0,0,1,Web Developer,63,Medium
ECE1834,Sanjay Kumar,ECE,Final Year,D,Female,JavaScript,PostgreSQL,Azure,React,NumPy,Teamwork,58,67,95,75,4,5,3,AI/ML Engineer,96,Low
AIML1835,Keerthi Reddy,AIML,Final Year,C,Female,Python,SQL Server,None,React,Pandas,Communication,47,37,57,61,4,3,0,AI/ML Engineer,66,Medium
AIDS1836,Divya Singh,AIDS,Final Year,G,Female,Python,MongoDB,AWS,FastAPI,Tableau,Time Management,86,49,83,75,5,4,2,Data Analyst,100,Low
IT1837,Sowmya Joshi,IT,Final Year,H,Male,JavaScript,SQL Server,None,FastAPI,Pandas,Problem Solving,89,38,35,59,2,1,2,Cloud Engineer,67,Medium
IT1838,Rakesh Patel,IT,Final Year,F,Male,C,PostgreSQL,AWS,Node.js,Power BI,Leadership,51,72,85,61,5,6,3,Cloud Engineer,97,Low
CSE1839,Ananya Das,CSE,Final Year,B,Female,C++,Oracle,Google Cloud,HTML/CSS/JS,Excel,Time Management,54,79,90,63,5,6,1,Business Analyst,94,Low
AIDS1840,Rahul Varma,AIDS,Final Year,B,Male,Python,MongoDB,Google Cloud,Node.js,Pandas,Communication,64,73,84,89,4,2,2,Business Analyst,91,Low
IT1841,Arjun Das,IT,Final Year,H,Male,Python,SQL Server,None,FastAPI,Tableau,Problem Solving,58,53,78,82,2,3,2,Cyber Security Analyst,75,Low
ECE1842,Riya Patel,ECE,Final Year,G,Female,C,Oracle,Azure,Django,NumPy,Teamwork,52,95,78,36,1,4,0,AI/ML Engineer,62,Medium
AIDS1843,Anjali Varma,AIDS,Final Year,H,Male,Python,SQL Server,None,HTML/CSS/JS,NumPy,Leadership,94,90,76,80,3,0,1,AI/ML Engineer,87,Low
AIML1844,Nandini Sharma,AIML,Final Year,H,Female,C,SQL Server,None,HTML/CSS/JS,Tableau,Problem Solving,37,83,76,48,4,4,3,Data Analyst,82,Low
ECE1845,Srikanth Kumar,ECE,Final Year,G,Male,C,MySQL,AWS,React,Pandas,Leadership,57,42,43,70,4,3,1,Data Analyst,73,Medium
MECH1846,Nandini Kumar,MECH,Final Year,G,Male,Java,PostgreSQL,Azure,Node.js,Power BI,Communication,85,44,48,74,4,1,2,Cloud Engineer,82,Low
AIDS1847,Anjali Gupta,AIDS,Final Year,E,Male,JavaScript,MongoDB,Azure,React,Pandas,Time Management,57,76,43,47,2,3,3,Cloud Engineer,69,Medium
ECE1848,Sahithi Singh,ECE,Final Year,F,Male,JavaScript,MongoDB,Azure,FastAPI,Excel,Communication,85,59,90,95,2,2,2,Cloud Engineer,87,Low
IT1849,Divya Singh,IT,Final Year,G,Female,Python,Oracle,AWS,Django,Power BI,Teamwork,57,54,92,44,4,6,0,Cloud Engineer,80,Low
ECE1850,Charan Kumar,ECE,Final Year,D,Male,C++,MongoDB,AWS,FastAPI,NumPy,Problem Solving,70,68,75,63,4,3,0,Web Developer,81,Low
ECE1851,Sanjay Gupta,ECE,Final Year,C,Female,Python,PostgreSQL,AWS,FastAPI,Excel,Communication,74,80,92,55,4,3,3,Data Analyst,94,Low
AIML1852,Sanjana Reddy,AIML,Final Year,H,Female,Java,Oracle,None,Node.js,Excel,Teamwork,86,45,86,54,4,2,3,Data Analyst,89,Low
MECH1853,Aadhya Naidu,MECH,Final Year,B,Male,C++,MySQL,None,React,Power BI,Leadership,83,46,69,70,4,0,3,Software Developer,85,Low
ECE1854,Venkatesh Singh,ECE,Final Year,F,Female,JavaScript,SQL Server,Google Cloud,Django,Excel,Leadership,95,36,44,78,1,5,0,Software Developer,71,Medium
CIVIL1855,Ishitha Varma,CIVIL,Final Year,G,Male,C++,MySQL,None,Django,NumPy,Problem Solving,74,43,77,90,5,0,0,Business Analyst,83,Low
AIML1856,Aditya Sharma,AIML,Final Year,G,Male,C++,MySQL,AWS,Django,Power BI,Problem Solving,78,78,71,63,2,2,1,Business Analyst,75,Low
AIML1857,Sai Sharma,AIML,Final Year,G,Male,JavaScript,MongoDB,Google Cloud,HTML/CSS/JS,Power BI,Leadership,35,71,58,67,3,1,1,Web Developer,63,Medium
AIDS1858,Srikanth Das,AIDS,Final Year,F,Male,Python,MySQL,Google Cloud,Django,Pandas,Time Management,44,49,43,60,3,0,2,Web Developer,60,Medium
AIML1859,Siva Rao,AIML,Final Year,F,Male,Python,MySQL,Google Cloud,React,Excel,Time Management,62,66,73,89,3,5,1,Software Developer,85,Low
ECE1860,Ishitha Gupta,ECE,Final Year,D,Female,Python,MySQL,Azure,HTML/CSS/JS,Tableau,Leadership,50,49,80,44,4,3,0,Business Analyst,69,Medium
CIVIL1861,Shreya Yadav,CIVIL,Final Year,H,Male,JavaScript,PostgreSQL,AWS,Django,NumPy,Teamwork,93,55,86,42,0,3,1,Business Analyst,66,Medium
MECH1862,Priya Sharma,MECH,Final Year,G,Male,JavaScript,PostgreSQL,AWS,FastAPI,Tableau,Problem Solving,54,79,89,42,2,1,2,AI/ML Engineer,68,Medium
AIDS1863,Pranav Sharma,AIDS,Final Year,G,Female,Java,MongoDB,AWS,HTML/CSS/JS,NumPy,Leadership,79,39,46,54,5,4,3,Web Developer,89,Low
AIML1864,Rakesh Rao,AIML,Final Year,G,Female,Java,MongoDB,Google Cloud,Node.js,Tableau,Leadership,75,91,56,90,2,4,3,AI/ML Engineer,90,Low
AIML1865,Dhanush Patel,AIML,Final Year,A,Female,Python,MongoDB,None,Django,Power BI,Time Management,90,78,76,37,1,4,0,Business Analyst,70,Medium
ECE1866,Dhanush Singh,ECE,Final Year,G,Male,C++,SQL Server,None,React,Excel,Communication,71,53,35,73,0,3,2,Cyber Security Analyst,61,Medium
MECH1867,Shreya Sharma,MECH,Final Year,A,Male,Java,SQL Server,None,Node.js,Power BI,Teamwork,51,73,44,94,0,1,3,Business Analyst,63,Medium
MECH1868,Keerthi Reddy,MECH,Final Year,E,Female,Python,MySQL,Google Cloud,Node.js,Pandas,Leadership,41,95,80,42,3,1,1,Cyber Security Analyst,67,Medium
CIVIL1869,Rohit Joshi,CIVIL,Final Year,E,Female,C,Oracle,AWS,React,Excel,Time Management,52,43,93,74,1,1,2,AI/ML Engineer,64,Medium
MECH1870,Akhil Naidu,MECH,Final Year,D,Male,Java,PostgreSQL,Azure,Django,NumPy,Problem Solving,78,61,93,79,3,6,3,Business Analyst,98,Low
ECE1871,Sanjana Kumar,ECE,Final Year,A,Male,Java,SQL Server,Azure,Django,Pandas,Leadership,60,55,35,37,5,1,1,AI/ML Engineer,69,Medium
AIDS1872,Harsha Yadav,AIDS,Final Year,A,Female,C++,SQL Server,None,React,Tableau,Teamwork,44,63,67,66,1,6,2,Cloud Engineer,69,Medium
ECE1873,Meghana Patel,ECE,Final Year,D,Male,Java,MySQL,None,HTML/CSS/JS,Pandas,Time Management,44,81,80,82,0,5,3,Cyber Security Analyst,73,Medium
MECH1874,Tejaswi Naidu,MECH,Final Year,C,Female,Java,Oracle,None,HTML/CSS/JS,Excel,Teamwork,55,89,48,82,5,4,1,Business Analyst,89,Low
EEE1875,Divya Yadav,EEE,Final Year,D,Male,C++,SQL Server,Azure,Node.js,NumPy,Communication,92,49,50,36,3,1,2,Cloud Engineer,73,Medium
ECE1876,Varun Singh,ECE,Final Year,C,Male,Java,SQL Server,Google Cloud,React,Power BI,Leadership,53,83,65,94,2,0,2,Data Analyst,73,Medium
EEE1877,Aadhya Singh,EEE,Final Year,B,Female,Java,MongoDB,AWS,Django,Excel,Problem Solving,38,43,50,87,1,2,0,Business Analyst,52,High
CIVIL1878,Naveen Patel,CIVIL,Final Year,B,Male,C++,Oracle,None,React,NumPy,Teamwork,75,79,38,52,1,1,2,Cloud Engineer,63,Medium
ECE1879,Akhil Sharma,ECE,Final Year,F,Male,C++,MongoDB,AWS,Node.js,Tableau,Leadership,67,86,87,37,3,6,0,AI/ML Engineer,80,Low
CIVIL1880,Naveen Varma,CIVIL,Final Year,D,Male,Java,MongoDB,Google Cloud,React,NumPy,Problem Solving,42,56,79,66,2,2,3,Software Developer,69,Medium
ECE1881,Pooja Sharma,ECE,Final Year,F,Male,C++,SQL Server,Azure,React,Pandas,Communication,82,61,43,89,0,5,2,Web Developer,74,Medium
CSE1882,Manoj Yadav,CSE,Final Year,G,Female,Python,SQL Server,None,React,Tableau,Communication,53,44,38,55,4,4,3,AI/ML Engineer,76,Low
AIML1883,Abhinav Reddy,AIML,Final Year,E,Female,Python,MongoDB,Azure,Node.js,Pandas,Communication,93,94,67,37,5,6,0,Software Developer,96,Low
IT1884,Naveen Yadav,IT,Final Year,B,Female,Python,PostgreSQL,Azure,FastAPI,NumPy,Time Management,67,70,41,69,4,1,0,Cloud Engineer,73,Medium
EEE1885,Shreya Kumar,EEE,Final Year,F,Male,JavaScript,Oracle,AWS,FastAPI,NumPy,Problem Solving,80,69,81,57,0,4,2,Cyber Security Analyst,72,Medium
AIDS1886,Aarav Joshi,AIDS,Final Year,B,Female,C++,SQL Server,Azure,FastAPI,Pandas,Leadership,68,37,35,65,1,5,3,Data Analyst,68,Medium
AIML1887,Dhanush Kumar,AIML,Final Year,G,Female,Java,PostgreSQL,None,Node.js,Tableau,Problem Solving,53,36,64,68,1,5,0,AI/ML Engineer,60,Medium
CIVIL1888,Harsha Gupta,CIVIL,Final Year,A,Female,Python,MongoDB,Google Cloud,Django,NumPy,Time Management,48,61,64,92,0,2,3,Cyber Security Analyst,65,Medium
AIDS1889,Keerthi Naidu,AIDS,Final Year,G,Male,JavaScript,Oracle,None,FastAPI,Tableau,Communication,90,70,56,83,3,0,0,Cyber Security Analyst,78,Low
CIVIL1890,Sanjay Rao,CIVIL,Final Year,A,Male,JavaScript,MongoDB,None,Node.js,Tableau,Leadership,94,83,40,67,0,5,3,Data Analyst,79,Low
ECE1891,Swathi Sharma,ECE,Final Year,B,Female,C++,Oracle,Google Cloud,FastAPI,Tableau,Leadership,50,84,65,80,3,3,1,Software Developer,77,Low
AIML1892,Amrutha Rao,AIML,Final Year,E,Male,JavaScript,SQL Server,AWS,HTML/CSS/JS,Power BI,Problem Solving,41,58,53,70,3,5,1,Software Developer,71,Medium
ECE1893,Sanjana Gupta,ECE,Final Year,D,Female,C++,MongoDB,Google Cloud,Django,Excel,Communication,56,53,72,37,4,5,0,Web Developer,73,Medium
AIDS1894,Rohit Sharma,AIDS,Final Year,A,Male,C,PostgreSQL,None,Node.js,Tableau,Problem Solving,41,60,48,35,1,6,2,Data Analyst,58,Medium
CSE1895,Varun Patel,CSE,Final Year,B,Female,JavaScript,MySQL,Google Cloud,Node.js,Tableau,Leadership,74,54,74,94,1,0,3,Web Developer,74,Medium
AIDS1896,Arjun Naidu,AIDS,Final Year,C,Female,C++,MongoDB,None,FastAPI,Power BI,Time Management,74,66,79,47,2,0,3,Data Analyst,72,Medium
CIVIL1897,Priya Singh,CIVIL,Final Year,B,Male,C,MySQL,AWS,Node.js,Power BI,Leadership,37,43,49,92,2,0,2,Cyber Security Analyst,59,Medium
CIVIL1898,Neha Varma,CIVIL,Final Year,G,Male,Python,MongoDB,AWS,Django,Excel,Time Management,89,75,45,84,4,0,2,Software Developer,88,Low
IT1899,Sai Varma,IT,Final Year,D,Female,Java,PostgreSQL,Azure,FastAPI,NumPy,Time Management,53,84,52,66,5,4,0,AI/ML Engineer,82,Low
IT1900,Aarav Rao,IT,Final Year,C,Female,C++,PostgreSQL,None,FastAPI,NumPy,Teamwork,88,70,86,86,2,2,2,Data Analyst,87,Low
ECE1901,Dhanush Reddy,ECE,Final Year,B,Male,C++,Oracle,None,Node.js,Excel,Leadership,90,64,50,64,0,2,2,Software Developer,67,Medium
ECE1902,Aadhya Patel,ECE,Final Year,H,Male,C,SQL Server,AWS,Django,Excel,Time Management,83,50,77,71,3,0,3,Software Developer,82,Low
IT1903,Akash Kumar,IT,Final Year,D,Female,Python,Oracle,Azure,Django,Pandas,Time Management,44,91,54,81,3,3,1,Cloud Engineer,75,Low
IT1904,Aarav Naidu,IT,Final Year,B,Male,C++,MySQL,Azure,React,NumPy,Communication,42,95,89,89,4,5,0,Cloud Engineer,88,Low
ECE1905,Ishitha Kumar,ECE,Final Year,G,Female,C++,MySQL,None,HTML/CSS/JS,Excel,Teamwork,54,63,37,67,2,3,0,AI/ML Engineer,61,Medium
IT1906,Krishna Singh,IT,Final Year,C,Male,C++,Oracle,None,HTML/CSS/JS,Power BI,Communication,36,47,41,51,2,6,3,Cloud Engineer,65,Medium
AIML1907,Sneha Gupta,AIML,Final Year,H,Male,C++,SQL Server,Google Cloud,React,Pandas,Teamwork,36,49,48,89,3,2,2,AI/ML Engineer,68,Medium
EEE1908,Aarav Varma,EEE,Final Year,A,Male,Java,Oracle,AWS,Node.js,Pandas,Time Management,53,40,46,87,5,3,2,Software Developer,83,Low
ECE1909,Abhinav Reddy,ECE,Final Year,A,Female,C,SQL Server,Google Cloud,Node.js,Excel,Time Management,37,57,66,94,3,1,0,Web Developer,65,Medium
CIVIL1910,Pranav Patel,CIVIL,Final Year,G,Female,C++,SQL Server,AWS,Node.js,Tableau,Leadership,60,37,59,94,2,0,0,Cloud Engineer,61,Medium
MECH1911,Amrutha Kumar,MECH,Final Year,A,Female,JavaScript,SQL Server,Google Cloud,HTML/CSS/JS,Tableau,Time Management,39,64,35,92,5,1,3,Business Analyst,81,Low
AIML1912,Abhinav Singh,AIML,Final Year,B,Male,Python,MySQL,None,FastAPI,Power BI,Problem Solving,55,71,93,54,4,1,1,Business Analyst,77,Low
IT1913,Akhil Naidu,IT,Final Year,F,Female,C,MySQL,None,React,Excel,Teamwork,74,36,45,94,0,2,2,Cloud Engineer,63,Medium
AIML1914,Dhanush Gupta,AIML,Final Year,B,Female,C++,PostgreSQL,Azure,Node.js,NumPy,Teamwork,77,71,81,61,5,2,2,Data Analyst,93,Low
CSE1915,Sneha Varma,CSE,Final Year,F,Male,Java,PostgreSQL,Google Cloud,Node.js,Excel,Communication,54,74,79,86,4,4,1,Cyber Security Analyst,87,Low
AIDS1916,Arjun Patel,AIDS,Final Year,H,Male,Python,Oracle,None,FastAPI,Power BI,Communication,64,48,71,90,2,6,3,Web Developer,86,Low
EEE1917,Akhil Patel,EEE,Final Year,B,Male,JavaScript,MongoDB,None,Django,Power BI,Time Management,44,90,65,77,3,4,3,Web Developer,84,Low
MECH1918,Sowmya Reddy,MECH,Final Year,H,Male,JavaScript,PostgreSQL,AWS,FastAPI,NumPy,Problem Solving,63,94,37,62,0,2,2,AI/ML Engineer,61,Medium
CIVIL1919,Harsha Varma,CIVIL,Final Year,E,Female,C,Oracle,Azure,React,Excel,Problem Solving,43,56,36,60,5,6,1,Cloud Engineer,79,Low
EEE1920,Dhanush Gupta,EEE,Final Year,D,Female,JavaScript,Oracle,None,React,Excel,Teamwork,77,75,76,55,2,3,0,Business Analyst,73,Medium
ECE1921,Siva Rao,ECE,Final Year,G,Male,C,MySQL,None,FastAPI,NumPy,Leadership,58,55,43,73,5,0,2,Software Developer,78,Low
CSE1922,Harsha Patel,CSE,Final Year,B,Male,Python,MySQL,AWS,React,Excel,Teamwork,62,39,61,39,4,3,1,AI/ML Engineer,70,Medium
IT1923,Sanjana Gupta,IT,Final Year,A,Female,Java,MySQL,AWS,HTML/CSS/JS,NumPy,Leadership,76,83,47,68,2,5,3,Business Analyst,85,Low
AIML1924,Divya Yadav,AIML,Final Year,G,Female,Java,PostgreSQL,Azure,React,Excel,Teamwork,77,51,68,42,3,5,3,Web Developer,83,Low
CIVIL1925,Akhil Das,CIVIL,Final Year,G,Female,C,MySQL,Azure,Node.js,Excel,Time Management,70,43,91,43,0,3,1,Business Analyst,59,Medium
IT1926,Divya Varma,IT,Final Year,D,Female,C,SQL Server,AWS,Node.js,Excel,Leadership,47,61,51,83,0,5,3,AI/ML Engineer,66,Medium
IT1927,Charan Naidu,IT,Final Year,C,Male,C,SQL Server,None,Django,Excel,Leadership,44,49,85,71,5,0,1,Web Developer,76,Low
AIDS1928,Bhavana Rao,AIDS,Final Year,F,Male,C,MySQL,Azure,FastAPI,NumPy,Leadership,64,72,51,73,4,4,2,Business Analyst,86,Low
AIDS1929,Ananya Reddy,AIDS,Final Year,B,Female,C++,MongoDB,Google Cloud,HTML/CSS/JS,Tableau,Leadership,86,93,82,75,3,6,3,AI/ML Engineer,100,Low
EEE1930,Lakshmi Naidu,EEE,Final Year,F,Male,Java,MySQL,None,Django,Excel,Time Management,80,68,36,55,4,3,3,Software Developer,86,Low
AIDS1931,Venkatesh Patel,AIDS,Final Year,G,Male,Java,SQL Server,None,HTML/CSS/JS,Excel,Leadership,94,57,71,41,5,1,0,Web Developer,83,Low
AIML1932,Sahithi Kumar,AIML,Final Year,C,Female,Java,MySQL,None,Node.js,Pandas,Problem Solving,81,36,48,44,1,2,2,Software Developer,61,Medium
CIVIL1933,Sanjay Naidu,CIVIL,Final Year,F,Male,JavaScript,Oracle,None,FastAPI,Power BI,Problem Solving,93,85,71,47,4,6,2,Cyber Security Analyst,99,Low
ECE1934,Rohit Varma,ECE,Final Year,C,Female,C++,SQL Server,Google Cloud,React,Excel,Communication,65,78,48,60,3,0,1,Web Developer,68,Medium
AIDS1935,Aarav Das,AIDS,Final Year,A,Female,C,SQL Server,AWS,React,Power BI,Teamwork,95,70,53,81,1,1,1,Software Developer,73,Medium
AIDS1936,Ananya Kumar,AIDS,Final Year,H,Male,Java,MySQL,Azure,HTML/CSS/JS,Power BI,Teamwork,75,70,43,67,3,1,1,Business Analyst,73,Medium
IT1937,Akash Gupta,IT,Final Year,H,Male,Java,SQL Server,Azure,FastAPI,Tableau,Teamwork,69,57,44,46,0,3,1,Software Developer,54,High
MECH1938,Deepika Yadav,MECH,Final Year,G,Female,Java,Oracle,None,Django,Excel,Problem Solving,78,80,45,66,4,5,3,Business Analyst,94,Low
IT1939,Ananya Gupta,IT,Final Year,E,Female,Java,Oracle,Google Cloud,Django,Tableau,Communication,78,80,36,36,2,0,0,AI/ML Engineer,58,Medium
ECE1940,Abhinav Rao,ECE,Final Year,D,Male,Java,SQL Server,Azure,Node.js,Excel,Communication,48,61,35,63,1,1,1,Cloud Engineer,51,High
EEE1941,Sai Kumar,EEE,Final Year,B,Female,C++,PostgreSQL,Google Cloud,Node.js,Pandas,Teamwork,86,48,71,42,3,6,1,Business Analyst,82,Low
AIDS1942,Deepika Kumar,AIDS,Final Year,E,Female,Java,MySQL,None,FastAPI,NumPy,Problem Solving,88,70,65,81,5,2,0,Data Analyst,92,Low
MECH1943,Lakshmi Das,MECH,Final Year,A,Male,C++,MySQL,AWS,FastAPI,Excel,Problem Solving,60,51,72,64,0,0,2,Cloud Engineer,55,Medium
CIVIL1944,Anjali Patel,CIVIL,Final Year,B,Male,Python,SQL Server,None,Django,Power BI,Time Management,95,61,88,79,1,4,0,AI/ML Engineer,80,Low
CIVIL1945,Lakshmi Rao,CIVIL,Final Year,F,Female,Python,MongoDB,AWS,HTML/CSS/JS,Pandas,Time Management,71,80,61,41,5,5,1,Software Developer,89,Low
ECE1946,Keerthi Sharma,ECE,Final Year,F,Female,Java,PostgreSQL,Azure,HTML/CSS/JS,Excel,Teamwork,67,88,70,47,3,5,3,Web Developer,87,Low
CSE1947,Bhavana Naidu,CSE,Final Year,F,Female,C++,SQL Server,None,Node.js,Tableau,Leadership,73,58,37,84,0,0,0,Cloud Engineer,53,High
ECE1948,Harsha Naidu,ECE,Final Year,A,Female,C,SQL Server,Azure,FastAPI,Excel,Leadership,40,63,52,69,4,0,1,Software Developer,66,Medium
IT1949,Venkatesh Naidu,IT,Final Year,C,Male,JavaScript,SQL Server,AWS,Django,Power BI,Leadership,73,92,49,58,5,2,2,Web Developer,90,Low
CIVIL1950,Pranav Gupta,CIVIL,Final Year,D,Male,C++,Oracle,None,FastAPI,Tableau,Problem Solving,66,73,73,89,0,0,1,Business Analyst,62,Medium
MECH1951,Sai Gupta,MECH,Final Year,F,Female,C++,SQL Server,None,Node.js,Pandas,Teamwork,55,84,90,78,0,0,3,Software Developer,67,Medium
CSE1952,Aarav Das,CSE,Final Year,D,Female,Python,MongoDB,Azure,Node.js,Excel,Leadership,47,59,80,68,4,6,3,Software Developer,90,Low
AIML1953,Nandini Reddy,AIML,Final Year,B,Male,C,MySQL,Azure,HTML/CSS/JS,NumPy,Time Management,72,74,81,49,0,5,3,Cloud Engineer,74,Medium
AIML1954,Sahithi Das,AIML,Final Year,F,Male,JavaScript,Oracle,Azure,FastAPI,Excel,Teamwork,79,60,94,38,1,1,3,Web Developer,70,Medium
CIVIL1955,Tejaswi Sharma,CIVIL,Final Year,A,Male,JavaScript,Oracle,None,HTML/CSS/JS,Excel,Time Management,84,84,51,84,1,4,3,Cyber Security Analyst,84,Low
CSE1956,Ishitha Naidu,CSE,Final Year,H,Female,C,PostgreSQL,None,HTML/CSS/JS,Tableau,Time Management,72,74,89,85,5,5,2,Business Analyst,100,Low
MECH1957,Lakshmi Patel,MECH,Final Year,D,Female,C++,MySQL,AWS,FastAPI,Pandas,Time Management,92,88,45,82,3,1,3,Web Developer,90,Low
AIML1958,Sneha Joshi,AIML,Final Year,A,Female,C++,Oracle,AWS,FastAPI,Excel,Teamwork,50,56,72,76,4,1,2,Web Developer,77,Low
AIDS1959,Rahul Das,AIDS,Final Year,E,Male,C++,Oracle,Google Cloud,FastAPI,NumPy,Leadership,94,78,66,56,3,5,0,Cyber Security Analyst,86,Low
MECH1960,Sneha Sharma,MECH,Final Year,F,Male,Python,SQL Server,Azure,React,Pandas,Communication,86,78,88,64,3,3,0,Web Developer,84,Low
CSE1961,Aarav Sharma,CSE,Final Year,D,Female,C,Oracle,Azure,FastAPI,NumPy,Leadership,44,47,47,80,5,4,2,Cloud Engineer,82,Low
CIVIL1962,Chaitanya Rao,CIVIL,Final Year,H,Male,Java,Oracle,Google Cloud,React,Power BI,Leadership,40,83,43,94,5,6,3,Cloud Engineer,96,Low
CIVIL1963,Ishitha Singh,CIVIL,Final Year,H,Male,C++,MySQL,Google Cloud,HTML/CSS/JS,Pandas,Leadership,51,73,79,38,1,1,1,Data Analyst,56,Medium
MECH1964,Arjun Kumar,MECH,Final Year,A,Female,C,Oracle,Google Cloud,React,NumPy,Leadership,80,57,55,58,2,5,3,Software Developer,81,Low
IT1965,Rahul Varma,IT,Final Year,B,Male,C,MongoDB,AWS,Node.js,Pandas,Teamwork,51,94,94,85,2,4,2,Business Analyst,84,Low
IT1966,Aadhya Singh,IT,Final Year,G,Male,JavaScript,Oracle,Azure,HTML/CSS/JS,Excel,Leadership,65,78,81,83,0,6,3,Cloud Engineer,81,Low
ECE1967,Aarav Patel,ECE,Final Year,F,Female,Java,PostgreSQL,Azure,React,Tableau,Problem Solving,53,53,61,70,5,2,1,Web Developer,79,Low
CIVIL1968,Sahithi Gupta,CIVIL,Final Year,E,Male,C++,Oracle,Google Cloud,React,Power BI,Problem Solving,48,80,56,62,0,3,3,Cyber Security Analyst,62,Medium
EEE1969,Charan Joshi,EEE,Final Year,D,Female,Java,SQL Server,None,Node.js,NumPy,Time Management,38,51,78,87,3,0,0,AI/ML Engineer,63,Medium
AIDS1970,Amrutha Singh,AIDS,Final Year,A,Female,Java,SQL Server,AWS,Node.js,Power BI,Leadership,38,71,63,58,2,5,0,Cyber Security Analyst,63,Medium
AIML1971,Abhinav Singh,AIML,Final Year,G,Female,Python,MySQL,Google Cloud,React,Power BI,Communication,38,48,72,89,1,2,2,AI/ML Engineer,62,Medium
ECE1972,Shreya Rao,ECE,Final Year,G,Male,Python,SQL Server,Azure,React,NumPy,Leadership,78,50,83,78,1,4,0,Web Developer,72,Medium
IT1973,Anjali Rao,IT,Final Year,D,Female,Python,MongoDB,Azure,React,Pandas,Communication,45,46,93,61,0,6,0,AI/ML Engineer,59,Medium
AIML1974,Bhavana Das,AIML,Final Year,C,Male,C++,PostgreSQL,None,React,Tableau,Teamwork,74,70,55,66,5,4,3,Business Analyst,96,Low
AIDS1975,Varun Varma,AIDS,Final Year,F,Female,Java,PostgreSQL,Azure,HTML/CSS/JS,Excel,Communication,45,61,71,70,0,2,2,Cyber Security Analyst,57,Medium
ECE1976,Arjun Joshi,ECE,Final Year,E,Female,C++,SQL Server,None,React,NumPy,Problem Solving,87,79,87,36,5,3,2,Cyber Security Analyst,95,Low
ECE1977,Pranav Kumar,ECE,Final Year,E,Female,C++,SQL Server,Azure,FastAPI,NumPy,Problem Solving,79,51,65,66,4,4,2,Software Developer,88,Low
CIVIL1978,Sahithi Patel,CIVIL,Final Year,C,Female,C,SQL Server,None,React,Pandas,Communication,44,92,74,67,4,4,3,Data Analyst,88,Low
CSE1979,Rakesh Reddy,CSE,Final Year,G,Male,JavaScript,PostgreSQL,Azure,FastAPI,Excel,Problem Solving,51,42,63,36,0,2,1,Business Analyst,45,High
CIVIL1980,Akash Rao,CIVIL,Final Year,H,Male,C,SQL Server,AWS,Node.js,Excel,Problem Solving,59,54,65,90,4,6,2,Web Developer,92,Low
IT1981,Aadhya Reddy,IT,Final Year,B,Female,Java,MongoDB,Azure,HTML/CSS/JS,Tableau,Leadership,58,78,78,52,0,6,3,Business Analyst,72,Medium
CSE1982,Amrutha Naidu,CSE,Final Year,C,Male,JavaScript,SQL Server,AWS,React,Pandas,Communication,79,67,84,81,5,3,3,Business Analyst,100,Low
AIML1983,Pranav Gupta,AIML,Final Year,G,Female,C,MySQL,AWS,FastAPI,Tableau,Communication,53,49,49,62,4,4,2,Web Developer,77,Low
ECE1984,Rahul Kumar,ECE,Final Year,B,Female,C++,SQL Server,AWS,React,Tableau,Communication,40,37,94,88,4,0,0,Web Developer,69,Medium
CIVIL1985,Swathi Gupta,CIVIL,Final Year,C,Male,Python,PostgreSQL,AWS,Django,Excel,Leadership,57,77,53,71,3,1,1,Web Developer,71,Medium
IT1986,Dhanush Gupta,IT,Final Year,G,Female,Python,PostgreSQL,None,Django,NumPy,Time Management,65,52,76,64,5,5,2,Web Developer,92,Low
AIML1987,Karthik Reddy,AIML,Final Year,G,Female,C++,MongoDB,Azure,Django,Power BI,Problem Solving,77,78,78,74,5,2,1,Software Developer,93,Low
IT1988,Pranav Varma,IT,Final Year,G,Female,C++,PostgreSQL,None,Django,Excel,Teamwork,40,92,92,47,1,3,1,Business Analyst,63,Medium
AIDS1989,Meghana Das,AIDS,Final Year,E,Female,JavaScript,MySQL,None,React,NumPy,Teamwork,56,66,84,40,3,2,0,Business Analyst,66,Medium
IT1990,Abhinav Yadav,IT,Final Year,F,Female,C++,MongoDB,AWS,HTML/CSS/JS,Excel,Leadership,87,86,56,67,3,1,2,Web Developer,84,Low
MECH1991,Arjun Singh,MECH,Final Year,B,Male,C++,MongoDB,AWS,HTML/CSS/JS,NumPy,Time Management,70,62,48,46,2,2,1,Cloud Engineer,64,Medium
IT1992,Dhanush Rao,IT,Final Year,B,Male,Python,MySQL,Google Cloud,React,NumPy,Teamwork,61,78,62,92,4,4,2,AI/ML Engineer,92,Low
CIVIL1993,Sahithi Kumar,CIVIL,Final Year,A,Male,JavaScript,SQL Server,AWS,HTML/CSS/JS,Power BI,Communication,87,77,64,81,5,1,2,Web Developer,96,Low
ECE1994,Sahithi Rao,ECE,Final Year,H,Male,C,MongoDB,Azure,Django,NumPy,Problem Solving,77,94,43,35,2,6,2,Cloud Engineer,79,Low
ECE1995,Divya Singh,ECE,Final Year,B,Female,Python,MongoDB,None,Django,NumPy,Time Management,52,63,54,59,0,2,1,AI/ML Engineer,52,High
MECH1996,Arjun Gupta,MECH,Final Year,C,Female,C,PostgreSQL,AWS,Django,Pandas,Communication,64,46,66,56,4,0,2,Cloud Engineer,73,Medium
AIML1997,Harsha Singh,AIML,Final Year,E,Male,C,Oracle,None,HTML/CSS/JS,NumPy,Time Management,64,95,65,56,2,2,2,AI/ML Engineer,74,Medium
EEE1998,Pooja Rao,EEE,Final Year,H,Female,C++,MySQL,AWS,HTML/CSS/JS,Power BI,Time Management,79,48,61,91,0,5,2,AI/ML Engineer,74,Medium
IT1999,Karthik Singh,IT,Final Year,D,Female,JavaScript,PostgreSQL,Google Cloud,FastAPI,Power BI,Time Management,73,36,42,44,2,6,2,Business Analyst,70,Medium
CIVIL2000,Aditya Singh,CIVIL,Final Year,A,Female,C,MySQL,AWS,Django,Pandas,Time Management,86,60,43,80,1,5,1,Business Analyst,75,Low
CIVIL2001,Divya Kumar,CIVIL,Final Year,D,Female,JavaScript,MongoDB,AWS,Django,Power BI,Communication,59,37,43,80,1,3,2,Data Analyst,63,Medium
ECE2002,Amrutha Rao,ECE,Final Year,B,Male,C,MySQL,None,Node.js,Tableau,Teamwork,64,90,90,57,3,1,0,Business Analyst,75,Low
CSE2003,Tejaswi Patel,CSE,Final Year,F,Female,C,Oracle,Azure,HTML/CSS/JS,Pandas,Time Management,83,86,38,92,3,3,0,Cloud Engineer,83,Low
AIDS2004,Anjali Reddy,AIDS,Final Year,C,Female,C,PostgreSQL,Google Cloud,FastAPI,Tableau,Teamwork,40,68,94,36,1,5,1,Cloud Engineer,62,Medium
AIDS2005,Sahithi Das,AIDS,Final Year,C,Female,JavaScript,MySQL,Google Cloud,HTML/CSS/JS,Tableau,Problem Solving,72,94,80,73,4,6,2,Data Analyst,100,Low
AIML2006,Venkatesh Rao,AIML,Final Year,D,Male,Python,MongoDB,Azure,React,Power BI,Communication,77,49,88,78,1,6,3,Software Developer,85,Low
CSE2007,Pooja Das,CSE,Final Year,F,Male,Java,SQL Server,None,HTML/CSS/JS,Pandas,Teamwork,43,85,63,94,5,3,3,Data Analyst,94,Low
AIML2008,Ishitha Singh,AIML,Final Year,B,Male,Java,Oracle,None,FastAPI,Excel,Leadership,44,35,67,93,3,3,1,Business Analyst,71,Medium
AIDS2009,Divya Naidu,AIDS,Final Year,G,Male,Java,Oracle,Azure,Node.js,Tableau,Teamwork,87,90,83,83,5,5,2,Cyber Security Analyst,100,Low
EEE2010,Aditya Rao,EEE,Final Year,H,Male,Java,SQL Server,None,React,Excel,Teamwork,56,48,56,68,2,5,3,Data Analyst,75,Low
ECE2011,Lakshmi Naidu,ECE,Final Year,E,Female,Java,Oracle,Google Cloud,FastAPI,Excel,Teamwork,80,45,85,51,0,6,1,Cloud Engineer,69,Medium
EEE2012,Sanjay Varma,EEE,Final Year,E,Female,JavaScript,SQL Server,None,React,Tableau,Communication,41,61,65,70,4,6,0,Cloud Engineer,77,Low
AIML2013,Dhanush Sharma,AIML,Final Year,C,Male,Java,Oracle,None,Django,Pandas,Time Management,35,54,52,67,5,2,3,Cyber Security Analyst,78,Low
IT2014,Divya Yadav,IT,Final Year,E,Female,Java,MongoDB,Google Cloud,Django,NumPy,Problem Solving,93,79,63,36,0,5,3,Data Analyst,75,Low
MECH2015,Anjali Joshi,MECH,Final Year,A,Male,Java,SQL Server,Google Cloud,React,Pandas,Problem Solving,36,75,70,73,2,1,0,Software Developer,59,Medium
EEE2016,Manoj Varma,EEE,Final Year,A,Female,JavaScript,Oracle,AWS,React,Power BI,Time Management,66,40,90,83,3,1,1,Data Analyst,76,Low
IT2017,Aadhya Rao,IT,Final Year,H,Female,Python,Oracle,AWS,React,Tableau,Leadership,48,64,52,88,1,2,3,Cyber Security Analyst,67,Medium
ECE2018,Rakesh Naidu,ECE,Final Year,F,Female,JavaScript,SQL Server,AWS,Django,Pandas,Teamwork,73,62,77,74,2,3,2,Cloud Engineer,80,Low
CIVIL2019,Meghana Patel,CIVIL,Final Year,B,Male,Python,MongoDB,Google Cloud,Node.js,Pandas,Leadership,71,80,75,40,3,0,2,AI/ML Engineer,74,Medium
CIVIL2020,Akash Varma,CIVIL,Final Year,F,Male,Java,MongoDB,Azure,Django,Power BI,Communication,95,64,92,77,4,5,1,Business Analyst,100,Low
IT2021,Srikanth Rao,IT,Final Year,H,Female,JavaScript,PostgreSQL,AWS,Django,Tableau,Problem Solving,53,80,53,55,1,0,1,Software Developer,55,Medium
MECH2022,Venkatesh Reddy,MECH,Final Year,C,Female,C,PostgreSQL,AWS,HTML/CSS/JS,NumPy,Leadership,54,95,38,47,5,2,1,Data Analyst,78,Low
MECH2023,Charan Joshi,MECH,Final Year,B,Male,Python,PostgreSQL,Azure,FastAPI,Power BI,Teamwork,76,88,85,85,0,4,2,Software Developer,80,Low
CIVIL2024,Harsha Reddy,CIVIL,Final Year,C,Male,Java,MongoDB,None,HTML/CSS/JS,Tableau,Time Management,71,38,80,36,2,6,3,AI/ML Engineer,77,Low
ECE2025,Venkatesh Sharma,ECE,Final Year,E,Female,C++,MongoDB,None,React,Excel,Time Management,92,73,40,85,0,1,2,Web Developer,70,Medium
AIML2026,Charan Singh,AIML,Final Year,D,Female,Python,PostgreSQL,Azure,HTML/CSS/JS,NumPy,Problem Solving,79,46,92,64,3,4,3,Software Developer,89,Low
ECE2027,Abhinav Reddy,ECE,Final Year,E,Female,Python,MySQL,Azure,React,Power BI,Time Management,40,91,79,80,1,4,0,Data Analyst,66,Medium
CSE2028,Meghana Rao,CSE,Final Year,D,Male,Java,Oracle,AWS,HTML/CSS/JS,NumPy,Time Management,80,39,72,59,5,3,2,Business Analyst,89,Low
IT2029,Pranav Rao,IT,Final Year,D,Female,JavaScript,Oracle,AWS,HTML/CSS/JS,Power BI,Communication,77,48,47,55,3,4,1,Software Developer,74,Medium
AIDS2030,Ananya Das,AIDS,Final Year,H,Female,C,MySQL,Google Cloud,React,Pandas,Communication,35,89,76,48,5,4,0,AI/ML Engineer,78,Low
CSE2031,Meghana Varma,CSE,Final Year,A,Female,C++,MySQL,AWS,Node.js,Power BI,Leadership,36,83,91,50,2,6,2,AI/ML Engineer,75,Low
IT2032,Varun Yadav,IT,Final Year,H,Male,C++,Oracle,None,FastAPI,Tableau,Communication,87,80,66,64,2,6,1,Cloud Engineer,86,Low
EEE2033,Sowmya Yadav,EEE,Final Year,A,Female,Python,SQL Server,Azure,React,Pandas,Communication,88,47,77,66,5,4,0,Software Developer,91,Low
AIML2034,Shreya Varma,AIML,Final Year,G,Male,Python,PostgreSQL,None,Node.js,Excel,Problem Solving,60,90,64,36,0,2,2,Cyber Security Analyst,58,Medium
ECE2035,Aadhya Gupta,ECE,Final Year,H,Male,Java,PostgreSQL,None,React,Excel,Problem Solving,41,82,78,55,4,6,0,Business Analyst,79,Low
MECH2036,Sahithi Singh,MECH,Final Year,E,Female,Python,Oracle,None,Node.js,Power BI,Leadership,48,54,48,89,0,6,3,Cloud Engineer,68,Medium
EEE2037,Krishna Das,EEE,Final Year,C,Female,JavaScript,PostgreSQL,Azure,FastAPI,Tableau,Time Management,81,35,88,71,3,1,1,AI/ML Engineer,77,Low
CIVIL2038,Keerthi Das,CIVIL,Final Year,C,Male,C++,MongoDB,Google Cloud,React,Power BI,Time Management,84,42,92,71,3,6,0,Data Analyst,86,Low
AIDS2039,Sahithi Kumar,AIDS,Final Year,A,Female,C,Oracle,Azure,HTML/CSS/JS,Pandas,Leadership,60,91,71,88,5,1,1,Data Analyst,90,Low
EEE2040,Rahul Joshi,EEE,Final Year,E,Male,C,MongoDB,None,Django,NumPy,Teamwork,61,61,92,86,2,4,3,Web Developer,85,Low
AIDS2041,Naveen Kumar,AIDS,Final Year,B,Female,Java,SQL Server,AWS,Node.js,Excel,Problem Solving,49,41,64,56,2,1,3,Cyber Security Analyst,63,Medium
CIVIL2042,Sahithi Reddy,CIVIL,Final Year,E,Male,JavaScript,MongoDB,AWS,HTML/CSS/JS,Excel,Communication,82,84,52,51,0,2,3,Data Analyst,68,Medium
AIDS2043,Akash Reddy,AIDS,Final Year,C,Female,Python,MySQL,None,HTML/CSS/JS,Pandas,Communication,41,54,59,93,0,6,1,Cyber Security Analyst,63,Medium
CSE2044,Riya Patel,CSE,Final Year,D,Female,C++,MongoDB,Google Cloud,Django,Pandas,Teamwork,93,51,46,82,3,4,1,Cyber Security Analyst,85,Low
AIML2045,Neha Varma,AIML,Final Year,A,Male,Python,MongoDB,AWS,Node.js,Tableau,Teamwork,75,78,55,52,2,6,2,Web Developer,81,Low
EEE2046,Sanjay Singh,EEE,Final Year,E,Male,Python,MySQL,AWS,HTML/CSS/JS,Pandas,Leadership,44,66,84,44,1,4,3,Business Analyst,66,Medium
IT2047,Swathi Yadav,IT,Final Year,H,Male,C,PostgreSQL,None,HTML/CSS/JS,Power BI,Time Management,58,77,85,90,0,4,2,Business Analyst,74,Medium
EEE2048,Aadhya Sharma,EEE,Final Year,E,Female,C++,MySQL,AWS,FastAPI,Tableau,Communication,69,42,39,47,3,6,2,Business Analyst,75,Low
MECH2049,Ananya Patel,MECH,Final Year,C,Female,Java,SQL Server,None,React,Excel,Problem Solving,46,86,66,94,4,2,2,Web Developer,85,Low
MECH2050,Tejaswi Joshi,MECH,Final Year,F,Female,C++,Oracle,None,FastAPI,NumPy,Teamwork,53,43,88,40,5,6,3,Business Analyst,90,Low
ECE2051,Pranav Sharma,ECE,Final Year,E,Female,C,MongoDB,Azure,HTML/CSS/JS,Excel,Communication,42,61,94,82,5,6,0,Web Developer,89,Low
AIML2052,Dhanush Rao,AIML,Final Year,G,Female,JavaScript,MongoDB,Google Cloud,HTML/CSS/JS,Power BI,Leadership,55,78,42,87,3,5,1,AI/ML Engineer,80,Low
AIML2053,Sowmya Naidu,AIML,Final Year,H,Female,Python,MySQL,AWS,React,Pandas,Communication,64,70,95,41,1,5,2,Web Developer,73,Medium
IT2054,Varun Naidu,IT,Final Year,C,Male,Java,MySQL,Google Cloud,HTML/CSS/JS,Tableau,Time Management,53,40,79,93,2,1,1,Cloud Engineer,67,Medium
EEE2055,Krishna Varma,EEE,Final Year,E,Female,C,PostgreSQL,None,Django,Pandas,Problem Solving,71,70,42,77,1,0,1,Cyber Security Analyst,62,Medium
AIML2056,Swathi Das,AIML,Final Year,E,Male,Python,MySQL,Google Cloud,HTML/CSS/JS,NumPy,Leadership,91,81,81,39,4,6,3,Software Developer,100,Low
CSE2057,Sowmya Reddy,CSE,Final Year,B,Male,C,Oracle,AWS,React,Pandas,Communication,39,54,94,60,2,2,3,Web Developer,69,Medium
CSE2058,Charan Sharma,CSE,Final Year,H,Female,JavaScript,SQL Server,Google Cloud,Django,Power BI,Teamwork,90,93,66,48,5,6,2,Web Developer,100,Low
MECH2059,Charan Naidu,MECH,Final Year,B,Male,JavaScript,SQL Server,None,React,Excel,Problem Solving,70,70,91,42,5,1,2,Data Analyst,87,Low
IT2060,Venkatesh Kumar,IT,Final Year,C,Female,JavaScript,MySQL,Azure,Node.js,Pandas,Problem Solving,71,72,38,74,3,5,3,Cyber Security Analyst,87,Low
CIVIL2061,Varun Kumar,CIVIL,Final Year,A,Male,Java,Oracle,Azure,HTML/CSS/JS,Tableau,Problem Solving,39,61,54,60,5,4,1,Software Developer,77,Low
AIML2062,Varun Varma,AIML,Final Year,D,Male,Python,Oracle,AWS,FastAPI,Excel,Leadership,66,68,84,38,4,5,3,Web Developer,89,Low
CSE2063,Keerthi Das,CSE,Final Year,H,Female,C,MySQL,Azure,Django,NumPy,Teamwork,73,44,78,79,5,3,3,Web Developer,96,Low
ECE2064,Anjali Varma,ECE,Final Year,H,Female,JavaScript,SQL Server,Google Cloud,React,Pandas,Teamwork,78,90,52,86,2,3,2,Cyber Security Analyst,84,Low
CIVIL2065,Abhinav Sharma,CIVIL,Final Year,E,Female,C++,MySQL,Azure,HTML/CSS/JS,Excel,Problem Solving,72,52,66,65,4,2,0,Business Analyst,76,Low
ECE2066,Harsha Naidu,ECE,Final Year,C,Female,Java,MySQL,Azure,FastAPI,Power BI,Problem Solving,74,49,38,48,1,6,3,Web Developer,71,Medium
AIML2067,Lakshmi Reddy,AIML,Final Year,G,Female,Java,PostgreSQL,AWS,HTML/CSS/JS,Excel,Problem Solving,83,84,87,51,0,5,3,Data Analyst,80,Low
ECE2068,Sneha Gupta,ECE,Final Year,A,Male,Java,MongoDB,None,FastAPI,Pandas,Teamwork,42,43,56,80,4,1,3,Business Analyst,74,Medium
CIVIL2069,Sahithi Naidu,CIVIL,Final Year,G,Male,Java,SQL Server,None,HTML/CSS/JS,Power BI,Leadership,43,66,62,49,1,2,1,Data Analyst,54,High
EEE2070,Dhanush Joshi,EEE,Final Year,H,Male,C,PostgreSQL,Azure,FastAPI,Power BI,Leadership,56,83,72,48,0,0,1,Business Analyst,53,High
CSE2071,Chaitanya Sharma,CSE,Final Year,D,Male,JavaScript,Oracle,Google Cloud,Node.js,Power BI,Teamwork,94,92,37,48,5,3,0,Cloud Engineer,88,Low
IT2072,Sneha Kumar,IT,Final Year,E,Female,JavaScript,Oracle,Azure,HTML/CSS/JS,Tableau,Teamwork,60,75,84,40,1,2,3,AI/ML Engineer,68,Medium
EEE2073,Meghana Joshi,EEE,Final Year,F,Female,C,MySQL,Google Cloud,React,Pandas,Problem Solving,71,77,59,69,0,5,3,Cloud Engineer,74,Medium
MECH2074,Deepika Joshi,MECH,Final Year,C,Female,Java,MySQL,Google Cloud,FastAPI,NumPy,Leadership,64,74,77,45,3,2,0,Cloud Engineer,70,Medium
EEE2075,Shreya Singh,EEE,Final Year,H,Male,JavaScript,SQL Server,Google Cloud,HTML/CSS/JS,Power BI,Teamwork,81,43,68,70,1,5,0,Data Analyst,70,Medium
EEE2076,Meghana Reddy,EEE,Final Year,A,Male,Python,MongoDB,AWS,Node.js,Power BI,Communication,73,67,58,83,4,6,3,Cloud Engineer,98,Low
CIVIL2077,Keerthi Singh,CIVIL,Final Year,G,Female,Python,SQL Server,None,FastAPI,NumPy,Problem Solving,75,77,84,37,3,5,3,Data Analyst,88,Low
IT2078,Rohit Naidu,IT,Final Year,C,Female,C++,Oracle,None,Node.js,Power BI,Time Management,72,57,81,74,0,5,0,Data Analyst,67,Medium
ECE2079,Deepika Gupta,ECE,Final Year,G,Male,C,SQL Server,Azure,Node.js,Excel,Teamwork,57,71,83,60,1,5,3,Cloud Engineer,76,Low
MECH2080,Pooja Yadav,MECH,Final Year,F,Male,JavaScript,MongoDB,Google Cloud,React,Power BI,Time Management,71,57,55,85,5,2,3,Cloud Engineer,93,Low
IT2081,Priya Sharma,IT,Final Year,G,Female,C,MySQL,None,Node.js,Excel,Communication,44,82,89,40,0,5,1,Web Developer,60,Medium
EEE2082,Sanjana Sharma,EEE,Final Year,B,Female,Java,MongoDB,None,FastAPI,Power BI,Leadership,45,95,81,48,2,4,3,Cloud Engineer,76,Low
AIDS2083,Pranav Sharma,AIDS,Final Year,C,Female,Python,MySQL,AWS,React,NumPy,Communication,54,70,68,62,3,5,0,Web Developer,74,Medium
MECH2084,Aditya Gupta,MECH,Final Year,A,Male,C++,SQL Server,Azure,FastAPI,NumPy,Teamwork,74,58,75,95,2,0,3,Cyber Security Analyst,80,Low
AIML2085,Ishitha Varma,AIML,Final Year,G,Female,Python,SQL Server,Google Cloud,Django,NumPy,Communication,35,53,57,83,3,6,1,Web Developer,74,Medium
MECH2086,Sanjana Kumar,MECH,Final Year,F,Female,C,PostgreSQL,Azure,HTML/CSS/JS,Pandas,Time Management,91,38,82,84,5,2,1,AI/ML Engineer,94,Low
AIDS2087,Ishitha Sharma,AIDS,Final Year,E,Female,C++,MySQL,Azure,FastAPI,NumPy,Teamwork,82,63,63,40,4,4,1,Cyber Security Analyst,82,Low
CSE2088,Abhinav Das,CSE,Final Year,G,Female,JavaScript,SQL Server,Google Cloud,HTML/CSS/JS,Power BI,Time Management,37,60,45,82,2,0,1,Data Analyst,56,Medium
AIDS2089,Charan Reddy,AIDS,Final Year,F,Female,JavaScript,PostgreSQL,Google Cloud,Node.js,Tableau,Leadership,57,51,68,60,4,2,1,Software Developer,74,Medium
CSE2090,Pooja Kumar,CSE,Final Year,E,Male,Java,Oracle,None,React,Excel,Time Management,69,37,48,56,2,3,2,Cyber Security Analyst,67,Medium
EEE2091,Akhil Rao,EEE,Final Year,C,Male,C,SQL Server,Google Cloud,FastAPI,Tableau,Problem Solving,62,82,93,72,0,5,0,Cyber Security Analyst,69,Medium
CIVIL2092,Sanjana Yadav,CIVIL,Final Year,A,Male,Python,PostgreSQL,None,Django,Tableau,Time Management,85,61,80,67,5,5,0,Web Developer,95,Low
MECH2093,Amrutha Sharma,MECH,Final Year,F,Female,Python,MongoDB,Azure,Node.js,Power BI,Teamwork,43,89,69,61,5,5,3,Software Developer,93,Low
CSE2094,Karthik Naidu,CSE,Final Year,H,Male,Python,PostgreSQL,Google Cloud,FastAPI,Power BI,Time Management,35,41,91,91,0,0,1,Business Analyst,52,High
IT2095,Sneha Joshi,IT,Final Year,F,Male,C++,Oracle,AWS,FastAPI,Excel,Time Management,53,73,71,84,4,0,1,Cyber Security Analyst,77,Low
CIVIL2096,Rahul Kumar,CIVIL,Final Year,A,Female,C++,MySQL,AWS,HTML/CSS/JS,Power BI,Time Management,61,69,63,40,4,3,3,Software Developer,81,Low
ECE2097,Arjun Gupta,ECE,Final Year,D,Male,JavaScript,PostgreSQL,Azure,HTML/CSS/JS,Tableau,Communication,66,93,93,79,0,4,3,Software Developer,80,Low
ECE2098,Deepika Singh,ECE,Final Year,B,Female,Python,PostgreSQL,Google Cloud,HTML/CSS/JS,Tableau,Leadership,43,37,71,90,2,0,0,Business Analyst,57,Medium
AIML2099,Charan Varma,AIML,Final Year,C,Male,C++,Oracle,Google Cloud,FastAPI,Power BI,Problem Solving,51,69,35,59,3,0,0,Web Developer,58,Medium
EEE2100,Sowmya Reddy,EEE,Final Year,B,Male,Python,SQL Server,Google Cloud,React,Pandas,Teamwork,66,78,40,45,0,0,3,Software Developer,56,Medium
ECE2101,Venkatesh Rao,ECE,Final Year,A,Female,Java,Oracle,Azure,Node.js,Excel,Leadership,55,57,72,90,5,4,3,AI/ML Engineer,96,Low
ECE2102,Aadhya Gupta,ECE,Final Year,G,Male,Java,MySQL,Google Cloud,Django,NumPy,Problem Solving,70,77,79,67,5,4,0,Business Analyst,91,Low
AIDS2103,Pooja Kumar,AIDS,Final Year,B,Female,JavaScript,MySQL,Google Cloud,Django,Excel,Teamwork,45,40,39,44,0,6,1,Business Analyst,49,High
MECH2104,Harsha Kumar,MECH,Final Year,D,Female,Python,Oracle,AWS,Django,Tableau,Problem Solving,88,37,91,69,5,0,3,Software Developer,93,Low
AIDS2105,Riya Kumar,AIDS,Final Year,G,Male,JavaScript,MongoDB,Google Cloud,Django,NumPy,Teamwork,36,87,60,35,4,5,2,Business Analyst,76,Low
AIML2106,Sowmya Kumar,AIML,Final Year,H,Female,C++,MongoDB,None,FastAPI,NumPy,Time Management,49,78,74,75,4,6,2,AI/ML Engineer,90,Low
ECE2107,Charan Naidu,ECE,Final Year,D,Female,JavaScript,MongoDB,AWS,Django,Power BI,Time Management,77,36,53,74,2,3,3,Cyber Security Analyst,76,Low
AIML2108,Sneha Varma,AIML,Final Year,B,Female,C,SQL Server,AWS,HTML/CSS/JS,Tableau,Leadership,37,41,60,95,2,3,1,AI/ML Engineer,64,Medium
MECH2109,Akhil Reddy,MECH,Final Year,G,Female,C,Oracle,Google Cloud,HTML/CSS/JS,Excel,Leadership,85,78,59,43,4,6,3,Cyber Security Analyst,96,Low
ECE2110,Sowmya Kumar,ECE,Final Year,B,Female,JavaScript,SQL Server,None,React,Power BI,Teamwork,73,68,43,52,3,4,3,Cyber Security Analyst,81,Low
CIVIL2111,Varun Rao,CIVIL,Final Year,F,Male,C,PostgreSQL,None,FastAPI,Tableau,Communication,45,39,92,58,3,1,1,Software Developer,65,Medium
MECH2112,Nandini Reddy,MECH,Final Year,H,Male,Java,PostgreSQL,Google Cloud,Node.js,Tableau,Problem Solving,88,37,35,68,2,5,2,AI/ML Engineer,77,Low
IT2113,Venkatesh Reddy,IT,Final Year,E,Female,C++,MySQL,Google Cloud,Node.js,Excel,Teamwork,93,81,92,49,2,1,0,Data Analyst,76,Low
AIDS2114,Akhil Rao,AIDS,Final Year,E,Female,Python,MongoDB,Azure,Django,Power BI,Leadership,44,43,81,80,5,0,0,AI/ML Engineer,73,Medium
EEE2115,Sneha Singh,EEE,Final Year,H,Male,Python,MongoDB,AWS,Django,Excel,Time Management,94,85,66,67,1,2,1,Web Developer,76,Low
MECH2116,Amrutha Yadav,MECH,Final Year,A,Male,Python,PostgreSQL,AWS,React,Pandas,Time Management,44,49,40,48,3,4,0,AI/ML Engineer,59,Medium
AIDS2117,Lakshmi Naidu,AIDS,Final Year,H,Female,Java,MongoDB,Azure,FastAPI,Tableau,Problem Solving,68,84,74,83,3,6,1,Web Developer,91,Low
MECH2118,Sneha Rao,MECH,Final Year,F,Female,C++,PostgreSQL,None,Node.js,Tableau,Time Management,68,95,69,44,1,5,3,Business Analyst,78,Low
MECH2119,Aadhya Naidu,MECH,Final Year,A,Male,Java,PostgreSQL,Google Cloud,Node.js,Tableau,Communication,39,92,64,68,5,4,1,AI/ML Engineer,85,Low
MECH2120,Pooja Varma,MECH,Final Year,G,Male,C++,MongoDB,Azure,HTML/CSS/JS,NumPy,Leadership,67,65,45,35,2,3,3,Cyber Security Analyst,69,Medium
ECE2121,Deepika Reddy,ECE,Final Year,D,Female,JavaScript,Oracle,None,Django,Tableau,Time Management,63,40,81,77,1,0,3,Cloud Engineer,66,Medium
CIVIL2122,Akhil Patel,CIVIL,Final Year,E,Male,JavaScript,PostgreSQL,AWS,Django,Power BI,Problem Solving,43,41,77,76,0,3,2,Web Developer,58,Medium
CSE2123,Varun Singh,CSE,Final Year,E,Female,Python,MySQL,None,React,Tableau,Teamwork,57,44,72,85,4,3,2,Cloud Engineer,84,Low
EEE2124,Siva Varma,EEE,Final Year,H,Male,Java,MySQL,None,React,Excel,Teamwork,49,49,87,50,2,6,3,Data Analyst,76,Low
IT2125,Sai Joshi,IT,Final Year,G,Male,Python,MySQL,Azure,Django,Power BI,Teamwork,54,73,73,66,2,5,2,Business Analyst,77,Low
IT2126,Priya Varma,IT,Final Year,D,Male,C,Oracle,None,React,Power BI,Communication,58,71,72,44,3,4,2,Data Analyst,77,Low
AIML2127,Abhinav Singh,AIML,Final Year,A,Female,C++,Oracle,AWS,Node.js,Power BI,Communication,45,45,46,49,4,2,2,AI/ML Engineer,67,Medium
AIML2128,Aarav Singh,AIML,Final Year,A,Male,Java,MySQL,Google Cloud,HTML/CSS/JS,Power BI,Problem Solving,70,64,54,64,3,5,3,Cloud Engineer,86,Low
AIDS2129,Charan Yadav,AIDS,Final Year,C,Male,C,SQL Server,Google Cloud,FastAPI,Excel,Communication,78,63,59,80,1,1,1,Software Developer,68,Medium
EEE2130,Deepika Sharma,EEE,Final Year,A,Female,JavaScript,SQL Server,Azure,FastAPI,NumPy,Teamwork,83,63,43,62,2,5,1,AI/ML Engineer,76,Low
CIVIL2131,Amrutha Rao,CIVIL,Final Year,D,Female,JavaScript,SQL Server,Azure,React,Pandas,Problem Solving,77,60,37,91,2,4,2,Data Analyst,80,Low
MECH2132,Harsha Rao,MECH,Final Year,B,Male,Java,MongoDB,Google Cloud,HTML/CSS/JS,NumPy,Communication,42,68,77,54,3,2,0,Data Analyst,64,Medium
AIDS2133,Sneha Das,AIDS,Final Year,B,Male,Java,SQL Server,AWS,FastAPI,Excel,Teamwork,70,80,81,95,1,6,3,Cloud Engineer,90,Low
AIDS2134,Sanjana Sharma,AIDS,Final Year,B,Male,C++,Oracle,Google Cloud,Django,NumPy,Teamwork,71,94,51,45,0,4,1,Cyber Security Analyst,63,Medium
AIDS2135,Meghana Gupta,AIDS,Final Year,D,Female,Java,SQL Server,Google Cloud,HTML/CSS/JS,Pandas,Leadership,66,60,64,62,4,3,3,Cyber Security Analyst,86,Low
AIDS2136,Sowmya Das,AIDS,Final Year,E,Male,Python,PostgreSQL,Google Cloud,React,Pandas,Teamwork,73,39,72,57,1,6,0,AI/ML Engineer,67,Medium
AIDS2137,Aadhya Kumar,AIDS,Final Year,B,Male,C,PostgreSQL,Azure,Node.js,NumPy,Time Management,35,78,86,66,3,0,2,Business Analyst,69,Medium
IT2138,Rakesh Gupta,IT,Final Year,C,Male,Java,Oracle,AWS,Django,Tableau,Time Management,35,54,53,46,5,1,3,Cloud Engineer,72,Medium
MECH2139,Priya Joshi,MECH,Final Year,A,Female,JavaScript,Oracle,AWS,React,Excel,Time Management,95,60,41,86,3,6,2,Business Analyst,94,Low
IT2140,Pranav Rao,IT,Final Year,A,Female,C++,SQL Server,Azure,HTML/CSS/JS,Excel,Problem Solving,64,74,95,71,3,3,1,Cyber Security Analyst,83,Low
IT2141,Sanjana Singh,IT,Final Year,C,Female,Python,PostgreSQL,Azure,FastAPI,Power BI,Problem Solving,54,49,78,46,0,2,3,AI/ML Engineer,57,Medium
CIVIL2142,Ananya Yadav,CIVIL,Final Year,F,Female,JavaScript,SQL Server,AWS,Django,Tableau,Problem Solving,74,47,45,84,3,3,0,Software Developer,74,Medium
IT2143,Akash Kumar,IT,Final Year,F,Female,C,SQL Server,Azure,Node.js,Pandas,Communication,87,72,62,67,2,3,3,Business Analyst,85,Low
EEE2144,Ishitha Singh,EEE,Final Year,A,Male,C++,Oracle,None,FastAPI,NumPy,Teamwork,88,48,95,79,1,6,3,Cloud Engineer,90,Low
AIDS2145,Harsha Joshi,AIDS,Final Year,F,Female,Java,PostgreSQL,None,FastAPI,Pandas,Problem Solving,91,86,83,90,2,4,3,Business Analyst,98,Low
AIDS2146,Pranav Patel,AIDS,Final Year,F,Male,C,Oracle,Google Cloud,HTML/CSS/JS,Tableau,Problem Solving,82,40,57,57,5,6,1,Cloud Engineer,91,Low
ECE2147,Rohit Gupta,ECE,Final Year,G,Female,C++,MySQL,Google Cloud,Node.js,Pandas,Problem Solving,45,73,76,35,4,5,2,Web Developer,79,Low
EEE2148,Rahul Das,EEE,Final Year,A,Female,JavaScript,MongoDB,Google Cloud,React,Power BI,Problem Solving,86,87,57,52,4,6,0,Business Analyst,90,Low
EEE2149,Shreya Varma,EEE,Final Year,E,Male,JavaScript,PostgreSQL,Azure,HTML/CSS/JS,Tableau,Problem Solving,72,47,46,81,4,0,1,Cyber Security Analyst,75,Low
MECH2150,Charan Joshi,MECH,Final Year,E,Male,Python,SQL Server,Azure,FastAPI,Power BI,Communication,86,91,52,40,2,0,3,Data Analyst,74,Medium
CIVIL2151,Chaitanya Patel,CIVIL,Final Year,G,Female,Python,MySQL,Azure,FastAPI,Tableau,Time Management,49,90,69,63,5,4,3,Data Analyst,93,Low
MECH2152,Sanjana Gupta,MECH,Final Year,H,Female,C,MongoDB,None,FastAPI,Excel,Leadership,48,89,89,95,1,3,1,Business Analyst,74,Medium
IT2153,Rakesh Varma,IT,Final Year,A,Female,C++,Oracle,Azure,React,NumPy,Teamwork,87,87,39,38,0,0,1,Web Developer,56,Medium
IT2154,Rohit Sharma,IT,Final Year,D,Male,JavaScript,MongoDB,AWS,FastAPI,Tableau,Time Management,51,72,91,64,3,4,3,Data Analyst,85,Low
AIDS2155,Lakshmi Kumar,AIDS,Final Year,F,Male,Python,MongoDB,Google Cloud,Node.js,Tableau,Problem Solving,90,76,58,52,5,3,1,Business Analyst,92,Low
AIDS2156,Sneha Joshi,AIDS,Final Year,B,Male,Python,PostgreSQL,None,React,Pandas,Time Management,65,56,62,83,3,0,3,Software Developer,78,Low
ECE2157,Amrutha Joshi,ECE,Final Year,D,Male,Java,SQL Server,AWS,Node.js,NumPy,Communication,43,47,66,64,2,2,2,Web Developer,63,Medium
AIML2158,Naveen Yadav,AIML,Final Year,F,Male,C,Oracle,None,React,Tableau,Time Management,84,35,66,72,0,6,0,Web Developer,67,Medium
CSE2159,Rohit Joshi,CSE,Final Year,E,Male,C,MongoDB,AWS,FastAPI,Excel,Problem Solving,68,48,83,69,5,5,2,Cyber Security Analyst,95,Low
CSE2160,Karthik Patel,CSE,Final Year,C,Female,Java,MongoDB,Google Cloud,FastAPI,Power BI,Problem Solving,94,90,56,77,2,5,0,Business Analyst,86,Low
ECE2161,Harsha Sharma,ECE,Final Year,B,Female,JavaScript,MySQL,AWS,Node.js,Excel,Problem Solving,70,90,87,67,1,6,3,Business Analyst,87,Low
AIML2162,Chaitanya Rao,AIML,Final Year,A,Female,JavaScript,MongoDB,Google Cloud,Django,Tableau,Communication,70,70,77,71,2,5,1,Software Developer,80,Low
CIVIL2163,Sowmya Kumar,CIVIL,Final Year,C,Female,C,MySQL,Google Cloud,Node.js,Pandas,Time Management,74,84,38,42,5,2,1,Data Analyst,81,Low
AIDS2164,Pranav Gupta,AIDS,Final Year,B,Female,Java,PostgreSQL,AWS,HTML/CSS/JS,Power BI,Leadership,57,89,60,57,2,0,1,Software Developer,64,Medium
MECH2165,Sai Naidu,MECH,Final Year,A,Male,Python,PostgreSQL,None,Node.js,Power BI,Communication,42,44,90,75,4,2,1,Software Developer,75,Low
MECH2166,Rohit Reddy,MECH,Final Year,A,Male,Java,PostgreSQL,AWS,HTML/CSS/JS,Power BI,Communication,83,79,89,59,4,1,0,Cloud Engineer,84,Low
CSE2167,Sanjay Das,CSE,Final Year,C,Female,C++,MongoDB,Google Cloud,FastAPI,Power BI,Time Management,57,63,83,87,3,4,3,Data Analyst,88,Low
CIVIL2168,Ishitha Rao,CIVIL,Final Year,F,Male,C++,PostgreSQL,AWS,Django,Excel,Time Management,45,66,44,90,5,1,1,Cyber Security Analyst,78,Low
CIVIL2169,Abhinav Sharma,CIVIL,Final Year,A,Male,Java,MongoDB,Google Cloud,FastAPI,Pandas,Time Management,85,68,77,81,0,2,2,AI/ML Engineer,73,Medium
AIDS2170,Sai Patel,AIDS,Final Year,B,Female,JavaScript,MongoDB,Google Cloud,Django,NumPy,Problem Solving,59,41,78,86,2,0,2,AI/ML Engineer,69,Medium
CSE2171,Neha Gupta,CSE,Final Year,F,Female,JavaScript,Oracle,Azure,Django,Tableau,Problem Solving,80,53,37,50,2,0,3,Business Analyst,66,Medium
CIVIL2172,Pranav Naidu,CIVIL,Final Year,E,Female,JavaScript,PostgreSQL,Google Cloud,Django,NumPy,Time Management,39,89,38,67,5,1,1,Cyber Security Analyst,74,Medium
AIML2173,Pranav Rao,AIML,Final Year,E,Male,C,SQL Server,Google Cloud,Django,NumPy,Leadership,58,53,91,80,0,1,1,AI/ML Engineer,60,Medium
AIML2174,Keerthi Gupta,AIML,Final Year,G,Female,JavaScript,SQL Server,AWS,React,Pandas,Communication,80,53,90,56,2,4,2,AI/ML Engineer,81,Low
MECH2175,Meghana Gupta,MECH,Final Year,D,Female,Python,SQL Server,None,Node.js,Power BI,Time Management,56,85,61,77,3,0,1,Cloud Engineer,72,Medium
CSE2176,Arjun Singh,CSE,Final Year,C,Female,Java,SQL Server,None,FastAPI,Tableau,Time Management,81,85,36,59,2,0,1,Business Analyst,67,Medium
AIDS2177,Lakshmi Patel,AIDS,Final Year,F,Female,C++,PostgreSQL,AWS,Django,Tableau,Communication,79,75,47,52,0,3,0,Software Developer,58,Medium
EEE2178,Meghana Yadav,EEE,Final Year,H,Female,C++,MongoDB,Google Cloud,HTML/CSS/JS,Tableau,Teamwork,94,62,86,46,0,3,1,Data Analyst,69,Medium
AIDS2179,Akhil Singh,AIDS,Final Year,B,Female,JavaScript,MySQL,Google Cloud,React,Tableau,Time Management,40,36,67,61,5,0,2,Data Analyst,71,Medium
CIVIL2180,Siva Yadav,CIVIL,Final Year,D,Male,C,Oracle,Google Cloud,Node.js,Excel,Time Management,64,72,49,49,3,4,3,Software Developer,79,Low
AIDS2181,Amrutha Naidu,AIDS,Final Year,D,Male,Python,Oracle,Google Cloud,React,Excel,Communication,58,58,85,83,4,1,0,Software Developer,77,Low
CSE2182,Pooja Sharma,CSE,Final Year,H,Male,Java,SQL Server,Google Cloud,React,Excel,Time Management,80,47,78,78,5,1,1,AI/ML Engineer,88,Low
ECE2183,Rohit Reddy,ECE,Final Year,G,Female,Python,PostgreSQL,None,HTML/CSS/JS,Power BI,Communication,70,69,74,48,4,2,2,Cyber Security Analyst,82,Low
AIDS2184,Naveen Varma,AIDS,Final Year,E,Female,C,PostgreSQL,Google Cloud,Node.js,Excel,Time Management,49,54,67,79,0,1,2,Data Analyst,57,Medium
MECH2185,Rakesh Gupta,MECH,Final Year,G,Female,Java,SQL Server,Google Cloud,Django,Excel,Teamwork,64,76,70,47,5,6,1,Business Analyst,90,Low
EEE2186,Nandini Das,EEE,Final Year,H,Male,C,Oracle,Google Cloud,HTML/CSS/JS,Excel,Time Management,65,63,87,89,2,2,1,Cloud Engineer,77,Low
MECH2187,Keerthi Yadav,MECH,Final Year,C,Male,C++,SQL Server,Azure,HTML/CSS/JS,NumPy,Teamwork,50,40,86,55,2,6,3,Cyber Security Analyst,76,Low
MECH2188,Neha Yadav,MECH,Final Year,B,Male,Python,PostgreSQL,None,HTML/CSS/JS,Excel,Time Management,95,71,86,59,2,6,3,Cyber Security Analyst,95,Low
ECE2189,Deepika Sharma,ECE,Final Year,H,Female,Java,Oracle,Azure,Node.js,Power BI,Teamwork,59,70,66,43,1,0,1,Cyber Security Analyst,55,Medium
CSE2190,Divya Kumar,CSE,Final Year,E,Female,C,MySQL,Azure,HTML/CSS/JS,Pandas,Problem Solving,93,54,80,91,4,2,3,AI/ML Engineer,99,Low
CIVIL2191,Manoj Naidu,CIVIL,Final Year,B,Male,JavaScript,SQL Server,Google Cloud,FastAPI,Pandas,Teamwork,87,86,64,67,3,4,0,Software Developer,85,Low
AIDS2192,Neha Reddy,AIDS,Final Year,E,Female,C,SQL Server,Google Cloud,Django,NumPy,Teamwork,48,61,93,49,1,3,0,Cloud Engineer,58,Medium
CIVIL2193,Priya Joshi,CIVIL,Final Year,B,Female,Java,MongoDB,Google Cloud,Node.js,Excel,Communication,53,44,40,78,4,3,3,Cloud Engineer,79,Low
ECE2194,Meghana Yadav,ECE,Final Year,B,Male,Python,PostgreSQL,Google Cloud,React,NumPy,Communication,71,68,57,77,5,0,2,Cyber Security Analyst,86,Low
EEE2195,Sanjana Das,EEE,Final Year,H,Female,C++,Oracle,Google Cloud,React,NumPy,Communication,75,51,47,93,1,6,1,Web Developer,76,Low
AIDS2196,Riya Gupta,AIDS,Final Year,B,Female,Java,PostgreSQL,None,HTML/CSS/JS,Excel,Teamwork,43,48,48,70,0,0,3,Software Developer,50,High
CSE2197,Neha Naidu,CSE,Final Year,A,Female,Python,MongoDB,Azure,Node.js,NumPy,Communication,68,52,57,64,5,6,2,AI/ML Engineer,93,Low
ECE2198,Chaitanya Kumar,ECE,Final Year,E,Male,C,MySQL,Azure,Django,NumPy,Time Management,62,41,42,86,2,1,2,AI/ML Engineer,66,Medium
AIML2199,Sai Gupta,AIML,Final Year,H,Female,C,MongoDB,AWS,Node.js,Excel,Problem Solving,39,35,73,83,1,1,0,Cyber Security Analyst,52,High
CIVIL2200,Karthik Sharma,CIVIL,Final Year,B,Male,Java,SQL Server,AWS,Django,Pandas,Leadership,88,44,37,53,1,0,1,Cyber Security Analyst,57,Medium
AIDS2201,Aadhya Varma,AIDS,Final Year,C,Female,C,SQL Server,Google Cloud,FastAPI,Excel,Leadership,49,47,60,40,3,2,2,AI/ML Engineer,64,Medium
AIML2202,Rahul Joshi,AIML,Final Year,A,Male,C++,MongoDB,Google Cloud,Node.js,Pandas,Problem Solving,95,43,92,38,5,1,3,Web Developer,92,Low
AIML2203,Akash Reddy,AIML,Final Year,C,Male,C++,MySQL,AWS,React,Tableau,Problem Solving,70,66,37,62,4,0,2,Cyber Security Analyst,75,Low
IT2204,Sneha Naidu,IT,Final Year,E,Female,C,SQL Server,Azure,Node.js,Power BI,Teamwork,86,85,47,71,1,6,1,Software Developer,80,Low
CIVIL2205,Arjun Patel,CIVIL,Final Year,C,Female,Python,SQL Server,Google Cloud,FastAPI,Excel,Problem Solving,72,53,47,44,0,5,1,Software Developer,58,Medium
MECH2206,Varun Patel,MECH,Final Year,A,Female,C,Oracle,Google Cloud,Django,Excel,Time Management,36,44,81,37,2,0,0,Cloud Engineer,47,High
IT2207,Divya Kumar,IT,Final Year,F,Female,Python,Oracle,Azure,Node.js,Tableau,Problem Solving,84,58,81,50,1,3,1,Business Analyst,70,Medium
CIVIL2208,Pranav Singh,CIVIL,Final Year,A,Male,C++,PostgreSQL,None,React,Excel,Time Management,87,69,92,53,0,3,2,Data Analyst,73,Medium
IT2209,Swathi Sharma,IT,Final Year,D,Female,C,MySQL,Google Cloud,FastAPI,Excel,Communication,87,46,56,80,5,6,1,AI/ML Engineer,97,Low
IT2210,Amrutha Singh,IT,Final Year,D,Male,C,Oracle,Google Cloud,FastAPI,NumPy,Communication,64,59,73,63,2,0,2,AI/ML Engineer,68,Medium
CSE2211,Sowmya Reddy,CSE,Final Year,H,Male,Python,MySQL,Google Cloud,Django,NumPy,Communication,84,59,73,84,4,1,1,Web Developer,87,Low
AIDS2212,Manoj Rao,AIDS,Final Year,F,Male,C++,SQL Server,AWS,HTML/CSS/JS,NumPy,Teamwork,81,54,37,59,2,5,2,Business Analyst,76,Low
CIVIL2213,Arjun Yadav,CIVIL,Final Year,C,Female,C,MySQL,None,FastAPI,Tableau,Communication,71,51,60,46,0,3,2,Cyber Security Analyst,59,Medium
IT2214,Aadhya Joshi,IT,Final Year,B,Male,JavaScript,PostgreSQL,None,React,Power BI,Problem Solving,85,82,87,39,0,4,3,AI/ML Engineer,76,Low
EEE2215,Chaitanya Rao,EEE,Final Year,H,Female,C,MySQL,AWS,HTML/CSS/JS,Tableau,Time Management,35,87,70,39,5,3,0,Software Developer,73,Medium
ECE2216,Sanjay Singh,ECE,Final Year,C,Female,JavaScript,MySQL,Google Cloud,HTML/CSS/JS,Pandas,Problem Solving,87,66,89,66,0,0,2,Web Developer,69,Medium
ECE2217,Meghana Varma,ECE,Final Year,B,Male,Python,MySQL,Google Cloud,FastAPI,NumPy,Problem Solving,54,62,36,66,3,1,2,AI/ML Engineer,67,Medium
ECE2218,Karthik Joshi,ECE,Final Year,C,Female,Python,MongoDB,AWS,Node.js,Tableau,Problem Solving,50,89,94,81,4,5,3,Business Analyst,98,Low
CSE2219,Rahul Sharma,CSE,Final Year,F,Male,Python,SQL Server,Google Cloud,React,Pandas,Problem Solving,82,52,91,86,5,4,3,Web Developer,100,Low
ECE2220,Siva Gupta,ECE,Final Year,F,Female,Python,SQL Server,None,Django,NumPy,Problem Solving,95,53,66,63,4,1,2,Business Analyst,87,Low
EEE2221,Abhinav Reddy,EEE,Final Year,D,Male,JavaScript,PostgreSQL,Google Cloud,FastAPI,NumPy,Time Management,72,65,83,42,1,2,1,Business Analyst,64,Medium
AIDS2222,Meghana Sharma,AIDS,Final Year,A,Male,C++,SQL Server,AWS,Node.js,Pandas,Problem Solving,42,71,40,71,3,4,1,Data Analyst,69,Medium
IT2223,Dhanush Sharma,IT,Final Year,F,Female,Java,Oracle,None,HTML/CSS/JS,Power BI,Communication,55,76,60,68,1,4,3,Cloud Engineer,72,Medium
ECE2224,Charan Das,ECE,Final Year,C,Female,C,PostgreSQL,AWS,Node.js,NumPy,Teamwork,84,70,66,51,3,4,0,Software Developer,79,Low
EEE2225,Sowmya Singh,EEE,Final Year,G,Female,C++,MongoDB,AWS,FastAPI,Power BI,Time Management,45,86,43,43,4,1,0,Cyber Security Analyst,63,Medium
CSE2226,Sanjana Reddy,CSE,Final Year,H,Female,Java,Oracle,Google Cloud,FastAPI,Tableau,Communication,55,55,65,79,5,3,3,Business Analyst,90,Low
EEE2227,Lakshmi Singh,EEE,Final Year,F,Male,Python,PostgreSQL,Google Cloud,Node.js,Tableau,Teamwork,48,57,50,67,5,0,0,Web Developer,69,Medium
ECE2228,Sowmya Naidu,ECE,Final Year,G,Male,C,PostgreSQL,AWS,HTML/CSS/JS,Tableau,Time Management,37,81,85,47,3,4,2,Cyber Security Analyst,74,Medium
MECH2229,Aadhya Varma,MECH,Final Year,E,Male,Java,PostgreSQL,AWS,FastAPI,NumPy,Problem Solving,91,87,85,64,0,6,2,Cloud Engineer,84,Low
MECH2230,Siva Sharma,MECH,Final Year,F,Female,C++,MySQL,AWS,React,Excel,Teamwork,44,89,66,84,5,4,3,Cloud Engineer,95,Low
ECE2231,Arjun Yadav,ECE,Final Year,D,Female,Python,MySQL,AWS,HTML/CSS/JS,Excel,Time Management,69,91,75,74,3,4,0,Data Analyst,83,Low
AIML2232,Priya Naidu,AIML,Final Year,G,Male,C++,PostgreSQL,Google Cloud,HTML/CSS/JS,Excel,Communication,40,55,80,66,0,6,1,Cloud Engineer,60,Medium
IT2233,Aarav Rao,IT,Final Year,B,Male,C,MongoDB,Azure,FastAPI,Power BI,Teamwork,88,95,56,93,2,2,3,Data Analyst,91,Low
CIVIL2234,Srikanth Patel,CIVIL,Final Year,D,Female,C++,SQL Server,Azure,Node.js,Power BI,Time Management,53,35,66,88,0,6,3,Data Analyst,70,Medium
AIDS2235,Rohit Reddy,AIDS,Final Year,A,Female,C,MySQL,Google Cloud,Django,Pandas,Communication,81,77,38,61,0,6,1,AI/ML Engineer,69,Medium
CIVIL2236,Bhavana Rao,CIVIL,Final Year,E,Male,Python,SQL Server,Azure,Django,Power BI,Communication,51,75,83,82,0,5,1,Software Developer,68,Medium
AIML2237,Venkatesh Naidu,AIML,Final Year,E,Male,C++,SQL Server,AWS,FastAPI,NumPy,Communication,92,73,56,62,2,5,0,AI/ML Engineer,79,Low
EEE2238,Pooja Joshi,EEE,Final Year,F,Male,Java,PostgreSQL,None,FastAPI,Tableau,Communication,43,68,56,95,4,6,0,Cloud Engineer,82,Low
AIML2239,Charan Rao,AIML,Final Year,B,Male,JavaScript,MySQL,Google Cloud,FastAPI,NumPy,Leadership,71,38,80,56,1,5,2,AI/ML Engineer,71,Medium
IT2240,Varun Varma,IT,Final Year,D,Male,C++,PostgreSQL,Google Cloud,HTML/CSS/JS,Excel,Teamwork,42,53,35,83,0,1,2,Web Developer,50,High
MECH2241,Abhinav Rao,MECH,Final Year,A,Female,Java,SQL Server,Google Cloud,Node.js,Excel,Communication,88,45,87,80,0,0,3,Cloud Engineer,71,Medium
MECH2242,Shreya Reddy,MECH,Final Year,D,Female,C,Oracle,None,FastAPI,Tableau,Time Management,54,69,39,79,4,1,3,Data Analyst,79,Low
AIML2243,Ananya Das,AIML,Final Year,A,Male,C++,Oracle,AWS,FastAPI,Tableau,Teamwork,79,75,71,42,2,1,1,Web Developer,69,Medium
IT2244,Karthik Rao,IT,Final Year,E,Male,Java,MySQL,Google Cloud,Node.js,Power BI,Communication,57,60,88,91,4,6,1,Data Analyst,92,Low
ECE2245,Divya Patel,ECE,Final Year,C,Male,Java,MongoDB,None,Node.js,Pandas,Problem Solving,88,40,75,50,1,0,1,Cloud Engineer,62,Medium
AIDS2246,Varun Varma,AIDS,Final Year,G,Female,C,MySQL,None,FastAPI,Pandas,Communication,54,84,43,74,5,1,3,Web Developer,86,Low
MECH2247,Tejaswi Kumar,MECH,Final Year,A,Male,Python,Oracle,None,FastAPI,Power BI,Communication,37,63,76,56,1,6,2,Business Analyst,66,Medium
EEE2248,Ishitha Rao,EEE,Final Year,G,Female,Python,MongoDB,AWS,React,NumPy,Problem Solving,93,44,53,86,3,6,1,Cloud Engineer,90,Low
MECH2249,Sai Naidu,MECH,Final Year,C,Male,Python,SQL Server,Azure,HTML/CSS/JS,Power BI,Problem Solving,89,62,83,81,5,5,1,AI/ML Engineer,100,Low
IT2250,Abhinav Patel,IT,Final Year,C,Male,JavaScript,PostgreSQL,Azure,FastAPI,Power BI,Leadership,84,88,64,70,5,3,0,Cyber Security Analyst,93,Low
CIVIL2251,Sanjay Gupta,CIVIL,Final Year,C,Male,C,PostgreSQL,AWS,HTML/CSS/JS,NumPy,Time Management,58,72,50,39,0,5,3,Web Developer,62,Medium
EEE2252,Meghana Kumar,EEE,Final Year,E,Female,C++,PostgreSQL,Google Cloud,FastAPI,Excel,Teamwork,35,87,65,89,5,0,3,Cyber Security Analyst,85,Low
AIDS2253,Krishna Gupta,AIDS,Final Year,F,Male,Java,MongoDB,None,FastAPI,NumPy,Problem Solving,80,61,43,84,0,1,0,Business Analyst,58,Medium
MECH2254,Chaitanya Joshi,MECH,Final Year,A,Female,JavaScript,MongoDB,Google Cloud,Django,Power BI,Leadership,92,58,72,56,2,0,1,Business Analyst,71,Medium
IT2255,Shreya Varma,IT,Final Year,H,Female,C++,MongoDB,AWS,HTML/CSS/JS,Pandas,Leadership,77,79,57,42,5,5,0,Software Developer,87,Low
CIVIL2256,Akash Singh,CIVIL,Final Year,D,Female,Python,PostgreSQL,None,Node.js,Pandas,Teamwork,81,73,35,95,2,5,0,Cloud Engineer,80,Low
ECE2257,Chaitanya Yadav,ECE,Final Year,C,Male,Java,PostgreSQL,Google Cloud,Node.js,Pandas,Problem Solving,88,67,85,86,3,6,0,Web Developer,93,Low
IT2258,Keerthi Yadav,IT,Final Year,H,Female,Java,Oracle,AWS,FastAPI,Excel,Time Management,87,74,76,81,4,6,1,Cloud Engineer,100,Low
ECE2259,Akhil Patel,ECE,Final Year,D,Male,Python,MySQL,Azure,FastAPI,Tableau,Time Management,62,50,83,89,3,6,1,Software Developer,86,Low
IT2260,Aadhya Kumar,IT,Final Year,D,Male,Python,Oracle,None,Node.js,Power BI,Communication,87,62,81,84,2,6,2,Web Developer,92,Low
CSE2261,Akash Joshi,CSE,Final Year,E,Male,Java,SQL Server,Google Cloud,HTML/CSS/JS,Tableau,Communication,78,37,93,37,1,0,1,Cloud Engineer,58,Medium
IT2262,Sneha Sharma,IT,Final Year,C,Male,C,MySQL,Azure,HTML/CSS/JS,Tableau,Problem Solving,39,62,75,70,3,4,3,Web Developer,78,Low
MECH2263,Deepika Joshi,MECH,Final Year,D,Female,JavaScript,Oracle,None,React,Power BI,Leadership,36,52,47,76,2,5,3,Cloud Engineer,70,Medium
MECH2264,Akash Kumar,MECH,Final Year,E,Male,Java,MySQL,AWS,FastAPI,Tableau,Communication,90,37,86,36,2,6,3,Software Developer,84,Low
EEE2265,Swathi Rao,EEE,Final Year,D,Female,Python,PostgreSQL,Google Cloud,Django,Tableau,Problem Solving,71,54,43,38,5,3,1,Web Developer,77,Low
AIDS2266,Sai Singh,AIDS,Final Year,H,Female,C,PostgreSQL,AWS,FastAPI,Pandas,Communication,80,68,86,83,4,6,3,Web Developer,100,Low
AIML2267,Sanjana Sharma,AIML,Final Year,H,Male,C,MongoDB,AWS,Node.js,NumPy,Problem Solving,64,77,39,43,1,4,0,AI/ML Engineer,58,Medium
CSE2268,Akhil Yadav,CSE,Final Year,H,Male,C++,Oracle,None,Node.js,Excel,Teamwork,58,42,72,51,2,2,3,AI/ML Engineer,68,Medium
MECH2269,Rakesh Naidu,MECH,Final Year,F,Male,Python,Oracle,AWS,FastAPI,NumPy,Problem Solving,84,54,81,78,0,1,0,Cloud Engineer,63,Medium
IT2270,Divya Gupta,IT,Final Year,C,Female,JavaScript,MongoDB,Azure,FastAPI,Power BI,Communication,58,92,52,87,2,4,1,Business Analyst,77,Low
IT2271,Priya Yadav,IT,Final Year,B,Female,JavaScript,MongoDB,Google Cloud,React,Pandas,Leadership,68,55,89,61,3,0,1,Software Developer,72,Medium
EEE2272,Krishna Patel,EEE,Final Year,E,Male,C,Oracle,Google Cloud,Node.js,Excel,Teamwork,57,78,76,57,5,2,1,Web Developer,84,Low
AIML2273,Amrutha Kumar,AIML,Final Year,A,Female,JavaScript,Oracle,None,FastAPI,Pandas,Time Management,90,68,69,86,4,1,1,Business Analyst,90,Low
ECE2274,Tejaswi Singh,ECE,Final Year,F,Female,Python,MongoDB,AWS,HTML/CSS/JS,Tableau,Problem Solving,83,39,42,85,1,2,3,Software Developer,72,Medium
CSE2275,Pooja Rao,CSE,Final Year,E,Female,C++,MySQL,AWS,Django,NumPy,Problem Solving,61,65,40,68,3,2,2,Data Analyst,73,Medium
AIML2276,Divya Rao,AIML,Final Year,F,Female,Python,MongoDB,None,FastAPI,Excel,Communication,86,36,42,67,3,3,0,Data Analyst,72,Medium
CSE2277,Harsha Gupta,CSE,Final Year,A,Male,C++,MongoDB,Azure,React,Pandas,Leadership,43,54,88,59,5,3,3,Web Developer,86,Low
CSE2278,Naveen Gupta,CSE,Final Year,C,Female,C++,PostgreSQL,AWS,FastAPI,Pandas,Time Management,73,91,82,67,4,4,1,Cloud Engineer,92,Low
AIML2279,Akhil Patel,AIML,Final Year,F,Female,Python,MongoDB,AWS,React,Power BI,Communication,40,67,62,84,2,1,1,Data Analyst,63,Medium
CIVIL2280,Ishitha Sharma,CIVIL,Final Year,H,Female,Python,Oracle,AWS,Node.js,Pandas,Teamwork,73,40,92,87,3,0,0,Data Analyst,74,Medium
EEE2281,Krishna Reddy,EEE,Final Year,C,Male,Java,MongoDB,None,FastAPI,Tableau,Communication,87,85,85,79,2,1,3,Data Analyst,88,Low
IT2282,Nandini Kumar,IT,Final Year,H,Male,Python,MongoDB,Google Cloud,React,Excel,Communication,72,88,93,92,0,5,1,Software Developer,80,Low
EEE2283,Sowmya Varma,EEE,Final Year,H,Male,C,Oracle,Azure,React,Excel,Teamwork,90,43,46,39,5,2,2,Data Analyst,83,Low
CIVIL2284,Siva Gupta,CIVIL,Final Year,E,Female,Java,Oracle,Google Cloud,Node.js,Tableau,Problem Solving,42,42,88,61,0,5,2,Web Developer,60,Medium
ECE2285,Rohit Rao,ECE,Final Year,F,Male,C,MySQL,Google Cloud,Django,Tableau,Leadership,63,83,84,91,2,4,1,Cyber Security Analyst,83,Low
IT2286,Manoj Das,IT,Final Year,A,Male,C++,Oracle,Google Cloud,React,Power BI,Leadership,43,47,57,70,2,4,1,Business Analyst,64,Medium
CIVIL2287,Swathi Yadav,CIVIL,Final Year,H,Male,Java,Oracle,AWS,Django,Excel,Problem Solving,55,37,90,66,5,5,0,AI/ML Engineer,84,Low
CIVIL2288,Ishitha Gupta,CIVIL,Final Year,G,Female,C++,MongoDB,Azure,Django,Power BI,Teamwork,80,79,65,66,3,3,2,Cloud Engineer,86,Low
EEE2289,Keerthi Das,EEE,Final Year,G,Male,Python,MongoDB,None,Django,Excel,Communication,62,35,59,71,4,6,1,Cyber Security Analyst,82,Low
AIML2290,Nandini Kumar,AIML,Final Year,B,Male,C++,MongoDB,Azure,FastAPI,Pandas,Time Management,49,85,91,87,4,2,2,Web Developer,88,Low
IT2291,Akhil Varma,IT,Final Year,A,Male,Python,MongoDB,AWS,FastAPI,Power BI,Teamwork,51,86,57,81,1,4,3,Software Developer,75,Low
ECE2292,Rahul Patel,ECE,Final Year,D,Male,C++,SQL Server,AWS,FastAPI,NumPy,Leadership,60,95,43,58,5,6,0,Web Developer,87,Low
AIDS2293,Sneha Gupta,AIDS,Final Year,E,Female,Python,PostgreSQL,Azure,Django,Excel,Leadership,82,78,79,84,4,2,1,Web Developer,92,Low
ECE2294,Harsha Naidu,ECE,Final Year,E,Female,C,Oracle,Google Cloud,Node.js,Power BI,Problem Solving,40,85,89,66,4,2,3,Web Developer,84,Low
CIVIL2295,Venkatesh Reddy,CIVIL,Final Year,D,Male,C,Oracle,AWS,Node.js,Pandas,Leadership,81,41,66,80,2,5,1,Cyber Security Analyst,79,Low
ECE2296,Priya Varma,ECE,Final Year,E,Male,C++,MySQL,Azure,Node.js,NumPy,Leadership,60,90,77,93,1,3,3,Software Developer,82,Low
MECH2297,Aadhya Naidu,MECH,Final Year,A,Male,Python,MongoDB,None,Django,Tableau,Communication,40,45,70,59,1,4,0,Software Developer,54,High
ECE2298,Neha Singh,ECE,Final Year,H,Female,JavaScript,Oracle,Azure,React,Pandas,Teamwork,78,75,56,72,2,1,1,Cyber Security Analyst,72,Medium
ECE2299,Anjali Joshi,ECE,Final Year,H,Male,Java,Oracle,Azure,Django,Tableau,Leadership,93,83,49,87,5,3,1,Web Developer,99,Low
AIDS2300,Harsha Sharma,AIDS,Final Year,E,Female,JavaScript,PostgreSQL,AWS,Django,Excel,Communication,35,43,59,35,3,3,1,Software Developer,57,Medium
AIDS2301,Sanjana Das,AIDS,Final Year,D,Male,C++,PostgreSQL,None,React,Tableau,Teamwork,65,50,42,36,2,1,0,AI/ML Engineer,52,High
AIML2302,Anjali Gupta,AIML,Final Year,H,Male,Java,MySQL,Google Cloud,React,Pandas,Time Management,48,88,49,64,3,6,1,Software Developer,78,Low
MECH2303,Arjun Varma,MECH,Final Year,A,Male,Python,MongoDB,Google Cloud,React,Power BI,Problem Solving,77,93,58,73,5,6,0,AI/ML Engineer,97,Low
CSE2304,Charan Sharma,CSE,Final Year,F,Female,C,PostgreSQL,Azure,React,NumPy,Problem Solving,40,90,45,95,0,4,2,Cloud Engineer,65,Medium
CSE2305,Ananya Singh,CSE,Final Year,F,Female,Java,PostgreSQL,Azure,React,Tableau,Time Management,93,84,92,74,4,5,3,Cloud Engineer,100,Low
CSE2306,Priya Naidu,CSE,Final Year,A,Male,Java,PostgreSQL,Azure,React,NumPy,Time Management,69,38,85,62,0,4,2,Software Developer,66,Medium
MECH2307,Lakshmi Yadav,MECH,Final Year,F,Male,Python,PostgreSQL,AWS,React,Pandas,Time Management,75,69,62,66,5,2,3,Cloud Engineer,93,Low
CIVIL2308,Siva Patel,CIVIL,Final Year,G,Male,JavaScript,MySQL,Google Cloud,Django,Excel,Teamwork,74,88,93,63,1,1,3,Cyber Security Analyst,78,Low
AIML2309,Dhanush Yadav,AIML,Final Year,E,Female,Java,Oracle,None,Django,Excel,Time Management,93,42,53,84,5,1,0,Cloud Engineer,86,Low
CSE2310,Sanjana Patel,CSE,Final Year,B,Female,C++,SQL Server,Azure,React,Pandas,Problem Solving,51,77,47,94,2,4,1,Business Analyst,74,Medium
AIDS2311,Krishna Singh,AIDS,Final Year,E,Male,C,MongoDB,AWS,FastAPI,NumPy,Time Management,78,91,79,61,4,4,2,AI/ML Engineer,95,Low
IT2312,Sanjay Singh,IT,Final Year,F,Male,Python,SQL Server,None,FastAPI,Power BI,Problem Solving,53,95,40,67,3,4,1,Web Developer,76,Low
AIML2313,Swathi Yadav,AIML,Final Year,C,Female,C,MySQL,AWS,Node.js,Tableau,Time Management,48,91,88,42,3,5,2,Cloud Engineer,81,Low
EEE2314,Akash Das,EEE,Final Year,H,Female,C,Oracle,AWS,Django,Pandas,Communication,53,37,65,75,4,1,3,Cloud Engineer,77,Low
AIDS2315,Deepika Naidu,AIDS,Final Year,H,Male,JavaScript,PostgreSQL,None,HTML/CSS/JS,Power BI,Communication,88,84,84,95,1,5,1,Cyber Security Analyst,89,Low
ECE2316,Srikanth Das,ECE,Final Year,F,Male,C++,SQL Server,None,Node.js,Excel,Leadership,89,50,35,36,4,6,2,Cyber Security Analyst,85,Low
CIVIL2317,Lakshmi Singh,CIVIL,Final Year,D,Female,Java,PostgreSQL,Google Cloud,Node.js,Tableau,Problem Solving,59,36,35,72,4,6,0,Business Analyst,75,Low
CSE2318,Riya Naidu,CSE,Final Year,G,Female,Java,MySQL,Azure,Django,Excel,Leadership,87,75,60,56,5,1,1,AI/ML Engineer,88,Low
AIML2319,Divya Sharma,AIML,Final Year,H,Male,C,MySQL,None,React,Pandas,Communication,36,66,52,95,3,0,2,Business Analyst,68,Medium
CSE2320,Riya Joshi,CSE,Final Year,H,Female,C++,Oracle,AWS,FastAPI,Tableau,Teamwork,47,59,70,63,0,5,3,Data Analyst,65,Medium
ECE2321,Rohit Rao,ECE,Final Year,E,Female,Python,MongoDB,None,FastAPI,Tableau,Communication,82,55,51,58,4,3,3,Software Developer,87,Low
MECH2322,Neha Sharma,MECH,Final Year,E,Male,Python,MongoDB,Azure,FastAPI,NumPy,Teamwork,91,49,75,39,2,0,3,Data Analyst,73,Medium
IT2323,Aadhya Kumar,IT,Final Year,H,Male,Java,PostgreSQL,Azure,Node.js,NumPy,Time Management,88,86,68,92,1,0,2,AI/ML Engineer,79,Low
EEE2324,Meghana Yadav,EEE,Final Year,E,Male,Java,MySQL,Google Cloud,Django,NumPy,Teamwork,94,84,57,61,3,6,3,Software Developer,98,Low
AIML2325,Swathi Joshi,AIML,Final Year,E,Female,C,SQL Server,AWS,Django,Tableau,Problem Solving,70,72,88,49,4,0,0,Cyber Security Analyst,75,Low
AIML2326,Sai Naidu,AIML,Final Year,C,Male,C,SQL Server,None,FastAPI,Tableau,Problem Solving,81,62,59,60,2,3,3,Software Developer,79,Low
CIVIL2327,Siva Das,CIVIL,Final Year,H,Male,Java,Oracle,None,Django,Tableau,Teamwork,94,46,39,66,2,0,2,AI/ML Engineer,70,Medium
AIML2328,Abhinav Varma,AIML,Final Year,C,Female,Java,SQL Server,Google Cloud,Django,Tableau,Leadership,45,35,62,39,5,5,2,Web Developer,77,Low
EEE2329,Sanjay Kumar,EEE,Final Year,D,Male,JavaScript,SQL Server,Google Cloud,React,Excel,Problem Solving,86,65,43,54,3,6,3,Data Analyst,89,Low
IT2330,Amrutha Reddy,IT,Final Year,E,Male,C++,PostgreSQL,AWS,Node.js,Excel,Time Management,79,47,71,87,1,1,0,Software Developer,66,Medium
AIDS2331,Naveen Reddy,AIDS,Final Year,F,Male,C++,MongoDB,Google Cloud,Django,NumPy,Problem Solving,55,58,43,79,2,2,1,AI/ML Engineer,64,Medium
MECH2332,Riya Singh,MECH,Final Year,B,Male,Java,SQL Server,None,Django,Tableau,Problem Solving,80,68,48,55,0,3,1,Web Developer,61,Medium
CIVIL2333,Sahithi Varma,CIVIL,Final Year,E,Male,C++,SQL Server,None,HTML/CSS/JS,Pandas,Leadership,77,48,86,88,4,5,2,Web Developer,97,Low
AIML2334,Harsha Varma,AIML,Final Year,E,Female,JavaScript,PostgreSQL,Google Cloud,FastAPI,Excel,Communication,73,74,82,72,0,6,3,Data Analyst,81,Low
AIDS2335,Sanjay Singh,AIDS,Final Year,D,Female,Java,Oracle,Azure,FastAPI,NumPy,Teamwork,43,62,68,90,2,6,0,Cyber Security Analyst,72,Medium
AIML2336,Aditya Yadav,AIML,Final Year,F,Male,JavaScript,Oracle,AWS,React,Excel,Leadership,76,94,87,89,3,6,0,AI/ML Engineer,95,Low
CSE2337,Abhinav Yadav,CSE,Final Year,E,Female,Java,Oracle,None,Node.js,Excel,Leadership,42,84,90,86,2,5,0,AI/ML Engineer,76,Low
AIDS2338,Divya Gupta,AIDS,Final Year,D,Female,Java,MongoDB,Google Cloud,FastAPI,Power BI,Leadership,37,41,60,56,3,3,1,Web Developer,61,Medium
CSE2339,Divya Kumar,CSE,Final Year,H,Female,JavaScript,PostgreSQL,Google Cloud,Node.js,Power BI,Problem Solving,43,55,50,78,4,0,2,Software Developer,70,Medium
CIVIL2340,Manoj Kumar,CIVIL,Final Year,H,Female,JavaScript,Oracle,Google Cloud,React,Tableau,Leadership,38,44,91,53,4,2,1,Business Analyst,69,Medium
CIVIL2341,Anjali Patel,CIVIL,Final Year,E,Male,Python,Oracle,Azure,Node.js,Power BI,Time Management,38,89,72,75,4,4,3,Software Developer,88,Low
MECH2342,Tejaswi Sharma,MECH,Final Year,C,Female,Java,MySQL,AWS,HTML/CSS/JS,Excel,Problem Solving,65,41,77,70,1,1,2,Web Developer,64,Medium
AIML2343,Dhanush Naidu,AIML,Final Year,F,Female,Java,SQL Server,None,Django,Tableau,Teamwork,63,60,39,63,1,3,2,Cyber Security Analyst,63,Medium
IT2344,Sanjana Joshi,IT,Final Year,C,Female,C++,SQL Server,AWS,Node.js,Pandas,Problem Solving,62,41,56,92,5,1,1,Business Analyst,82,Low
ECE2345,Divya Gupta,ECE,Final Year,A,Female,C,MySQL,Azure,React,Tableau,Communication,94,76,41,48,2,6,1,Web Developer,80,Low
ECE2346,Anjali Gupta,ECE,Final Year,A,Male,C,Oracle,Google Cloud,HTML/CSS/JS,Power BI,Teamwork,86,63,65,47,1,5,0,Business Analyst,69,Medium
AIML2347,Akhil Patel,AIML,Final Year,C,Male,Python,Oracle,AWS,Node.js,Pandas,Teamwork,73,50,71,79,2,2,3,Web Developer,79,Low
IT2348,Naveen Patel,IT,Final Year,D,Female,C,PostgreSQL,Azure,React,Pandas,Teamwork,73,40,37,35,5,2,2,Data Analyst,75,Low
MECH2349,Aditya Singh,MECH,Final Year,C,Male,C++,MongoDB,Azure,Node.js,NumPy,Problem Solving,72,40,51,44,1,5,0,Web Developer,59,Medium
AIML2350,Rahul Reddy,AIML,Final Year,A,Male,C,Oracle,Azure,Django,Power BI,Problem Solving,67,38,89,75,4,3,2,Web Developer,86,Low
EEE2351,Anjali Naidu,EEE,Final Year,G,Female,JavaScript,MongoDB,Azure,React,Excel,Communication,72,37,92,38,5,3,1,Web Developer,83,Low
AIML2352,Aadhya Sharma,AIML,Final Year,E,Female,C++,MongoDB,None,Django,NumPy,Problem Solving,42,65,45,70,5,2,3,Web Developer,81,Low
AIDS2353,Akash Naidu,AIDS,Final Year,E,Female,Java,PostgreSQL,Azure,Django,Pandas,Teamwork,76,85,83,77,3,6,2,Business Analyst,96,Low
EEE2354,Venkatesh Singh,EEE,Final Year,G,Female,C++,MySQL,None,Django,Pandas,Leadership,55,83,39,87,4,2,0,Business Analyst,76,Low
CIVIL2355,Krishna Rao,CIVIL,Final Year,C,Female,JavaScript,MongoDB,None,Django,Pandas,Communication,37,85,94,75,1,5,1,Cyber Security Analyst,71,Medium
MECH2356,Manoj Singh,MECH,Final Year,F,Male,JavaScript,MongoDB,Azure,React,Excel,Time Management,45,46,91,43,2,0,2,Cloud Engineer,59,Medium
AIML2357,Charan Gupta,AIML,Final Year,H,Male,Java,PostgreSQL,None,FastAPI,Pandas,Communication,52,39,53,44,3,2,1,Software Developer,60,Medium
IT2358,Srikanth Sharma,IT,Final Year,C,Male,Java,SQL Server,Azure,Node.js,NumPy,Time Management,44,42,36,74,1,2,1,Cloud Engineer,52,High
CIVIL2359,Shreya Kumar,CIVIL,Final Year,H,Male,Python,MySQL,Google Cloud,HTML/CSS/JS,Pandas,Leadership,70,51,36,64,3,5,2,Data Analyst,78,Low
MECH2360,Naveen Varma,MECH,Final Year,E,Male,C,SQL Server,None,HTML/CSS/JS,Excel,Communication,95,63,67,44,2,2,3,Cyber Security Analyst,80,Low
AIDS2361,Krishna Naidu,AIDS,Final Year,C,Female,Python,Oracle,Google Cloud,Node.js,NumPy,Problem Solving,67,45,91,78,5,2,0,AI/ML Engineer,85,Low
AIDS2362,Pranav Joshi,AIDS,Final Year,C,Female,Java,Oracle,None,Node.js,Pandas,Problem Solving,71,83,89,44,1,6,1,Cloud Engineer,76,Low
EEE2363,Sneha Patel,EEE,Final Year,G,Female,C++,SQL Server,Azure,FastAPI,Excel,Teamwork,64,46,47,84,5,5,1,Cloud Engineer,88,Low
AIDS2364,Riya Varma,AIDS,Final Year,C,Female,Python,MySQL,Google Cloud,React,Tableau,Time Management,81,82,59,40,4,0,3,Business Analyst,82,Low
AIML2365,Rohit Varma,AIML,Final Year,F,Female,JavaScript,PostgreSQL,Google Cloud,Django,NumPy,Teamwork,91,36,83,50,5,6,2,Software Developer,98,Low
IT2366,Aadhya Reddy,IT,Final Year,G,Male,Java,MongoDB,Google Cloud,React,NumPy,Time Management,49,79,76,50,0,4,1,AI/ML Engineer,59,Medium
MECH2367,Swathi Rao,MECH,Final Year,C,Male,C,SQL Server,AWS,Node.js,Power BI,Problem Solving,66,73,85,50,5,4,0,Software Developer,86,Low
IT2368,Arjun Sharma,IT,Final Year,B,Male,C,PostgreSQL,AWS,HTML/CSS/JS,Tableau,Leadership,36,35,75,44,1,4,0,Cloud Engineer,49,High
EEE2369,Ananya Das,EEE,Final Year,G,Female,C,PostgreSQL,AWS,Django,Excel,Time Management,70,46,40,45,3,0,1,Data Analyst,61,Medium
ECE2370,Sneha Naidu,ECE,Final Year,G,Male,Python,MySQL,Azure,HTML/CSS/JS,Tableau,Time Management,36,92,89,95,1,0,3,Cyber Security Analyst,71,Medium
CSE2371,Divya Patel,CSE,Final Year,D,Female,Python,MySQL,AWS,FastAPI,Pandas,Teamwork,88,91,48,87,1,2,2,AI/ML Engineer,80,Low
IT2372,Tejaswi Das,IT,Final Year,H,Male,C++,MySQL,Google Cloud,Django,Pandas,Teamwork,62,74,42,42,3,5,0,Web Developer,69,Medium
ECE2373,Sahithi Joshi,ECE,Final Year,D,Female,C,PostgreSQL,Azure,React,Tableau,Communication,37,74,50,77,5,5,0,Business Analyst,80,Low
IT2374,Tejaswi Reddy,IT,Final Year,D,Male,Java,PostgreSQL,Azure,React,Pandas,Communication,36,58,90,73,5,1,1,Cloud Engineer,78,Low
CIVIL2375,Amrutha Varma,CIVIL,Final Year,H,Female,Java,SQL Server,None,Node.js,Tableau,Leadership,76,90,37,91,1,0,1,Software Developer,68,Medium
MECH2376,Ananya Reddy,MECH,Final Year,G,Female,Java,Oracle,Azure,Node.js,Pandas,Problem Solving,78,36,41,82,0,3,3,AI/ML Engineer,66,Medium
AIDS2377,Pranav Sharma,AIDS,Final Year,A,Male,Java,Oracle,AWS,Node.js,Tableau,Communication,56,47,67,60,2,6,1,Cyber Security Analyst,71,Medium
ECE2378,Chaitanya Reddy,ECE,Final Year,E,Male,Python,Oracle,Google Cloud,React,Pandas,Teamwork,48,76,89,36,2,5,0,Cloud Engineer,66,Medium
CSE2379,Rakesh Singh,CSE,Final Year,A,Male,C++,MySQL,None,Django,Tableau,Communication,68,51,67,55,1,4,2,Cyber Security Analyst,68,Medium
AIML2380,Sowmya Singh,AIML,Final Year,G,Female,JavaScript,MongoDB,None,FastAPI,NumPy,Problem Solving,38,81,35,70,5,5,1,Software Developer,81,Low
MECH2381,Shreya Singh,MECH,Final Year,D,Male,Python,MongoDB,Azure,Django,Tableau,Communication,40,66,92,45,3,1,3,Web Developer,71,Medium
ECE2382,Aadhya Varma,ECE,Final Year,D,Female,JavaScript,MySQL,AWS,HTML/CSS/JS,Power BI,Leadership,35,58,41,40,1,0,1,Cloud Engineer,41,High
CSE2383,Varun Patel,CSE,Final Year,H,Male,Python,Oracle,AWS,Django,Excel,Leadership,54,37,60,55,0,0,3,Web Developer,51,High
IT2384,Sneha Yadav,IT,Final Year,B,Male,C,MySQL,None,Django,NumPy,Teamwork,95,86,89,63,4,3,3,Data Analyst,100,Low
MECH2385,Aditya Reddy,MECH,Final Year,B,Female,Python,SQL Server,AWS,Django,Tableau,Time Management,78,40,95,50,4,5,0,AI/ML Engineer,84,Low
CIVIL2386,Naveen Joshi,CIVIL,Final Year,A,Male,C,SQL Server,None,FastAPI,Pandas,Problem Solving,92,39,72,90,2,1,2,AI/ML Engineer,80,Low
AIML2387,Abhinav Rao,AIML,Final Year,C,Male,Python,Oracle,Azure,React,Pandas,Problem Solving,54,56,39,94,3,6,3,Business Analyst,85,Low
CSE2388,Chaitanya Joshi,CSE,Final Year,C,Male,C++,MongoDB,Azure,Django,Pandas,Time Management,90,45,63,64,5,1,2,Business Analyst,89,Low
CIVIL2389,Priya Rao,CIVIL,Final Year,D,Male,JavaScript,PostgreSQL,Google Cloud,HTML/CSS/JS,NumPy,Time Management,65,85,50,58,5,4,3,Data Analyst,93,Low
CIVIL2390,Shreya Das,CIVIL,Final Year,E,Female,C,MySQL,Azure,Django,Excel,Time Management,50,71,67,60,5,3,1,Web Developer,82,Low
MECH2391,Swathi Naidu,MECH,Final Year,C,Male,JavaScript,MongoDB,Google Cloud,Node.js,Pandas,Leadership,72,70,49,55,5,6,3,Business Analyst,96,Low
IT2392,Divya Patel,IT,Final Year,A,Female,JavaScript,Oracle,None,FastAPI,Pandas,Leadership,85,44,65,50,2,6,1,Business Analyst,77,Low
ECE2393,Meghana Varma,ECE,Final Year,D,Female,Python,MySQL,None,FastAPI,Power BI,Leadership,52,84,38,42,2,5,1,Software Developer,65,Medium
CIVIL2394,Abhinav Patel,CIVIL,Final Year,E,Female,Java,SQL Server,Azure,FastAPI,Power BI,Time Management,70,61,46,91,1,1,2,Cyber Security Analyst,68,Medium
CIVIL2395,Sanjana Patel,CIVIL,Final Year,E,Female,C++,MySQL,Google Cloud,Node.js,Tableau,Teamwork,94,44,40,39,0,3,2,Cloud Engineer,61,Medium
AIML2396,Ananya Naidu,AIML,Final Year,B,Male,C++,PostgreSQL,AWS,HTML/CSS/JS,NumPy,Teamwork,46,89,75,84,2,3,1,AI/ML Engineer,74,Medium
IT2397,Harsha Singh,IT,Final Year,D,Female,Python,SQL Server,Google Cloud,FastAPI,NumPy,Leadership,92,51,77,59,2,1,3,Data Analyst,80,Low
EEE2398,Ananya Patel,EEE,Final Year,F,Male,JavaScript,Oracle,None,Django,NumPy,Communication,58,50,89,35,0,3,2,Business Analyst,57,Medium
EEE2399,Chaitanya Reddy,EEE,Final Year,A,Male,C++,SQL Server,Azure,Node.js,Excel,Teamwork,64,87,91,70,1,2,2,Web Developer,75,Low
ECE2400,Aditya Yadav,ECE,Final Year,B,Female,C++,SQL Server,Google Cloud,Node.js,Pandas,Time Management,75,78,87,59,1,2,1,Web Developer,71,Medium
AIDS2401,Pranav Patel,AIDS,Final Year,B,Male,Python,SQL Server,None,HTML/CSS/JS,Pandas,Communication,81,36,59,86,4,5,3,Data Analyst,95,Low
IT2402,Sanjay Kumar,IT,Final Year,B,Male,JavaScript,SQL Server,AWS,FastAPI,Tableau,Communication,62,39,89,84,2,3,0,Cloud Engineer,71,Medium
ECE2403,Sai Gupta,ECE,Final Year,G,Male,C++,MySQL,Azure,Node.js,Excel,Problem Solving,37,35,93,51,0,1,3,Data Analyst,52,High
ECE2404,Abhinav Singh,ECE,Final Year,G,Female,Python,PostgreSQL,AWS,HTML/CSS/JS,Pandas,Communication,51,82,79,74,4,2,1,Cloud Engineer,81,Low
AIML2405,Aarav Yadav,AIML,Final Year,H,Male,JavaScript,MongoDB,Azure,React,Excel,Communication,53,40,52,88,2,1,2,Cyber Security Analyst,65,Medium
AIML2406,Krishna Yadav,AIML,Final Year,H,Female,Java,PostgreSQL,None,React,Tableau,Time Management,58,45,68,80,2,5,2,Cyber Security Analyst,76,Low
EEE2407,Pranav Varma,EEE,Final Year,A,Female,C,Oracle,Azure,HTML/CSS/JS,Power BI,Communication,56,55,66,65,4,3,1,Cyber Security Analyst,77,Low
MECH2408,Ishitha Sharma,MECH,Final Year,A,Male,Python,MySQL,Google Cloud,HTML/CSS/JS,Power BI,Time Management,52,81,78,69,0,2,0,Business Analyst,57,Medium
CIVIL2409,Siva Varma,CIVIL,Final Year,D,Female,C,MySQL,Azure,HTML/CSS/JS,Tableau,Time Management,75,61,74,75,3,3,0,Business Analyst,79,Low
MECH2410,Nandini Rao,MECH,Final Year,C,Female,C,SQL Server,AWS,FastAPI,Tableau,Communication,86,45,40,38,0,4,2,Data Analyst,60,Medium
MECH2411,Naveen Naidu,MECH,Final Year,D,Female,C++,MySQL,AWS,Node.js,Tableau,Teamwork,72,53,38,67,2,6,1,Cloud Engineer,74,Medium
ECE2412,Krishna Singh,ECE,Final Year,D,Female,C++,PostgreSQL,None,FastAPI,NumPy,Teamwork,37,87,63,81,3,5,2,Business Analyst,81,Low
MECH2413,Priya Gupta,MECH,Final Year,A,Male,JavaScript,MongoDB,Azure,Django,Excel,Leadership,45,95,56,95,5,4,2,Cyber Security Analyst,94,Low
AIML2414,Siva Varma,AIML,Final Year,H,Female,C++,PostgreSQL,Azure,FastAPI,NumPy,Leadership,74,52,71,78,3,2,1,Data Analyst,78,Low
CSE2415,Sanjana Joshi,CSE,Final Year,B,Male,Java,MySQL,Azure,HTML/CSS/JS,Tableau,Teamwork,37,63,35,38,4,2,0,Cloud Engineer,57,Medium
MECH2416,Shreya Singh,MECH,Final Year,G,Male,Java,SQL Server,Google Cloud,FastAPI,Tableau,Leadership,88,79,69,56,0,5,1,Web Developer,73,Medium
CIVIL2417,Riya Naidu,CIVIL,Final Year,C,Male,Java,Oracle,Google Cloud,FastAPI,Excel,Teamwork,43,81,62,82,1,0,2,Software Developer,62,Medium
AIDS2418,Rohit Rao,AIDS,Final Year,G,Female,Java,PostgreSQL,Google Cloud,FastAPI,Excel,Communication,68,73,66,68,3,1,3,Data Analyst,81,Low
EEE2419,Swathi Sharma,EEE,Final Year,A,Female,Java,Oracle,AWS,Django,Excel,Time Management,39,65,40,86,3,0,1,Data Analyst,63,Medium
MECH2420,Dhanush Singh,MECH,Final Year,A,Male,C++,MySQL,Google Cloud,Node.js,Pandas,Problem Solving,38,77,46,78,0,5,1,Software Developer,58,Medium
IT2421,Neha Naidu,IT,Final Year,H,Female,Python,Oracle,Azure,FastAPI,Pandas,Problem Solving,66,95,64,85,3,3,1,Business Analyst,85,Low
MECH2422,Tejaswi Patel,MECH,Final Year,D,Female,C++,MongoDB,Google Cloud,Django,NumPy,Communication,48,51,92,67,0,4,2,Business Analyst,63,Medium
IT2423,Siva Joshi,IT,Final Year,C,Male,Python,MySQL,Azure,FastAPI,NumPy,Leadership,71,55,58,48,1,6,0,AI/ML Engineer,65,Medium
EEE2424,Aadhya Rao,EEE,Final Year,G,Female,Java,MySQL,Azure,Django,Excel,Teamwork,76,68,55,56,5,6,0,Cyber Security Analyst,89,Low
CSE2425,Riya Singh,CSE,Final Year,G,Male,C,PostgreSQL,None,React,Pandas,Problem Solving,53,80,41,55,5,0,2,Cloud Engineer,76,Low
IT2426,Charan Gupta,IT,Final Year,E,Male,C,MongoDB,Azure,Django,Power BI,Problem Solving,79,91,88,92,4,3,1,Software Developer,98,Low
AIDS2427,Siva Sharma,AIDS,Final Year,H,Female,JavaScript,MongoDB,None,Node.js,Tableau,Leadership,77,37,45,49,5,6,2,AI/ML Engineer,88,Low
IT2428,Shreya Naidu,IT,Final Year,B,Female,Java,MongoDB,Azure,HTML/CSS/JS,Tableau,Time Management,84,70,73,92,0,4,2,Business Analyst,79,Low
CIVIL2429,Krishna Rao,CIVIL,Final Year,D,Male,JavaScript,Oracle,AWS,HTML/CSS/JS,Tableau,Teamwork,88,87,60,77,2,2,3,Cloud Engineer,87,Low
CSE2430,Meghana Naidu,CSE,Final Year,E,Female,C++,MySQL,Google Cloud,Node.js,Tableau,Leadership,91,91,89,82,4,3,3,AI/ML Engineer,100,Low
CSE2431,Abhinav Joshi,CSE,Final Year,D,Female,Python,Oracle,None,FastAPI,NumPy,Teamwork,83,37,42,92,5,2,3,Cyber Security Analyst,93,Low
AIML2432,Varun Kumar,AIML,Final Year,H,Male,Java,MongoDB,AWS,Node.js,NumPy,Communication,38,86,79,54,5,0,3,Cyber Security Analyst,81,Low
MECH2433,Swathi Joshi,MECH,Final Year,B,Female,C,MySQL,Azure,React,Pandas,Communication,49,77,54,35,5,3,1,Business Analyst,75,Low
MECH2434,Anjali Das,MECH,Final Year,G,Female,C++,SQL Server,Google Cloud,Node.js,Pandas,Teamwork,53,76,46,80,4,5,1,Business Analyst,83,Low
CIVIL2435,Tejaswi Naidu,CIVIL,Final Year,F,Female,Python,MongoDB,AWS,FastAPI,Pandas,Time Management,94,67,39,57,2,5,3,Software Developer,84,Low
AIDS2436,Neha Yadav,AIDS,Final Year,A,Female,Python,SQL Server,None,HTML/CSS/JS,NumPy,Teamwork,37,71,50,61,5,1,3,Cloud Engineer,77,Low
CIVIL2437,Meghana Reddy,CIVIL,Final Year,C,Female,C++,MySQL,None,React,Excel,Leadership,48,72,56,61,1,1,1,Cloud Engineer,56,Medium
AIDS2438,Keerthi Das,AIDS,Final Year,G,Female,JavaScript,SQL Server,AWS,HTML/CSS/JS,Power BI,Communication,95,44,76,80,3,4,3,Business Analyst,94,Low
MECH2439,Aditya Patel,MECH,Final Year,D,Female,JavaScript,SQL Server,None,Node.js,Excel,Time Management,62,94,49,38,2,1,3,Web Developer,69,Medium
ECE2440,Sanjay Joshi,ECE,Final Year,A,Male,Java,MongoDB,AWS,FastAPI,Tableau,Leadership,50,35,95,42,1,3,2,Cyber Security Analyst,60,Medium
AIML2441,Rohit Naidu,AIML,Final Year,F,Male,C,PostgreSQL,AWS,HTML/CSS/JS,Excel,Time Management,87,67,90,62,1,3,0,Business Analyst,73,Medium
AIDS2442,Priya Naidu,AIDS,Final Year,G,Female,Python,SQL Server,Azure,Node.js,Power BI,Communication,61,47,57,61,3,1,2,Cyber Security Analyst,69,Medium
ECE2443,Deepika Kumar,ECE,Final Year,D,Male,JavaScript,Oracle,Google Cloud,React,Excel,Teamwork,91,35,88,80,0,1,1,Cyber Security Analyst,67,Medium
MECH2444,Lakshmi Varma,MECH,Final Year,B,Male,JavaScript,PostgreSQL,None,Django,Pandas,Leadership,82,85,55,43,5,5,1,Business Analyst,92,Low
ECE2445,Sowmya Yadav,ECE,Final Year,B,Male,Python,PostgreSQL,AWS,FastAPI,NumPy,Teamwork,67,77,61,43,5,0,2,Data Analyst,80,Low
IT2446,Naveen Sharma,IT,Final Year,G,Female,Java,Oracle,AWS,FastAPI,Pandas,Time Management,36,86,95,48,5,3,3,Cyber Security Analyst,88,Low
AIML2447,Chaitanya Sharma,AIML,Final Year,H,Male,Java,Oracle,AWS,Node.js,Power BI,Problem Solving,95,89,55,72,4,2,2,Software Developer,94,Low
ECE2448,Chaitanya Rao,ECE,Final Year,E,Female,JavaScript,MongoDB,AWS,Node.js,Pandas,Teamwork,48,57,75,79,1,5,0,Web Developer,65,Medium
ECE2449,Naveen Das,ECE,Final Year,H,Male,C,MongoDB,None,FastAPI,Excel,Time Management,75,56,38,87,5,1,0,Cloud Engineer,81,Low
AIML2450,Manoj Rao,AIML,Final Year,D,Male,Python,PostgreSQL,None,Django,Power BI,Teamwork,89,89,74,53,4,4,0,AI/ML Engineer,90,Low
CSE2451,Venkatesh Reddy,CSE,Final Year,G,Female,Python,MongoDB,AWS,Django,NumPy,Problem Solving,63,66,61,52,4,0,1,Cyber Security Analyst,71,Medium
AIML2452,Ishitha Joshi,AIML,Final Year,A,Male,C,MongoDB,Azure,HTML/CSS/JS,Power BI,Leadership,80,95,86,83,3,0,2,Web Developer,89,Low
MECH2453,Venkatesh Sharma,MECH,Final Year,G,Female,JavaScript,MongoDB,Google Cloud,Node.js,Tableau,Teamwork,64,65,88,86,3,6,3,Software Developer,95,Low
CIVIL2454,Sanjana Joshi,CIVIL,Final Year,F,Male,Python,MySQL,AWS,Django,NumPy,Teamwork,81,60,82,63,4,1,1,Data Analyst,83,Low
AIDS2455,Dhanush Varma,AIDS,Final Year,A,Female,Python,MySQL,Google Cloud,React,Power BI,Problem Solving,36,61,59,41,4,6,2,Web Developer,75,Low
CSE2456,Bhavana Kumar,CSE,Final Year,G,Female,C,PostgreSQL,AWS,Node.js,Excel,Leadership,94,75,80,48,4,4,0,Software Developer,89,Low
AIML2457,Meghana Varma,AIML,Final Year,H,Male,C,PostgreSQL,None,Node.js,Excel,Leadership,76,63,49,53,2,4,1,Cyber Security Analyst,71,Medium
AIML2458,Rahul Kumar,AIML,Final Year,F,Female,Python,Oracle,AWS,Django,Pandas,Teamwork,66,86,53,88,1,4,3,Cyber Security Analyst,80,Low
AIDS2459,Sai Yadav,AIDS,Final Year,H,Male,C,PostgreSQL,Azure,React,Pandas,Teamwork,81,73,35,72,5,2,2,Cyber Security Analyst,90,Low
CSE2460,Neha Rao,CSE,Final Year,F,Female,C++,Oracle,None,HTML/CSS/JS,Excel,Communication,89,45,56,48,0,1,1,Cyber Security Analyst,56,Medium
AIML2461,Ananya Naidu,AIML,Final Year,H,Male,JavaScript,MySQL,AWS,HTML/CSS/JS,Tableau,Time Management,38,54,35,89,0,6,2,Cyber Security Analyst,61,Medium
CSE2462,Varun Sharma,CSE,Final Year,E,Female,Python,MySQL,AWS,React,Pandas,Leadership,68,67,95,55,2,3,3,Business Analyst,81,Low
MECH2463,Nandini Singh,MECH,Final Year,B,Male,Java,SQL Server,Azure,HTML/CSS/JS,Excel,Time Management,73,52,41,48,0,4,2,AI/ML Engineer,59,Medium
ECE2464,Sneha Reddy,ECE,Final Year,B,Male,Python,PostgreSQL,AWS,Django,Tableau,Leadership,94,77,69,75,2,5,1,Cloud Engineer,88,Low
CSE2465,Sanjana Singh,CSE,Final Year,A,Male,Java,MongoDB,Google Cloud,React,NumPy,Teamwork,45,77,71,53,0,6,1,Cloud Engineer,61,Medium
ECE2466,Venkatesh Das,ECE,Final Year,F,Male,Java,Oracle,None,FastAPI,Pandas,Problem Solving,89,62,37,75,3,6,1,Business Analyst,87,Low
EEE2467,Rohit Reddy,EEE,Final Year,D,Female,C++,MySQL,Azure,HTML/CSS/JS,NumPy,Problem Solving,70,48,69,64,2,2,1,Software Developer,68,Medium
EEE2468,Rahul Reddy,EEE,Final Year,F,Female,Java,Oracle,Azure,HTML/CSS/JS,Pandas,Communication,46,59,83,59,1,4,1,Software Developer,63,Medium
IT2469,Pranav Varma,IT,Final Year,H,Female,JavaScript,MongoDB,AWS,Node.js,Power BI,Communication,39,87,65,67,3,0,2,Cyber Security Analyst,69,Medium
IT2470,Abhinav Naidu,IT,Final Year,C,Male,JavaScript,PostgreSQL,Azure,React,Power BI,Communication,93,44,68,63,2,6,3,Cloud Engineer,88,Low
CSE2471,Shreya Singh,CSE,Final Year,C,Female,Java,SQL Server,AWS,FastAPI,Pandas,Problem Solving,68,65,42,73,5,1,2,Business Analyst,84,Low
CIVIL2472,Tejaswi Joshi,CIVIL,Final Year,E,Female,C++,SQL Server,AWS,Node.js,Pandas,Teamwork,71,88,61,65,2,5,2,Software Developer,83,Low
EEE2473,Krishna Rao,EEE,Final Year,G,Male,C,MongoDB,Azure,Django,Pandas,Teamwork,86,54,78,86,4,4,1,Business Analyst,94,Low
IT2474,Manoj Reddy,IT,Final Year,F,Female,JavaScript,MongoDB,AWS,React,Excel,Teamwork,82,62,65,92,1,6,1,AI/ML Engineer,82,Low
AIDS2475,Deepika Reddy,AIDS,Final Year,D,Female,C++,SQL Server,None,React,Tableau,Communication,77,61,83,90,4,0,1,AI/ML Engineer,86,Low
AIDS2476,Chaitanya Joshi,AIDS,Final Year,D,Male,C++,MySQL,Azure,FastAPI,Tableau,Time Management,95,62,38,50,5,2,2,Cyber Security Analyst,88,Low
ECE2477,Rahul Das,ECE,Final Year,C,Female,Java,MongoDB,Google Cloud,Node.js,Tableau,Teamwork,63,38,56,39,2,6,2,Web Developer,69,Medium
EEE2478,Ananya Yadav,EEE,Final Year,G,Male,JavaScript,Oracle,AWS,Node.js,Power BI,Teamwork,78,82,90,93,1,3,0,Cyber Security Analyst,79,Low
AIDS2479,Sai Naidu,AIDS,Final Year,E,Female,JavaScript,SQL Server,Google Cloud,FastAPI,Pandas,Leadership,95,92,48,75,3,0,1,Web Developer,82,Low
AIML2480,Varun Rao,AIML,Final Year,D,Male,Java,SQL Server,AWS,HTML/CSS/JS,Power BI,Communication,85,74,44,46,5,4,2,Software Developer,91,Low
CSE2481,Meghana Patel,CSE,Final Year,B,Male,C,PostgreSQL,Google Cloud,Node.js,NumPy,Teamwork,90,81,41,93,4,2,2,Cloud Engineer,94,Low
CIVIL2482,Bhavana Das,CIVIL,Final Year,C,Female,JavaScript,Oracle,Azure,React,Tableau,Communication,38,91,49,57,3,1,0,Data Analyst,61,Medium
AIML2483,Amrutha Varma,AIML,Final Year,G,Male,Java,MongoDB,Google Cloud,HTML/CSS/JS,Excel,Teamwork,63,72,87,83,4,3,2,Cyber Security Analyst,91,Low
IT2484,Sneha Sharma,IT,Final Year,E,Female,Java,PostgreSQL,Google Cloud,React,NumPy,Problem Solving,46,89,69,61,4,2,3,Cloud Engineer,83,Low
AIDS2485,Priya Yadav,AIDS,Final Year,D,Female,Python,Oracle,Azure,Node.js,Excel,Time Management,45,89,58,69,3,1,2,Cyber Security Analyst,72,Medium
EEE2486,Riya Kumar,EEE,Final Year,D,Male,Python,SQL Server,Azure,Node.js,Excel,Time Management,53,59,37,41,3,1,3,Data Analyst,64,Medium
AIDS2487,Sowmya Joshi,AIDS,Final Year,D,Male,C++,Oracle,AWS,HTML/CSS/JS,Tableau,Problem Solving,53,71,40,75,0,3,1,Cloud Engineer,57,Medium
EEE2488,Krishna Patel,EEE,Final Year,B,Female,Python,MySQL,AWS,FastAPI,Pandas,Leadership,84,59,62,46,1,4,2,Cloud Engineer,72,Medium
CSE2489,Aarav Das,CSE,Final Year,E,Female,JavaScript,MongoDB,None,HTML/CSS/JS,Pandas,Leadership,45,92,71,57,0,6,0,Web Developer,61,Medium
IT2490,Amrutha Singh,IT,Final Year,E,Female,Python,SQL Server,None,React,Excel,Leadership,90,59,92,35,2,3,0,Web Developer,73,Medium
EEE2491,Sahithi Patel,EEE,Final Year,F,Female,JavaScript,Oracle,AWS,FastAPI,Power BI,Teamwork,52,39,36,61,3,5,3,AI/ML Engineer,73,Medium
EEE2492,Ishitha Joshi,EEE,Final Year,E,Male,Java,MySQL,None,Django,Excel,Leadership,93,78,52,44,1,6,1,Cloud Engineer,76,Low
AIML2493,Sneha Joshi,AIML,Final Year,A,Female,Python,MySQL,AWS,FastAPI,Power BI,Time Management,68,58,36,45,1,5,0,Cloud Engineer,58,Medium
AIDS2494,Priya Gupta,AIDS,Final Year,F,Female,C,MySQL,Google Cloud,HTML/CSS/JS,Tableau,Leadership,94,49,77,47,0,3,0,Cloud Engineer,62,Medium
MECH2495,Sowmya Rao,MECH,Final Year,A,Female,Python,PostgreSQL,Azure,Django,NumPy,Leadership,45,35,87,85,1,4,0,Cloud Engineer,62,Medium
ECE2496,Krishna Kumar,ECE,Final Year,H,Male,Python,SQL Server,None,HTML/CSS/JS,Excel,Communication,87,45,61,73,3,1,2,Software Developer,80,Low
ECE2497,Abhinav Joshi,ECE,Final Year,C,Female,C++,Oracle,AWS,Node.js,NumPy,Teamwork,50,38,50,87,5,6,1,Cloud Engineer,86,Low
MECH2498,Sowmya Varma,MECH,Final Year,F,Female,JavaScript,SQL Server,Azure,Node.js,NumPy,Leadership,67,53,53,38,5,6,1,Cyber Security Analyst,84,Low
EEE2499,Harsha Reddy,EEE,Final Year,E,Female,JavaScript,Oracle,Google Cloud,Node.js,NumPy,Teamwork,82,68,36,47,1,0,3,Web Developer,64,Medium
EEE2500,Amrutha Naidu,EEE,Final Year,A,Female,Java,Oracle,AWS,HTML/CSS/JS,Tableau,Communication,56,38,83,88,2,5,3,Web Developer,82,Low
IT2501,Rahul Gupta,IT,Final Year,D,Male,JavaScript,PostgreSQL,Azure,FastAPI,Pandas,Leadership,41,38,74,38,3,2,2,Cloud Engineer,62,Medium
IT2502,Naveen Naidu,IT,Final Year,H,Male,C,MySQL,None,Django,Excel,Communication,47,80,51,57,3,4,2,AI/ML Engineer,74,Medium
AIML2503,Karthik Singh,AIML,Final Year,E,Male,C++,MongoDB,None,FastAPI,Pandas,Communication,63,43,49,60,3,5,0,Business Analyst,70,Medium
ECE2504,Anjali Das,ECE,Final Year,E,Male,Python,Oracle,AWS,HTML/CSS/JS,Excel,Leadership,62,68,73,48,4,5,1,Cloud Engineer,82,Low
MECH2505,Meghana Rao,MECH,Final Year,G,Female,Java,Oracle,Azure,Django,Excel,Problem Solving,36,43,60,73,5,2,3,Cyber Security Analyst,79,Low
MECH2506,Sowmya Das,MECH,Final Year,B,Male,JavaScript,MySQL,Azure,React,Pandas,Leadership,60,65,68,39,3,2,1,Cloud Engineer,68,Medium
CIVIL2507,Deepika Gupta,CIVIL,Final Year,F,Male,Java,SQL Server,None,Django,Power BI,Time Management,88,91,95,67,1,6,1,Software Developer,88,Low
CIVIL2508,Karthik Joshi,CIVIL,Final Year,A,Male,Java,SQL Server,AWS,HTML/CSS/JS,NumPy,Teamwork,47,46,73,86,4,6,3,Data Analyst,90,Low
IT2509,Priya Kumar,IT,Final Year,E,Male,C++,Oracle,None,Django,Pandas,Teamwork,52,81,66,47,5,6,3,Business Analyst,93,Low
AIDS2510,Dhanush Gupta,AIDS,Final Year,G,Male,C,Oracle,AWS,HTML/CSS/JS,Tableau,Teamwork,87,85,59,90,2,4,3,Cyber Security Analyst,93,Low
CSE2511,Rohit Joshi,CSE,Final Year,A,Female,Java,MongoDB,AWS,Django,Pandas,Leadership,93,92,60,69,5,4,0,Software Developer,98,Low
IT2512,Riya Yadav,IT,Final Year,H,Female,C,MongoDB,None,HTML/CSS/JS,Tableau,Leadership,37,65,89,80,1,6,0,Web Developer,67,Medium
IT2513,Abhinav Patel,IT,Final Year,F,Female,C,Oracle,AWS,FastAPI,Tableau,Time Management,64,46,49,61,1,2,0,Software Developer,55,Medium
AIDS2514,Sanjay Reddy,AIDS,Final Year,C,Female,C,MySQL,Azure,FastAPI,Tableau,Problem Solving,79,45,70,88,0,4,1,Business Analyst,70,Medium
CIVIL2515,Sai Naidu,CIVIL,Final Year,F,Male,Java,MongoDB,AWS,HTML/CSS/JS,Pandas,Communication,75,68,53,41,5,5,2,Web Developer,90,Low
AIML2516,Aadhya Singh,AIML,Final Year,B,Female,Java,MySQL,Google Cloud,Node.js,Pandas,Problem Solving,48,42,68,55,2,4,3,Cyber Security Analyst,69,Medium
MECH2517,Neha Kumar,MECH,Final Year,C,Male,C++,Oracle,AWS,Django,Tableau,Communication,35,38,82,81,2,0,3,Cloud Engineer,64,Medium
IT2518,Venkatesh Das,IT,Final Year,F,Female,Python,SQL Server,Google Cloud,React,Pandas,Time Management,66,45,72,61,4,5,1,Data Analyst,83,Low
ECE2519,Sowmya Gupta,ECE,Final Year,H,Male,C,PostgreSQL,Google Cloud,Django,NumPy,Problem Solving,71,87,82,73,1,6,2,Software Developer,84,Low
AIDS2520,Rahul Reddy,AIDS,Final Year,A,Female,C,MongoDB,Google Cloud,FastAPI,Tableau,Time Management,92,88,64,88,4,5,1,Web Developer,100,Low
EEE2521,Varun Varma,EEE,Final Year,A,Male,JavaScript,PostgreSQL,Google Cloud,HTML/CSS/JS,Excel,Problem Solving,79,86,66,64,0,4,2,Data Analyst,73,Medium
AIML2522,Amrutha Varma,AIML,Final Year,G,Female,C++,PostgreSQL,AWS,Django,Excel,Leadership,57,59,85,38,0,2,0,Data Analyst,50,High
AIML2523,Pranav Varma,AIML,Final Year,D,Female,C++,PostgreSQL,None,React,Pandas,Communication,44,91,63,71,5,5,3,Software Developer,94,Low
CSE2524,Sai Yadav,CSE,Final Year,B,Female,C,MongoDB,Azure,FastAPI,Power BI,Time Management,81,73,93,36,5,2,1,AI/ML Engineer,88,Low
AIDS2525,Dhanush Gupta,AIDS,Final Year,B,Female,C,SQL Server,Azure,Node.js,Pandas,Communication,44,82,57,54,1,0,3,Web Developer,59,Medium
MECH2526,Abhinav Yadav,MECH,Final Year,D,Female,C,MongoDB,None,Node.js,Tableau,Problem Solving,38,87,53,59,3,4,1,Web Developer,70,Medium
CSE2527,Akhil Rao,CSE,Final Year,C,Male,C,MySQL,Google Cloud,Django,Excel,Leadership,60,93,39,50,2,0,3,Data Analyst,67,Medium
AIDS2528,Bhavana Yadav,AIDS,Final Year,B,Female,C,SQL Server,None,FastAPI,Tableau,Teamwork,76,35,55,49,5,5,1,Cloud Engineer,84,Low
MECH2529,Akash Sharma,MECH,Final Year,A,Female,Java,MongoDB,Azure,Node.js,NumPy,Problem Solving,93,39,64,70,5,0,2,AI/ML Engineer,88,Low
AIML2530,Manoj Naidu,AIML,Final Year,F,Male,Java,PostgreSQL,AWS,Node.js,Pandas,Problem Solving,89,70,83,94,5,4,3,Cloud Engineer,100,Low
AIDS2531,Siva Naidu,AIDS,Final Year,A,Female,Python,MongoDB,AWS,React,Pandas,Communication,82,57,77,58,3,0,2,Data Analyst,77,Low
AIML2532,Charan Naidu,AIML,Final Year,G,Male,C++,MongoDB,AWS,Node.js,Power BI,Teamwork,94,78,72,72,5,4,3,Web Developer,100,Low
AIDS2533,Rahul Gupta,AIDS,Final Year,H,Female,Java,MongoDB,None,React,Excel,Problem Solving,76,46,56,77,2,0,2,Software Developer,70,Medium
IT2534,Harsha Naidu,IT,Final Year,A,Male,JavaScript,PostgreSQL,None,HTML/CSS/JS,Tableau,Time Management,56,48,39,88,1,3,1,Cloud Engineer,61,Medium
AIML2535,Arjun Joshi,AIML,Final Year,G,Female,C,PostgreSQL,AWS,Node.js,Tableau,Problem Solving,83,40,60,52,5,3,0,Cloud Engineer,81,Low
EEE2536,Tejaswi Reddy,EEE,Final Year,C,Female,Java,PostgreSQL,Azure,Django,Pandas,Communication,82,78,67,41,0,0,2,AI/ML Engineer,61,Medium
IT2537,Srikanth Yadav,IT,Final Year,B,Male,JavaScript,Oracle,Google Cloud,React,NumPy,Time Management,91,77,51,50,3,6,2,AI/ML Engineer,90,Low
AIDS2538,Sowmya Das,AIDS,Final Year,A,Male,JavaScript,MySQL,None,HTML/CSS/JS,Power BI,Communication,81,35,68,89,0,2,0,Cloud Engineer,62,Medium
MECH2539,Nandini Joshi,MECH,Final Year,D,Female,Python,PostgreSQL,Azure,Django,Excel,Teamwork,37,70,88,82,0,5,0,Cloud Engineer,61,Medium
AIDS2540,Aadhya Rao,AIDS,Final Year,B,Male,JavaScript,Oracle,AWS,Node.js,Excel,Leadership,39,41,61,79,3,4,2,Cyber Security Analyst,72,Medium
MECH2541,Rohit Sharma,MECH,Final Year,G,Male,C,SQL Server,None,Django,Power BI,Time Management,42,44,80,78,5,5,2,AI/ML Engineer,88,Low
CSE2542,Divya Sharma,CSE,Final Year,B,Female,C,MongoDB,Google Cloud,HTML/CSS/JS,Tableau,Time Management,39,89,46,59,0,6,1,Software Developer,59,Medium
AIDS2543,Aadhya Patel,AIDS,Final Year,F,Male,C++,SQL Server,Google Cloud,FastAPI,Excel,Problem Solving,60,57,66,89,4,5,0,Data Analyst,84,Low
MECH2544,Anjali Rao,MECH,Final Year,D,Male,Java,Oracle,None,Django,Excel,Problem Solving,52,57,37,68,3,1,2,Data Analyst,66,Medium
AIML2545,Meghana Singh,AIML,Final Year,E,Female,Java,MongoDB,None,FastAPI,Tableau,Communication,93,46,61,41,1,5,2,Business Analyst,73,Medium
AIDS2546,Ishitha Yadav,AIDS,Final Year,E,Male,Python,Oracle,AWS,Django,NumPy,Leadership,71,50,54,91,0,4,1,Cloud Engineer,66,Medium
AIML2547,Nandini Gupta,AIML,Final Year,D,Male,JavaScript,Oracle,Google Cloud,HTML/CSS/JS,NumPy,Time Management,42,72,46,35,3,4,3,Cloud Engineer,69,Medium
CIVIL2548,Lakshmi Sharma,CIVIL,Final Year,E,Male,JavaScript,SQL Server,Azure,FastAPI,Pandas,Leadership,43,50,61,69,1,0,1,Cyber Security Analyst,51,High
EEE2549,Aadhya Reddy,EEE,Final Year,H,Female,JavaScript,Oracle,Google Cloud,Django,Pandas,Time Management,87,82,84,95,0,1,1,AI/ML Engineer,75,Low
IT2550,Priya Sharma,IT,Final Year,F,Male,Python,SQL Server,Azure,HTML/CSS/JS,Tableau,Teamwork,90,93,36,43,5,3,2,Cloud Engineer,92,Low
MECH2551,Rohit Varma,MECH,Final Year,G,Female,Python,MongoDB,Azure,HTML/CSS/JS,Excel,Communication,82,48,46,95,1,5,0,Business Analyst,73,Medium
CSE2552,Srikanth Kumar,CSE,Final Year,E,Male,C,SQL Server,None,Django,Pandas,Problem Solving,76,75,43,83,0,5,0,Software Developer,67,Medium
EEE2553,Varun Singh,EEE,Final Year,F,Male,JavaScript,MongoDB,Azure,FastAPI,NumPy,Leadership,60,36,85,40,5,4,3,Cyber Security Analyst,86,Low
EEE2554,Rakesh Singh,EEE,Final Year,H,Male,C++,PostgreSQL,Azure,Django,Power BI,Time Management,49,95,74,43,1,2,1,Cloud Engineer,61,Medium
AIML2555,Akhil Reddy,AIML,Final Year,E,Female,C,MongoDB,Google Cloud,FastAPI,Tableau,Communication,45,41,77,86,4,4,2,Data Analyst,82,Low
AIDS2556,Aadhya Joshi,AIDS,Final Year,E,Female,Python,PostgreSQL,None,Node.js,NumPy,Leadership,72,87,60,80,4,3,2,Data Analyst,92,Low
CIVIL2557,Sanjay Rao,CIVIL,Final Year,F,Male,JavaScript,Oracle,Azure,Django,NumPy,Time Management,54,63,83,65,0,3,1,Web Developer,60,Medium
ECE2558,Karthik Varma,ECE,Final Year,H,Female,Python,PostgreSQL,Google Cloud,Django,Pandas,Communication,89,61,80,77,5,5,3,AI/ML Engineer,100,Low
IT2559,Sneha Naidu,IT,Final Year,C,Male,JavaScript,Oracle,None,Node.js,Pandas,Communication,90,49,90,71,2,4,2,Business Analyst,86,Low
IT2560,Rakesh Gupta,IT,Final Year,G,Male,JavaScript,MongoDB,None,Node.js,Power BI,Teamwork,75,38,40,74,2,3,1,Cyber Security Analyst,68,Medium
AIDS2561,Rahul Das,AIDS,Final Year,C,Male,Java,Oracle,None,Django,Tableau,Time Management,95,74,91,66,5,3,0,Web Developer,97,Low
CSE2562,Aditya Varma,CSE,Final Year,C,Female,Python,Oracle,AWS,React,Excel,Communication,82,51,46,67,3,5,3,AI/ML Engineer,87,Low
IT2563,Amrutha Yadav,IT,Final Year,A,Male,C++,SQL Server,Google Cloud,HTML/CSS/JS,Tableau,Communication,51,90,72,84,0,4,3,Cyber Security Analyst,73,Medium
CSE2564,Tejaswi Gupta,CSE,Final Year,G,Female,C++,MongoDB,None,Node.js,Tableau,Leadership,77,46,65,89,5,5,2,Web Developer,99,Low
CIVIL2565,Lakshmi Reddy,CIVIL,Final Year,C,Male,Java,Oracle,Google Cloud,HTML/CSS/JS,Power BI,Communication,95,57,42,64,0,4,3,Data Analyst,73,Medium
MECH2566,Harsha Joshi,MECH,Final Year,C,Female,Java,PostgreSQL,Google Cloud,Node.js,Pandas,Problem Solving,58,78,63,78,3,3,3,Data Analyst,84,Low
CIVIL2567,Aarav Singh,CIVIL,Final Year,H,Male,JavaScript,SQL Server,Google Cloud,React,Power BI,Communication,35,54,80,76,4,3,0,Cloud Engineer,72,Medium
ECE2568,Rakesh Yadav,ECE,Final Year,E,Female,JavaScript,MySQL,None,React,NumPy,Time Management,37,65,88,51,3,3,3,AI/ML Engineer,74,Medium
ECE2569,Aditya Sharma,ECE,Final Year,C,Female,Python,SQL Server,AWS,Node.js,Tableau,Leadership,58,59,62,67,5,6,1,Business Analyst,89,Low
EEE2570,Venkatesh Kumar,EEE,Final Year,H,Male,C,Oracle,Google Cloud,Node.js,Tableau,Teamwork,69,63,81,82,3,3,1,Cloud Engineer,83,Low
CSE2571,Swathi Varma,CSE,Final Year,B,Female,C,PostgreSQL,Azure,HTML/CSS/JS,Tableau,Problem Solving,88,59,52,95,5,3,0,Data Analyst,93,Low
EEE2572,Dhanush Gupta,EEE,Final Year,A,Female,C,PostgreSQL,AWS,HTML/CSS/JS,Pandas,Leadership,90,93,63,56,3,5,2,Cloud Engineer,93,Low
IT2573,Aditya Naidu,IT,Final Year,B,Female,JavaScript,MongoDB,None,FastAPI,Power BI,Communication,38,76,60,47,3,1,0,Business Analyst,58,Medium
MECH2574,Tejaswi Joshi,MECH,Final Year,H,Male,Python,SQL Server,None,React,Tableau,Time Management,41,40,48,82,5,2,1,Business Analyst,74,Medium
AIDS2575,Aditya Naidu,AIDS,Final Year,F,Female,C++,PostgreSQL,None,Node.js,NumPy,Teamwork,72,82,69,60,3,3,3,Web Developer,86,Low
CSE2576,Sai Rao,CSE,Final Year,H,Male,C,MySQL,Azure,HTML/CSS/JS,NumPy,Problem Solving,73,83,73,94,0,2,2,Web Developer,74,Medium
CSE2577,Aadhya Rao,CSE,Final Year,B,Male,Java,Oracle,Azure,Node.js,Excel,Leadership,43,60,67,71,1,3,2,Cyber Security Analyst,63,Medium
AIDS2578,Ishitha Rao,AIDS,Final Year,F,Male,JavaScript,Oracle,Google Cloud,React,Tableau,Problem Solving,65,40,79,43,5,4,0,AI/ML Engineer,79,Low
CIVIL2579,Anjali Joshi,CIVIL,Final Year,F,Female,C,MySQL,None,FastAPI,Tableau,Teamwork,70,73,45,44,1,5,2,Cloud Engineer,68,Medium
CSE2580,Arjun Das,CSE,Final Year,H,Female,C,PostgreSQL,AWS,Node.js,Power BI,Time Management,84,90,80,46,4,1,1,Cloud Engineer,85,Low
IT2581,Rakesh Patel,IT,Final Year,G,Female,C++,PostgreSQL,Google Cloud,HTML/CSS/JS,Pandas,Teamwork,66,95,45,61,4,5,2,Business Analyst,89,Low
CIVIL2582,Swathi Kumar,CIVIL,Final Year,A,Female,C++,MySQL,None,Node.js,NumPy,Leadership,41,83,35,94,0,4,2,Web Developer,63,Medium
CIVIL2583,Sai Yadav,CIVIL,Final Year,G,Female,C,MongoDB,Google Cloud,React,Tableau,Time Management,42,76,35,55,4,0,0,Software Developer,60,Medium
AIML2584,Chaitanya Varma,AIML,Final Year,E,Female,C++,MongoDB,None,FastAPI,Excel,Time Management,48,63,69,86,5,4,3,Cyber Security Analyst,93,Low
CIVIL2585,Arjun Rao,CIVIL,Final Year,G,Male,Java,PostgreSQL,Azure,Django,Pandas,Problem Solving,52,82,71,61,1,1,3,AI/ML Engineer,67,Medium
IT2586,Krishna Kumar,IT,Final Year,F,Male,JavaScript,MySQL,Google Cloud,React,Power BI,Leadership,66,53,48,70,5,3,1,Cloud Engineer,83,Low
IT2587,Sowmya Gupta,IT,Final Year,G,Male,JavaScript,MongoDB,AWS,Django,Excel,Teamwork,65,43,83,61,0,4,3,Business Analyst,68,Medium
IT2588,Sai Reddy,IT,Final Year,H,Female,C++,MongoDB,None,FastAPI,Power BI,Problem Solving,59,36,71,69,5,2,0,AI/ML Engineer,77,Low
AIML2589,Keerthi Das,AIML,Final Year,F,Female,Java,SQL Server,None,Django,Power BI,Time Management,63,76,68,68,2,4,3,Business Analyst,81,Low
AIML2590,Divya Gupta,AIML,Final Year,F,Male,Python,PostgreSQL,AWS,HTML/CSS/JS,NumPy,Teamwork,51,51,85,81,4,3,0,Cyber Security Analyst,78,Low
CIVIL2591,Ishitha Das,CIVIL,Final Year,H,Female,C,MongoDB,None,FastAPI,Pandas,Teamwork,50,63,75,45,0,1,1,AI/ML Engineer,50,High
CIVIL2592,Venkatesh Rao,CIVIL,Final Year,A,Male,C,MySQL,AWS,HTML/CSS/JS,NumPy,Time Management,65,56,58,66,4,6,1,Data Analyst,85,Low
CSE2593,Abhinav Naidu,CSE,Final Year,B,Male,C++,Oracle,AWS,Django,Tableau,Teamwork,82,42,63,49,3,2,2,Cloud Engineer,75,Low
MECH2594,Neha Naidu,MECH,Final Year,D,Male,C++,PostgreSQL,Google Cloud,FastAPI,Power BI,Problem Solving,41,43,47,74,1,1,0,Business Analyst,48,High
CIVIL2595,Varun Reddy,CIVIL,Final Year,G,Male,Java,MongoDB,None,Django,NumPy,Time Management,36,71,60,86,1,4,1,Web Developer,64,Medium
AIML2596,Pooja Sharma,AIML,Final Year,A,Female,JavaScript,SQL Server,Google Cloud,FastAPI,NumPy,Time Management,44,84,79,85,3,1,3,Business Analyst,81,Low
AIML2597,Aarav Kumar,AIML,Final Year,E,Female,Java,Oracle,Azure,FastAPI,Pandas,Problem Solving,36,71,66,77,4,3,2,Cloud Engineer,79,Low
CIVIL2598,Pranav Gupta,CIVIL,Final Year,D,Male,Python,SQL Server,Azure,HTML/CSS/JS,Pandas,Leadership,95,74,92,81,5,0,0,Software Developer,95,Low
ECE2599,Akhil Joshi,ECE,Final Year,F,Female,C,MongoDB,Azure,FastAPI,NumPy,Leadership,57,53,59,50,0,2,2,Web Developer,54,High
AIML2600,Ishitha Yadav,AIML,Final Year,F,Male,Python,MySQL,None,FastAPI,Tableau,Leadership,72,70,88,84,5,6,3,Data Analyst,100,Low
AIML2601,Chaitanya Joshi,AIML,Final Year,G,Female,Python,Oracle,Google Cloud,React,Pandas,Teamwork,80,55,83,47,5,4,0,Cloud Engineer,87,Low
AIML2602,Chaitanya Kumar,AIML,Final Year,G,Female,Java,SQL Server,Azure,HTML/CSS/JS,Tableau,Communication,84,64,82,79,0,2,0,Business Analyst,67,Medium
AIML2603,Charan Singh,AIML,Final Year,F,Male,Java,MySQL,Azure,HTML/CSS/JS,Excel,Teamwork,59,70,50,70,3,6,0,Business Analyst,77,Low
AIML2604,Aarav Varma,AIML,Final Year,D,Male,JavaScript,Oracle,Azure,React,Tableau,Time Management,45,54,40,49,3,0,3,Data Analyst,61,Medium
CIVIL2605,Pranav Rao,CIVIL,Final Year,D,Female,JavaScript,PostgreSQL,AWS,FastAPI,NumPy,Teamwork,78,93,67,48,3,6,0,Cyber Security Analyst,84,Low
AIDS2606,Krishna Patel,AIDS,Final Year,B,Male,C++,SQL Server,AWS,FastAPI,Pandas,Problem Solving,58,94,57,71,2,3,1,Web Developer,73,Medium
CIVIL2607,Sneha Das,CIVIL,Final Year,F,Female,C,SQL Server,Azure,Django,Excel,Teamwork,37,46,56,79,5,4,0,Software Developer,75,Low
AIML2608,Aadhya Rao,AIML,Final Year,E,Male,Java,PostgreSQL,Google Cloud,FastAPI,NumPy,Teamwork,83,58,85,65,5,1,0,AI/ML Engineer,86,Low
CSE2609,Swathi Reddy,CSE,Final Year,B,Female,C++,MySQL,Google Cloud,React,Pandas,Teamwork,72,50,42,60,3,0,0,Cyber Security Analyst,62,Medium
CIVIL2610,Abhinav Patel,CIVIL,Final Year,F,Female,C,SQL Server,AWS,Node.js,Tableau,Communication,80,52,63,77,5,2,0,Software Developer,86,Low
CSE2611,Nandini Patel,CSE,Final Year,E,Male,JavaScript,Oracle,Azure,Node.js,Pandas,Communication,60,90,92,71,4,5,0,Web Developer,90,Low
CIVIL2612,Meghana Naidu,CIVIL,Final Year,B,Female,C,MongoDB,AWS,Node.js,Pandas,Leadership,70,48,60,53,3,1,1,Cloud Engineer,68,Medium
CSE2613,Tejaswi Sharma,CSE,Final Year,A,Male,JavaScript,PostgreSQL,Azure,Django,Excel,Teamwork,90,76,77,46,2,2,3,Cyber Security Analyst,82,Low
CSE2614,Sneha Rao,CSE,Final Year,F,Male,C++,MongoDB,Azure,HTML/CSS/JS,NumPy,Communication,52,79,90,92,5,4,3,Cyber Security Analyst,100,Low
MECH2615,Aarav Gupta,MECH,Final Year,B,Female,Python,Oracle,None,React,Pandas,Communication,71,72,67,95,3,1,0,Cyber Security Analyst,78,Low
AIDS2616,Charan Das,AIDS,Final Year,B,Female,JavaScript,Oracle,AWS,Node.js,Excel,Leadership,89,75,69,53,3,4,0,Web Developer,82,Low
CSE2617,Manoj Sharma,CSE,Final Year,G,Male,Python,SQL Server,Google Cloud,Django,Tableau,Problem Solving,59,44,58,63,1,0,1,Business Analyst,54,High
ECE2618,Sneha Gupta,ECE,Final Year,E,Female,C,SQL Server,None,FastAPI,Power BI,Leadership,85,83,95,91,4,2,3,Business Analyst,100,Low
MECH2619,Lakshmi Singh,MECH,Final Year,B,Female,C++,MySQL,AWS,HTML/CSS/JS,NumPy,Time Management,85,63,42,64,1,5,1,Software Developer,72,Medium
CSE2620,Amrutha Naidu,CSE,Final Year,C,Female,C++,PostgreSQL,None,React,Tableau,Teamwork,63,40,92,61,2,0,2,Cloud Engineer,67,Medium
MECH2621,Dhanush Joshi,MECH,Final Year,H,Male,C++,MongoDB,Azure,HTML/CSS/JS,Pandas,Time Management,53,81,58,51,0,5,0,Business Analyst,57,Medium
MECH2622,Naveen Naidu,MECH,Final Year,C,Female,JavaScript,Oracle,None,FastAPI,Power BI,Communication,73,47,86,70,1,3,1,AI/ML Engineer,70,Medium
ECE2623,Tejaswi Reddy,ECE,Final Year,D,Female,C,SQL Server,AWS,FastAPI,Tableau,Communication,54,62,51,89,2,0,1,Cyber Security Analyst,64,Medium
EEE2624,Akhil Sharma,EEE,Final Year,E,Male,C++,PostgreSQL,Google Cloud,Django,Tableau,Problem Solving,40,70,47,44,3,5,1,Business Analyst,66,Medium
CIVIL2625,Rahul Naidu,CIVIL,Final Year,A,Female,C++,MySQL,AWS,HTML/CSS/JS,Tableau,Teamwork,94,43,90,75,2,6,1,Business Analyst,88,Low
AIDS2626,Arjun Varma,AIDS,Final Year,D,Male,JavaScript,Oracle,AWS,HTML/CSS/JS,Tableau,Time Management,94,46,79,35,3,1,3,Software Developer,80,Low
MECH2627,Divya Sharma,MECH,Final Year,C,Female,Python,PostgreSQL,Azure,FastAPI,NumPy,Communication,81,85,50,44,3,3,1,Cyber Security Analyst,77,Low
ECE2628,Sneha Patel,ECE,Final Year,G,Female,C,SQL Server,None,FastAPI,Tableau,Problem Solving,91,74,56,93,4,6,0,AI/ML Engineer,97,Low
AIML2629,Manoj Yadav,AIML,Final Year,H,Male,C++,Oracle,Azure,HTML/CSS/JS,Tableau,Teamwork,73,74,47,85,0,1,3,Cyber Security Analyst,68,Medium
AIDS2630,Charan Kumar,AIDS,Final Year,D,Male,C,Oracle,Google Cloud,HTML/CSS/JS,Excel,Teamwork,49,60,76,62,3,5,1,Business Analyst,76,Low
AIDS2631,Chaitanya Reddy,AIDS,Final Year,F,Male,Python,PostgreSQL,AWS,FastAPI,Pandas,Time Management,35,56,50,54,0,1,1,Data Analyst,42,High
CSE2632,Shreya Sharma,CSE,Final Year,F,Male,Python,SQL Server,None,Django,NumPy,Communication,45,50,62,43,4,0,0,Business Analyst,59,Medium
IT2633,Akhil Naidu,IT,Final Year,B,Male,Python,MongoDB,Google Cloud,Node.js,NumPy,Problem Solving,69,93,41,58,3,1,2,Business Analyst,75,Low
AIDS2634,Charan Rao,AIDS,Final Year,E,Female,C,MySQL,None,Node.js,Power BI,Problem Solving,57,38,53,60,0,1,3,Web Developer,54,High
ECE2635,Anjali Reddy,ECE,Final Year,A,Female,Java,MongoDB,AWS,HTML/CSS/JS,Power BI,Problem Solving,76,41,95,85,1,2,0,Cyber Security Analyst,69,Medium
CSE2636,Sanjana Gupta,CSE,Final Year,H,Female,Python,MongoDB,None,HTML/CSS/JS,NumPy,Problem Solving,94,76,36,60,1,5,0,Software Developer,72,Medium
ECE2637,Swathi Rao,ECE,Final Year,B,Female,C,Oracle,None,FastAPI,Tableau,Communication,69,48,61,70,0,6,3,AI/ML Engineer,72,Medium
CSE2638,Aadhya Sharma,CSE,Final Year,A,Male,C,PostgreSQL,None,Node.js,Excel,Time Management,78,64,40,94,2,6,1,AI/ML Engineer,83,Low
CSE2639,Riya Naidu,CSE,Final Year,H,Male,Python,MongoDB,None,Node.js,Pandas,Communication,65,35,75,46,5,2,3,Cloud Engineer,83,Low
IT2640,Anjali Gupta,IT,Final Year,H,Male,Java,PostgreSQL,None,Node.js,NumPy,Communication,91,56,95,46,1,4,1,Data Analyst,75,Low
CIVIL2641,Divya Yadav,CIVIL,Final Year,B,Female,C++,MySQL,AWS,Django,NumPy,Leadership,70,78,95,89,2,3,2,Cloud Engineer,87,Low
MECH2642,Pooja Sharma,MECH,Final Year,G,Female,C++,Oracle,Google Cloud,FastAPI,NumPy,Communication,38,65,87,75,4,1,2,Business Analyst,77,Low
EEE2643,Abhinav Kumar,EEE,Final Year,H,Female,C,MongoDB,Google Cloud,Django,Excel,Teamwork,88,93,56,69,1,4,3,Cloud Engineer,85,Low
CSE2644,Meghana Gupta,CSE,Final Year,A,Female,JavaScript,Oracle,AWS,Node.js,Excel,Problem Solving,85,44,41,75,0,6,1,Business Analyst,68,Medium
EEE2645,Aadhya Reddy,EEE,Final Year,D,Male,Java,PostgreSQL,AWS,Django,Pandas,Time Management,61,51,36,42,0,0,2,Cyber Security Analyst,46,High
CIVIL2646,Nandini Varma,CIVIL,Final Year,D,Male,Java,MySQL,None,Node.js,Power BI,Problem Solving,38,78,71,48,0,3,2,Data Analyst,55,Medium
IT2647,Shreya Gupta,IT,Final Year,E,Female,C,MySQL,Google Cloud,React,NumPy,Leadership,47,41,35,39,3,0,3,Software Developer,57,Medium
AIML2648,Lakshmi Varma,AIML,Final Year,H,Male,C++,MySQL,Google Cloud,React,NumPy,Time Management,58,36,70,39,4,5,0,Software Developer,71,Medium
CIVIL2649,Ananya Sharma,CIVIL,Final Year,A,Male,Java,SQL Server,Azure,Django,NumPy,Teamwork,40,65,86,62,1,2,1,Cloud Engineer,59,Medium
ECE2650,Bhavana Sharma,ECE,Final Year,F,Female,JavaScript,SQL Server,None,React,Excel,Problem Solving,61,55,82,62,0,1,2,AI/ML Engineer,59,Medium
AIML2651,Varun Singh,AIML,Final Year,H,Female,C,MongoDB,AWS,Django,NumPy,Communication,58,65,40,66,2,1,1,Data Analyst,61,Medium
ECE2652,Venkatesh Das,ECE,Final Year,D,Male,C,MySQL,Google Cloud,HTML/CSS/JS,Pandas,Time Management,74,80,93,89,4,4,0,Cyber Security Analyst,94,Low
AIML2653,Keerthi Varma,AIML,Final Year,H,Male,Python,MongoDB,AWS,React,Excel,Teamwork,45,81,51,42,1,2,2,Cloud Engineer,57,Medium
IT2654,Krishna Patel,IT,Final Year,F,Male,Java,SQL Server,AWS,FastAPI,Tableau,Communication,71,92,94,35,5,3,3,AI/ML Engineer,96,Low
CIVIL2655,Aadhya Varma,CIVIL,Final Year,B,Male,C,MySQL,Azure,Django,Excel,Communication,76,85,40,94,3,3,0,Cyber Security Analyst,81,Low
CSE2656,Bhavana Kumar,CSE,Final Year,D,Female,Python,MySQL,Azure,FastAPI,Power BI,Time Management,49,89,40,77,4,5,0,Cyber Security Analyst,79,Low
AIML2657,Anjali Varma,AIML,Final Year,A,Female,JavaScript,SQL Server,Google Cloud,FastAPI,Tableau,Communication,36,39,71,39,5,6,2,Cloud Engineer,78,Low
ECE2658,Ananya Patel,ECE,Final Year,H,Female,C++,MySQL,AWS,FastAPI,Tableau,Leadership,52,83,79,46,2,5,0,Business Analyst,69,Medium
MECH2659,Anjali Joshi,MECH,Final Year,B,Male,C,SQL Server,Azure,Django,NumPy,Leadership,43,49,95,88,0,5,3,Cloud Engineer,71,Medium
AIDS2660,Arjun Sharma,AIDS,Final Year,E,Female,JavaScript,MongoDB,None,React,Power BI,Time Management,86,95,95,73,2,0,2,AI/ML Engineer,85,Low
AIDS2661,Ishitha Gupta,AIDS,Final Year,F,Male,C++,PostgreSQL,AWS,FastAPI,Tableau,Problem Solving,51,55,47,83,1,0,3,Business Analyst,61,Medium
AIDS2662,Pooja Joshi,AIDS,Final Year,D,Male,Python,MongoDB,Google Cloud,React,Excel,Leadership,65,94,76,41,1,5,2,Web Developer,74,Medium
CSE2663,Ananya Das,CSE,Final Year,D,Male,C,Oracle,AWS,FastAPI,NumPy,Problem Solving,71,88,78,82,2,3,3,Software Developer,88,Low
MECH2664,Sowmya Yadav,MECH,Final Year,H,Male,Python,MongoDB,Google Cloud,Django,Pandas,Teamwork,88,66,50,50,2,5,1,Cloud Engineer,77,Low
AIDS2665,Srikanth Joshi,AIDS,Final Year,H,Female,JavaScript,SQL Server,AWS,React,Pandas,Time Management,84,58,44,88,2,6,1,Software Developer,83,Low
CSE2666,Sanjana Joshi,CSE,Final Year,H,Female,C++,MySQL,Azure,FastAPI,Excel,Communication,93,82,42,68,2,4,3,AI/ML Engineer,87,Low
CSE2667,Sanjana Rao,CSE,Final Year,B,Female,JavaScript,MongoDB,Azure,HTML/CSS/JS,Excel,Teamwork,81,85,77,95,2,0,2,Cyber Security Analyst,84,Low
AIML2668,Akash Varma,AIML,Final Year,B,Male,Java,SQL Server,None,HTML/CSS/JS,Excel,Problem Solving,95,48,82,91,4,4,1,Cloud Engineer,97,Low
CIVIL2669,Riya Sharma,CIVIL,Final Year,B,Male,C++,MySQL,None,Node.js,Pandas,Time Management,76,92,92,74,0,4,0,Cyber Security Analyst,73,Medium
ECE2670,Charan Naidu,ECE,Final Year,G,Female,Python,SQL Server,Google Cloud,HTML/CSS/JS,Power BI,Time Management,44,84,87,91,1,1,1,Software Developer,67,Medium
AIML2671,Priya Joshi,AIML,Final Year,B,Female,Java,MongoDB,AWS,Node.js,NumPy,Teamwork,95,83,92,62,0,3,1,Web Developer,76,Low
IT2672,Harsha Rao,IT,Final Year,B,Female,Java,MongoDB,Azure,FastAPI,Pandas,Leadership,44,47,55,76,3,1,3,Business Analyst,70,Medium
ECE2673,Riya Singh,ECE,Final Year,B,Female,Python,Oracle,Google Cloud,Node.js,Excel,Problem Solving,73,50,92,65,2,0,2,Web Developer,72,Medium
ECE2674,Sanjana Naidu,ECE,Final Year,F,Female,C++,MySQL,Google Cloud,HTML/CSS/JS,Power BI,Teamwork,49,95,90,92,5,6,0,Business Analyst,98,Low
AIML2675,Rohit Joshi,AIML,Final Year,B,Female,JavaScript,Oracle,Azure,FastAPI,Tableau,Leadership,66,48,64,72,2,3,1,Data Analyst,70,Medium
IT2676,Deepika Kumar,IT,Final Year,B,Male,Java,Oracle,Azure,React,Power BI,Teamwork,41,41,77,91,5,0,1,Web Developer,76,Low
AIML2677,Deepika Rao,AIML,Final Year,C,Male,C++,PostgreSQL,Google Cloud,React,Power BI,Teamwork,60,71,52,68,2,5,0,Data Analyst,70,Medium
EEE2678,Sanjay Reddy,EEE,Final Year,D,Female,Java,MySQL,None,Node.js,NumPy,Teamwork,91,80,90,86,3,0,2,Data Analyst,91,Low
CSE2679,Nandini Yadav,CSE,Final Year,A,Male,JavaScript,MongoDB,None,HTML/CSS/JS,Power BI,Problem Solving,74,45,42,49,0,3,1,Data Analyst,54,High
EEE2680,Shreya Das,EEE,Final Year,D,Male,C,MySQL,Google Cloud,React,NumPy,Leadership,39,94,63,88,4,2,2,Web Developer,83,Low
EEE2681,Ishitha Varma,EEE,Final Year,C,Female,C,MongoDB,None,Node.js,NumPy,Communication,41,49,85,48,3,0,2,AI/ML Engineer,63,Medium
CIVIL2682,Deepika Patel,CIVIL,Final Year,B,Male,C++,MongoDB,AWS,FastAPI,Pandas,Communication,35,55,93,49,2,2,1,Business Analyst,60,Medium
CSE2683,Sanjay Das,CSE,Final Year,C,Female,JavaScript,PostgreSQL,Azure,HTML/CSS/JS,Tableau,Communication,86,94,43,81,4,2,3,Cyber Security Analyst,96,Low
AIML2684,Aadhya Varma,AIML,Final Year,G,Female,C++,PostgreSQL,None,React,Tableau,Problem Solving,84,53,41,55,1,1,0,Cyber Security Analyst,57,Medium
AIML2685,Sanjay Naidu,AIML,Final Year,F,Male,Python,SQL Server,Azure,Node.js,Excel,Communication,71,85,39,80,3,5,0,Software Developer,81,Low
CSE2686,Aarav Sharma,CSE,Final Year,H,Male,JavaScript,PostgreSQL,None,Node.js,Excel,Leadership,51,78,38,49,3,3,0,Cyber Security Analyst,64,Medium
CSE2687,Amrutha Varma,CSE,Final Year,C,Female,C,MySQL,Azure,React,Excel,Teamwork,93,58,68,43,0,3,1,Business Analyst,64,Medium
AIML2688,Pooja Naidu,AIML,Final Year,C,Male,C++,PostgreSQL,Google Cloud,FastAPI,NumPy,Teamwork,94,65,50,44,2,6,2,Software Developer,82,Low
CIVIL2689,Manoj Singh,CIVIL,Final Year,A,Male,Java,SQL Server,None,HTML/CSS/JS,Excel,Leadership,36,87,63,45,5,5,0,AI/ML Engineer,77,Low
CIVIL2690,Pooja Naidu,CIVIL,Final Year,H,Male,C++,MySQL,AWS,HTML/CSS/JS,NumPy,Problem Solving,69,90,86,95,5,2,2,Cloud Engineer,100,Low
AIML2691,Rahul Patel,AIML,Final Year,A,Male,C++,MongoDB,Azure,React,Tableau,Teamwork,38,94,75,58,0,2,2,Cyber Security Analyst,58,Medium
CSE2692,Sneha Reddy,CSE,Final Year,E,Male,Python,SQL Server,None,Django,NumPy,Time Management,78,50,37,94,0,0,1,Cloud Engineer,58,Medium
CIVIL2693,Rohit Patel,CIVIL,Final Year,A,Male,JavaScript,MySQL,None,FastAPI,Excel,Time Management,39,88,51,85,2,3,2,Cloud Engineer,72,Medium
CSE2694,Deepika Patel,CSE,Final Year,H,Female,Python,MongoDB,AWS,React,Tableau,Problem Solving,51,89,57,51,4,3,3,AI/ML Engineer,82,Low
ECE2695,Pranav Varma,ECE,Final Year,A,Male,C++,SQL Server,AWS,Django,NumPy,Time Management,73,44,90,53,3,3,1,Cloud Engineer,77,Low
EEE2696,Charan Yadav,EEE,Final Year,F,Male,JavaScript,MySQL,None,HTML/CSS/JS,Tableau,Communication,40,67,42,45,5,0,3,Cloud Engineer,71,Medium
IT2697,Rakesh Patel,IT,Final Year,B,Female,C++,Oracle,Google Cloud,HTML/CSS/JS,Excel,Teamwork,50,41,56,95,0,3,0,Business Analyst,55,Medium
MECH2698,Sanjay Singh,MECH,Final Year,G,Female,C,SQL Server,None,Node.js,Excel,Communication,79,92,49,84,1,5,1,Software Developer,80,Low
CSE2699,Meghana Yadav,CSE,Final Year,C,Female,Java,MongoDB,Google Cloud,FastAPI,Excel,Problem Solving,67,51,93,53,2,3,3,Cloud Engineer,77,Low
MECH2700,Anjali Patel,MECH,Final Year,E,Female,Python,Oracle,Azure,Node.js,NumPy,Communication,90,40,89,86,1,6,3,Web Developer,90,Low
ECE2701,Sanjana Yadav,ECE,Final Year,E,Female,JavaScript,SQL Server,Google Cloud,HTML/CSS/JS,Excel,Teamwork,93,88,54,68,4,2,0,Software Developer,87,Low
CIVIL2702,Aadhya Yadav,CIVIL,Final Year,H,Male,JavaScript,MongoDB,None,Node.js,NumPy,Leadership,76,82,53,70,5,6,3,AI/ML Engineer,100,Low
AIML2703,Arjun Naidu,AIML,Final Year,B,Male,C,SQL Server,None,Django,NumPy,Problem Solving,94,48,63,68,0,2,1,Cloud Engineer,65,Medium
AIML2704,Naveen Kumar,AIML,Final Year,B,Male,Python,SQL Server,Azure,HTML/CSS/JS,NumPy,Problem Solving,54,63,62,86,3,3,3,Web Developer,82,Low
EEE2705,Sanjay Singh,EEE,Final Year,A,Female,C++,PostgreSQL,None,Django,Power BI,Teamwork,71,77,76,74,1,0,3,Cyber Security Analyst,73,Medium
AIDS2706,Abhinav Yadav,AIDS,Final Year,E,Female,C,MongoDB,AWS,React,Tableau,Problem Solving,81,85,48,85,5,4,3,Cyber Security Analyst,100,Low
AIML2707,Aadhya Joshi,AIML,Final Year,B,Female,C,SQL Server,AWS,Django,Excel,Teamwork,86,63,89,89,3,0,1,Cloud Engineer,84,Low
CIVIL2708,Sneha Sharma,CIVIL,Final Year,H,Female,C++,MongoDB,Google Cloud,React,NumPy,Time Management,91,69,55,64,2,1,2,Cyber Security Analyst,77,Low
MECH2709,Lakshmi Joshi,MECH,Final Year,E,Male,JavaScript,MongoDB,Google Cloud,Django,Tableau,Problem Solving,59,95,88,95,5,3,1,Data Analyst,98,Low
CSE2710,Nandini Gupta,CSE,Final Year,F,Female,C++,MySQL,Google Cloud,Node.js,Excel,Problem Solving,45,65,94,81,3,1,1,Cyber Security Analyst,74,Medium
CSE2711,Sneha Rao,CSE,Final Year,H,Female,JavaScript,Oracle,Google Cloud,Node.js,Pandas,Problem Solving,36,50,61,94,3,6,0,Business Analyst,73,Medium
MECH2712,Amrutha Varma,MECH,Final Year,F,Male,C++,Oracle,Azure,HTML/CSS/JS,Tableau,Leadership,79,58,37,38,3,4,3,Business Analyst,78,Low
AIML2713,Chaitanya Yadav,AIML,Final Year,G,Female,C,SQL Server,Google Cloud,Node.js,Tableau,Problem Solving,41,61,53,71,0,4,0,Cyber Security Analyst,52,High
CSE2714,Rahul Das,CSE,Final Year,A,Female,C,PostgreSQL,Google Cloud,HTML/CSS/JS,Power BI,Teamwork,37,41,59,73,0,2,3,AI/ML Engineer,54,High
ECE2715,Deepika Singh,ECE,Final Year,E,Male,Java,MySQL,None,React,Excel,Time Management,39,47,48,83,5,2,0,Data Analyst,72,Medium
ECE2716,Siva Reddy,ECE,Final Year,B,Male,C,Oracle,Azure,Django,NumPy,Teamwork,41,70,35,40,5,3,2,AI/ML Engineer,73,Medium
MECH2717,Manoj Gupta,MECH,Final Year,F,Male,C,MongoDB,AWS,Node.js,Excel,Communication,69,44,70,64,4,0,2,Cyber Security Analyst,77,Low
IT2718,Sanjay Patel,IT,Final Year,C,Male,Java,MySQL,Azure,Node.js,NumPy,Communication,58,73,95,59,3,5,3,Web Developer,88,Low
MECH2719,Venkatesh Singh,MECH,Final Year,D,Female,Java,Oracle,Azure,FastAPI,Tableau,Teamwork,91,45,68,67,2,3,1,Cyber Security Analyst,77,Low
CIVIL2720,Akash Varma,CIVIL,Final Year,C,Female,Python,PostgreSQL,AWS,Node.js,Pandas,Problem Solving,85,43,78,85,0,3,1,Business Analyst,70,Medium
CSE2721,Tejaswi Das,CSE,Final Year,D,Female,C++,MongoDB,Azure,Node.js,Pandas,Problem Solving,74,73,44,52,5,5,2,Web Developer,91,Low
ECE2722,Shreya Reddy,ECE,Final Year,C,Female,C,Oracle,None,FastAPI,NumPy,Leadership,81,67,91,77,4,4,2,Business Analyst,97,Low
AIML2723,Aadhya Singh,AIML,Final Year,G,Male,Java,Oracle,None,FastAPI,Tableau,Problem Solving,85,69,59,93,4,0,0,Cloud Engineer,83,Low
AIDS2724,Aadhya Patel,AIDS,Final Year,A,Female,JavaScript,SQL Server,Google Cloud,Node.js,Tableau,Communication,82,55,66,49,0,5,0,Data Analyst,63,Medium
IT2725,Aditya Rao,IT,Final Year,G,Female,Python,SQL Server,AWS,HTML/CSS/JS,Excel,Leadership,73,84,86,52,1,6,1,Cyber Security Analyst,78,Low
AIML2726,Deepika Reddy,AIML,Final Year,B,Male,JavaScript,MySQL,Google Cloud,HTML/CSS/JS,Pandas,Leadership,86,57,55,36,0,4,1,Cloud Engineer,61,Medium
IT2727,Abhinav Joshi,IT,Final Year,B,Female,C++,Oracle,Google Cloud,Django,Pandas,Problem Solving,88,49,91,40,1,3,0,Web Developer,66,Medium
MECH2728,Varun Joshi,MECH,Final Year,H,Male,JavaScript,PostgreSQL,AWS,FastAPI,Tableau,Problem Solving,95,36,86,66,1,0,1,Software Developer,68,Medium
AIML2729,Bhavana Reddy,AIML,Final Year,C,Male,Java,PostgreSQL,None,React,Excel,Communication,41,77,91,95,2,4,1,Cyber Security Analyst,78,Low
MECH2730,Aditya Rao,MECH,Final Year,F,Male,Python,MySQL,None,React,Power BI,Time Management,59,56,52,89,5,4,3,Cyber Security Analyst,94,Low
MECH2731,Lakshmi Kumar,MECH,Final Year,B,Female,Java,MongoDB,AWS,Django,Pandas,Communication,39,88,70,80,0,6,0,Cloud Engineer,63,Medium
EEE2732,Tejaswi Patel,EEE,Final Year,H,Female,Python,MySQL,Google Cloud,HTML/CSS/JS,Pandas,Communication,88,44,65,60,4,6,1,Business Analyst,90,Low
AIDS2733,Charan Patel,AIDS,Final Year,G,Female,C,MySQL,Google Cloud,Django,NumPy,Teamwork,59,44,55,65,2,0,2,Data Analyst,62,Medium
CSE2734,Rohit Rao,CSE,Final Year,H,Female,C,Oracle,Google Cloud,HTML/CSS/JS,Pandas,Communication,84,81,83,66,2,6,2,Software Developer,91,Low
IT2735,Rakesh Kumar,IT,Final Year,C,Female,Python,MongoDB,AWS,FastAPI,Excel,Teamwork,70,36,95,39,4,3,2,Cloud Engineer,80,Low
AIML2736,Harsha Rao,AIML,Final Year,G,Female,JavaScript,SQL Server,Google Cloud,React,Tableau,Teamwork,81,53,40,92,2,2,1,AI/ML Engineer,74,Medium
CSE2737,Charan Varma,CSE,Final Year,E,Female,JavaScript,Oracle,AWS,Django,Excel,Communication,56,87,42,49,3,5,3,Business Analyst,80,Low
CSE2738,Nandini Yadav,CSE,Final Year,B,Female,C++,PostgreSQL,Google Cloud,React,Pandas,Time Management,77,67,42,53,1,6,0,Cyber Security Analyst,67,Medium
CSE2739,Neha Joshi,CSE,Final Year,B,Male,Python,SQL Server,AWS,Django,Power BI,Problem Solving,58,71,65,44,5,1,3,Cyber Security Analyst,83,Low
CIVIL2740,Ananya Joshi,CIVIL,Final Year,A,Male,C++,MySQL,None,React,Tableau,Communication,36,85,66,62,0,0,3,Cloud Engineer,55,Medium
AIML2741,Rahul Kumar,AIML,Final Year,G,Female,C,Oracle,Google Cloud,Node.js,NumPy,Teamwork,58,58,64,62,0,4,3,Cyber Security Analyst,65,Medium
AIML2742,Sanjay Rao,AIML,Final Year,B,Female,Java,MySQL,Azure,Node.js,NumPy,Leadership,54,72,90,42,2,1,0,Web Developer,61,Medium
ECE2743,Swathi Gupta,ECE,Final Year,B,Male,C,PostgreSQL,Google Cloud,HTML/CSS/JS,Pandas,Time Management,49,47,62,88,3,2,0,AI/ML Engineer,68,Medium
CSE2744,Srikanth Rao,CSE,Final Year,F,Female,C++,Oracle,Google Cloud,Django,Pandas,Problem Solving,72,82,89,69,4,0,0,Data Analyst,81,Low
ECE2745,Srikanth Kumar,ECE,Final Year,B,Female,Python,Oracle,Azure,FastAPI,Excel,Communication,90,70,69,37,1,2,3,Business Analyst,73,Medium
ECE2746,Ananya Varma,ECE,Final Year,H,Female,Python,SQL Server,Azure,FastAPI,Excel,Leadership,92,58,94,56,4,2,0,Cloud Engineer,86,Low
IT2747,Aditya Rao,IT,Final Year,F,Male,C,SQL Server,Azure,HTML/CSS/JS,Pandas,Teamwork,69,90,60,94,5,1,3,Business Analyst,98,Low
AIDS2748,Sai Kumar,AIDS,Final Year,G,Female,JavaScript,SQL Server,Azure,Node.js,Excel,Time Management,44,46,55,90,2,2,0,Business Analyst,60,Medium
CSE2749,Aditya Kumar,CSE,Final Year,A,Female,JavaScript,SQL Server,None,Node.js,NumPy,Problem Solving,93,41,87,88,4,1,2,Software Developer,93,Low
AIDS2750,Aarav Patel,AIDS,Final Year,G,Male,C++,Oracle,Google Cloud,HTML/CSS/JS,Tableau,Leadership,89,80,83,86,4,1,0,Business Analyst,90,Low
EEE2751,Meghana Gupta,EEE,Final Year,A,Female,C++,SQL Server,AWS,HTML/CSS/JS,NumPy,Problem Solving,91,37,59,52,4,6,1,Cyber Security Analyst,87,Low
MECH2752,Priya Varma,MECH,Final Year,E,Female,C,Oracle,AWS,Django,NumPy,Leadership,38,51,65,35,1,3,0,Data Analyst,47,High
IT2753,Rahul Sharma,IT,Final Year,A,Female,Java,MySQL,AWS,Django,Excel,Communication,92,74,69,94,2,3,2,Cloud Engineer,90,Low
ECE2754,Krishna Sharma,ECE,Final Year,C,Male,C,MongoDB,AWS,FastAPI,Power BI,Time Management,45,67,55,85,0,3,1,Cloud Engineer,58,Medium
CIVIL2755,Akhil Reddy,CIVIL,Final Year,H,Female,Java,Oracle,Google Cloud,React,Tableau,Teamwork,92,38,42,47,2,1,2,Cyber Security Analyst,67,Medium
CIVIL2756,Akhil Patel,CIVIL,Final Year,B,Male,Python,MongoDB,AWS,Node.js,NumPy,Communication,91,68,75,52,0,4,0,Cloud Engineer,67,Medium
CSE2757,Arjun Singh,CSE,Final Year,G,Male,Python,SQL Server,Google Cloud,React,Tableau,Teamwork,39,56,62,72,4,6,1,Data Analyst,79,Low
AIDS2758,Meghana Rao,AIDS,Final Year,D,Male,JavaScript,Oracle,Google Cloud,FastAPI,Power BI,Time Management,64,88,74,47,0,4,1,Web Developer,64,Medium
AIDS2759,Siva Patel,AIDS,Final Year,B,Male,Python,MongoDB,None,Node.js,Pandas,Communication,63,40,44,54,0,1,3,Data Analyst,53,High
CIVIL2760,Swathi Joshi,CIVIL,Final Year,D,Male,JavaScript,MySQL,Azure,FastAPI,Pandas,Time Management,53,90,47,62,2,1,3,Cloud Engineer,70,Medium
MECH2761,Karthik Varma,MECH,Final Year,D,Male,C++,Oracle,Google Cloud,Django,Pandas,Time Management,83,42,58,37,4,4,2,Software Developer,81,Low
AIML2762,Deepika Sharma,AIML,Final Year,D,Male,JavaScript,Oracle,None,FastAPI,Power BI,Leadership,78,83,37,43,1,0,2,Data Analyst,61,Medium
IT2763,Aarav Kumar,IT,Final Year,E,Male,JavaScript,SQL Server,AWS,Node.js,Tableau,Communication,74,81,80,77,1,3,0,Cloud Engineer,73,Medium
AIDS2764,Rahul Joshi,AIDS,Final Year,G,Female,C,SQL Server,Google Cloud,FastAPI,Excel,Problem Solving,76,44,59,37,5,1,3,Cloud Engineer,82,Low
EEE2765,Chaitanya Kumar,EEE,Final Year,H,Male,C,Oracle,AWS,Django,Power BI,Problem Solving,47,68,38,88,4,6,1,Data Analyst,83,Low
IT2766,Amrutha Kumar,IT,Final Year,G,Male,JavaScript,Oracle,Azure,Django,Pandas,Problem Solving,38,75,78,64,2,0,3,Data Analyst,66,Medium
AIDS2767,Naveen Das,AIDS,Final Year,B,Male,C,Oracle,Azure,HTML/CSS/JS,Excel,Problem Solving,69,95,71,59,0,0,3,Business Analyst,66,Medium
AIML2768,Sahithi Reddy,AIML,Final Year,H,Male,JavaScript,MySQL,Google Cloud,Node.js,Tableau,Leadership,69,78,52,59,2,4,0,Cyber Security Analyst,70,Medium
ECE2769,Sai Joshi,ECE,Final Year,A,Female,C++,MySQL,None,HTML/CSS/JS,Pandas,Communication,48,42,37,70,0,4,1,Cloud Engineer,51,High
MECH2770,Harsha Varma,MECH,Final Year,F,Female,C++,Oracle,None,HTML/CSS/JS,NumPy,Communication,95,87,86,95,2,4,1,Data Analyst,94,Low
AIML2771,Venkatesh Varma,AIML,Final Year,E,Male,Java,SQL Server,AWS,Node.js,Excel,Leadership,39,77,67,79,0,3,3,Web Developer,64,Medium
CIVIL2772,Rohit Rao,CIVIL,Final Year,F,Male,JavaScript,Oracle,None,Django,Power BI,Communication,68,66,81,70,0,6,1,Cyber Security Analyst,71,Medium
AIML2773,Sahithi Yadav,AIML,Final Year,B,Male,Python,PostgreSQL,None,HTML/CSS/JS,NumPy,Problem Solving,36,53,92,40,2,6,2,Cyber Security Analyst,69,Medium
AIML2774,Harsha Sharma,AIML,Final Year,D,Male,Java,MySQL,Google Cloud,Node.js,Excel,Problem Solving,77,56,59,43,2,3,2,Web Developer,71,Medium
AIML2775,Rohit Patel,AIML,Final Year,A,Female,JavaScript,PostgreSQL,None,Node.js,Excel,Teamwork,76,90,74,65,3,3,1,Software Developer,84,Low
MECH2776,Srikanth Naidu,MECH,Final Year,G,Female,C,MongoDB,AWS,React,Tableau,Problem Solving,63,53,61,59,1,0,3,AI/ML Engineer,62,Medium
ECE2777,Shreya Kumar,ECE,Final Year,H,Male,C++,MongoDB,Google Cloud,Node.js,Tableau,Teamwork,70,85,62,60,3,1,1,AI/ML Engineer,75,Low
ECE2778,Varun Sharma,ECE,Final Year,G,Male,C,SQL Server,Google Cloud,React,Pandas,Communication,41,55,84,51,0,1,1,Cyber Security Analyst,48,High
EEE2779,Riya Joshi,EEE,Final Year,G,Male,JavaScript,PostgreSQL,Azure,HTML/CSS/JS,NumPy,Time Management,59,43,44,57,5,2,3,Web Developer,80,Low
AIDS2780,Rakesh Yadav,AIDS,Final Year,B,Female,C,MySQL,AWS,Node.js,Tableau,Problem Solving,58,66,52,76,4,0,2,Data Analyst,76,Low
ECE2781,Pooja Varma,ECE,Final Year,E,Female,C,PostgreSQL,None,Node.js,Tableau,Communication,76,60,37,38,5,0,1,Business Analyst,73,Medium
CSE2782,Naveen Naidu,CSE,Final Year,F,Female,JavaScript,SQL Server,AWS,Django,NumPy,Communication,71,93,89,40,0,0,0,Cyber Security Analyst,57,Medium
CIVIL2783,Keerthi Yadav,CIVIL,Final Year,C,Male,C++,PostgreSQL,AWS,React,Excel,Problem Solving,91,68,90,52,3,1,3,Web Developer,87,Low
CIVIL2784,Chaitanya Rao,CIVIL,Final Year,B,Female,Java,PostgreSQL,Google Cloud,HTML/CSS/JS,NumPy,Time Management,94,92,64,78,1,0,3,Business Analyst,81,Low
AIDS2785,Ananya Singh,AIDS,Final Year,B,Male,C++,SQL Server,AWS,React,Pandas,Communication,75,69,78,77,3,6,0,Business Analyst,87,Low
MECH2786,Keerthi Gupta,MECH,Final Year,E,Female,Python,PostgreSQL,Google Cloud,React,Excel,Problem Solving,52,46,44,64,3,6,2,Data Analyst,75,Low
CIVIL2787,Akhil Varma,CIVIL,Final Year,A,Male,Java,SQL Server,Google Cloud,React,Tableau,Leadership,53,66,91,66,5,6,2,Software Developer,96,Low
CIVIL2788,Charan Kumar,CIVIL,Final Year,E,Male,JavaScript,MongoDB,Azure,HTML/CSS/JS,NumPy,Problem Solving,56,57,73,75,4,3,2,AI/ML Engineer,83,Low
CIVIL2789,Divya Yadav,CIVIL,Final Year,C,Female,C++,PostgreSQL,Azure,Node.js,Excel,Communication,60,94,95,52,5,1,0,Web Developer,84,Low
AIML2790,Tejaswi Yadav,AIML,Final Year,E,Male,C++,MongoDB,Google Cloud,Node.js,Power BI,Leadership,72,79,54,57,5,3,3,Cyber Security Analyst,93,Low
MECH2791,Karthik Reddy,MECH,Final Year,A,Female,C,SQL Server,Azure,Django,Pandas,Teamwork,93,74,65,44,5,6,1,Web Developer,98,Low
AIML2792,Sanjana Sharma,AIML,Final Year,B,Female,Python,MySQL,AWS,HTML/CSS/JS,NumPy,Problem Solving,70,53,53,46,4,4,1,AI/ML Engineer,77,Low
MECH2793,Charan Patel,MECH,Final Year,B,Male,Java,MySQL,Azure,HTML/CSS/JS,Power BI,Problem Solving,57,67,57,73,3,6,0,Business Analyst,77,Low
CIVIL2794,Arjun Sharma,CIVIL,Final Year,E,Male,C++,SQL Server,AWS,Django,NumPy,Teamwork,49,51,78,57,3,2,0,Web Developer,64,Medium
MECH2795,Lakshmi Gupta,MECH,Final Year,E,Male,C++,MySQL,None,React,NumPy,Communication,61,89,76,48,0,5,1,AI/ML Engineer,66,Medium
CIVIL2796,Rohit Rao,CIVIL,Final Year,B,Male,C,Oracle,Google Cloud,Django,NumPy,Communication,82,65,48,79,5,6,0,Data Analyst,94,Low
IT2797,Priya Yadav,IT,Final Year,H,Male,Java,SQL Server,Google Cloud,Node.js,Excel,Time Management,40,55,51,51,3,4,1,Business Analyst,64,Medium
AIML2798,Nandini Yadav,AIML,Final Year,D,Male,Python,MongoDB,AWS,FastAPI,Excel,Time Management,58,95,76,81,0,5,3,Data Analyst,78,Low
AIML2799,Rakesh Kumar,AIML,Final Year,H,Male,C,PostgreSQL,Google Cloud,Node.js,Power BI,Problem Solving,56,63,44,35,3,4,0,Cloud Engineer,63,Medium
AIML2800,Chaitanya Varma,AIML,Final Year,B,Female,JavaScript,Oracle,None,FastAPI,Tableau,Leadership,79,76,47,74,4,4,3,Business Analyst,94,Low
CIVIL2801,Bhavana Varma,CIVIL,Final Year,C,Male,C++,MongoDB,AWS,HTML/CSS/JS,NumPy,Leadership,67,93,58,63,5,4,1,AI/ML Engineer,91,Low
IT2802,Meghana Yadav,IT,Final Year,F,Male,C,MongoDB,AWS,Django,NumPy,Time Management,55,45,65,94,2,3,3,Software Developer,77,Low
EEE2803,Nandini Reddy,EEE,Final Year,G,Male,Java,MySQL,None,HTML/CSS/JS,Power BI,Communication,85,77,48,76,2,6,3,Cloud Engineer,90,Low
AIML2804,Srikanth Gupta,AIML,Final Year,F,Female,C,MongoDB,AWS,Node.js,Excel,Communication,86,36,85,37,1,3,3,Cloud Engineer,71,Medium
CSE2805,Amrutha Gupta,CSE,Final Year,A,Female,Python,MongoDB,AWS,Node.js,Tableau,Leadership,67,92,76,38,5,6,3,Data Analyst,99,Low
EEE2806,Swathi Varma,EEE,Final Year,C,Male,C,SQL Server,Azure,Node.js,NumPy,Problem Solving,75,71,93,87,5,1,3,Cloud Engineer,100,Low
AIDS2807,Deepika Das,AIDS,Final Year,H,Male,JavaScript,Oracle,None,Django,Power BI,Communication,39,82,91,57,1,5,2,Business Analyst,70,Medium
CSE2808,Ananya Gupta,CSE,Final Year,G,Female,C,MongoDB,None,HTML/CSS/JS,Power BI,Communication,54,90,76,54,2,5,2,Business Analyst,78,Low
CIVIL2809,Rakesh Singh,CIVIL,Final Year,B,Female,JavaScript,SQL Server,Azure,Django,Power BI,Time Management,52,35,71,95,5,6,1,Business Analyst,90,Low
AIML2810,Sowmya Reddy,AIML,Final Year,A,Male,Java,SQL Server,Google Cloud,React,Pandas,Communication,55,78,42,92,4,1,2,Software Developer,81,Low
IT2811,Pooja Reddy,IT,Final Year,G,Female,JavaScript,SQL Server,None,Node.js,Excel,Problem Solving,57,72,41,52,2,6,2,Cyber Security Analyst,72,Medium
AIML2812,Sowmya Naidu,AIML,Final Year,F,Female,C,MySQL,AWS,Django,Excel,Teamwork,50,52,35,84,0,0,1,Cyber Security Analyst,48,High
AIDS2813,Keerthi Reddy,AIDS,Final Year,A,Female,C++,SQL Server,Google Cloud,FastAPI,Pandas,Teamwork,82,64,91,47,5,1,3,Cyber Security Analyst,93,Low
CSE2814,Tejaswi Rao,CSE,Final Year,B,Female,C,Oracle,Google Cloud,HTML/CSS/JS,Excel,Leadership,50,50,38,74,2,6,3,Business Analyst,74,Medium
AIML2815,Deepika Patel,AIML,Final Year,C,Male,Python,SQL Server,AWS,FastAPI,Tableau,Leadership,89,88,92,64,1,6,0,Cloud Engineer,84,Low
AIML2816,Aditya Singh,AIML,Final Year,B,Male,JavaScript,MySQL,None,Node.js,NumPy,Leadership,38,94,71,86,5,3,0,Cloud Engineer,84,Low
AIDS2817,Ananya Reddy,AIDS,Final Year,H,Female,C,MySQL,None,HTML/CSS/JS,Excel,Leadership,62,89,90,64,0,2,0,Cloud Engineer,62,Medium
AIML2818,Aditya Das,AIML,Final Year,H,Female,JavaScript,SQL Server,Azure,React,NumPy,Time Management,53,61,63,37,4,4,3,Web Developer,79,Low
AIDS2819,Rahul Singh,AIDS,Final Year,C,Female,Python,PostgreSQL,Azure,HTML/CSS/JS,NumPy,Leadership,36,67,77,83,3,4,2,Web Developer,78,Low
EEE2820,Dhanush Kumar,EEE,Final Year,A,Female,C,MongoDB,None,HTML/CSS/JS,Pandas,Time Management,78,62,46,63,2,4,1,Web Developer,73,Medium
IT2821,Arjun Joshi,IT,Final Year,B,Male,C++,MongoDB,None,Django,NumPy,Teamwork,36,42,86,47,1,3,3,Business Analyst,59,Medium
CIVIL2822,Shreya Yadav,CIVIL,Final Year,B,Male,C,SQL Server,AWS,Django,Excel,Time Management,45,93,69,46,2,6,3,Cloud Engineer,78,Low
AIML2823,Sanjana Varma,AIML,Final Year,D,Female,Python,SQL Server,Google Cloud,React,NumPy,Teamwork,77,75,45,77,1,5,0,Cloud Engineer,72,Medium
IT2824,Ishitha Singh,IT,Final Year,A,Female,Java,MySQL,AWS,Django,Excel,Time Management,81,39,80,50,3,6,0,Software Developer,79,Low
AIDS2825,Rakesh Das,AIDS,Final Year,B,Male,C++,MongoDB,Google Cloud,React,Tableau,Time Management,39,56,41,73,1,4,2,Data Analyst,60,Medium
ECE2826,Karthik Patel,ECE,Final Year,B,Female,C,Oracle,AWS,React,NumPy,Time Management,89,62,78,38,5,3,0,Business Analyst,86,Low
AIDS2827,Sai Kumar,AIDS,Final Year,F,Female,C,MySQL,AWS,FastAPI,Pandas,Leadership,88,73,52,45,0,3,3,Software Developer,69,Medium
ECE2828,Karthik Kumar,ECE,Final Year,A,Male,C++,MySQL,Google Cloud,HTML/CSS/JS,Pandas,Problem Solving,80,78,72,79,2,5,3,Data Analyst,91,Low
CSE2829,Arjun Yadav,CSE,Final Year,E,Female,Java,MySQL,Google Cloud,React,NumPy,Problem Solving,40,63,57,72,4,4,3,Data Analyst,81,Low
AIML2830,Shreya Gupta,AIML,Final Year,A,Male,C,MongoDB,AWS,HTML/CSS/JS,Tableau,Time Management,88,57,90,67,1,1,2,Software Developer,75,Low
CSE2831,Sahithi Naidu,CSE,Final Year,E,Male,Java,SQL Server,Azure,Node.js,Tableau,Time Management,88,43,44,63,3,5,3,Software Developer,86,Low
AIDS2832,Divya Das,AIDS,Final Year,A,Male,JavaScript,PostgreSQL,Azure,HTML/CSS/JS,Tableau,Teamwork,51,47,79,52,2,4,1,Software Developer,66,Medium
IT2833,Divya Rao,IT,Final Year,D,Female,C++,MongoDB,None,FastAPI,NumPy,Teamwork,84,41,78,58,0,1,2,Cloud Engineer,63,Medium
CIVIL2834,Swathi Joshi,CIVIL,Final Year,D,Male,Python,Oracle,Azure,HTML/CSS/JS,Pandas,Leadership,42,64,55,92,1,6,2,Data Analyst,72,Medium
MECH2835,Bhavana Das,MECH,Final Year,A,Female,Java,MongoDB,Azure,React,Power BI,Time Management,57,86,82,65,4,3,2,Cyber Security Analyst,87,Low
EEE2836,Rohit Rao,EEE,Final Year,E,Male,Java,MongoDB,AWS,React,Pandas,Teamwork,89,79,55,84,2,5,0,Cloud Engineer,84,Low
AIML2837,Pooja Rao,AIML,Final Year,F,Female,JavaScript,PostgreSQL,None,Node.js,Tableau,Teamwork,68,63,82,46,4,1,3,Software Developer,82,Low
EEE2838,Srikanth Reddy,EEE,Final Year,G,Female,C,MySQL,AWS,Django,Tableau,Time Management,43,87,78,43,3,1,1,Web Developer,66,Medium
CIVIL2839,Keerthi Reddy,CIVIL,Final Year,E,Female,Python,MySQL,AWS,Django,Power BI,Leadership,75,95,63,82,0,6,1,Business Analyst,78,Low
AIML2840,Aadhya Joshi,AIML,Final Year,F,Male,C++,SQL Server,None,Node.js,Pandas,Communication,50,63,72,72,4,3,0,AI/ML Engineer,76,Low
ECE2841,Chaitanya Yadav,ECE,Final Year,H,Female,JavaScript,Oracle,AWS,Node.js,Power BI,Leadership,77,90,74,59,2,3,2,Business Analyst,82,Low
MECH2842,Ishitha Varma,MECH,Final Year,E,Female,C++,MongoDB,AWS,Node.js,Tableau,Problem Solving,44,95,45,44,0,4,1,Business Analyst,54,High
ECE2843,Pooja Gupta,ECE,Final Year,D,Female,JavaScript,Oracle,None,React,Power BI,Time Management,38,63,39,70,5,3,0,Web Developer,72,Medium
CIVIL2844,Rohit Joshi,CIVIL,Final Year,G,Male,Python,MySQL,None,HTML/CSS/JS,Power BI,Time Management,81,44,74,44,0,3,1,AI/ML Engineer,60,Medium
MECH2845,Shreya Naidu,MECH,Final Year,G,Male,Java,SQL Server,Google Cloud,FastAPI,Excel,Communication,50,61,76,47,5,0,2,Cyber Security Analyst,76,Low
CIVIL2846,Sai Das,CIVIL,Final Year,G,Male,Python,Oracle,None,HTML/CSS/JS,Tableau,Communication,43,48,55,45,4,4,0,Web Developer,65,Medium
IT2847,Neha Das,IT,Final Year,A,Female,Python,MySQL,None,React,Tableau,Time Management,82,46,93,48,5,3,0,Data Analyst,86,Low
MECH2848,Neha Sharma,MECH,Final Year,D,Male,C++,MongoDB,Azure,FastAPI,Power BI,Communication,88,47,46,62,5,5,3,Cyber Security Analyst,97,Low
IT2849,Nandini Das,IT,Final Year,E,Male,JavaScript,MySQL,Google Cloud,Node.js,NumPy,Teamwork,79,50,37,84,4,3,3,Cloud Engineer,89,Low
IT2850,Ananya Rao,IT,Final Year,G,Female,JavaScript,MySQL,AWS,React,NumPy,Problem Solving,52,64,45,73,0,5,1,Software Developer,60,Medium
AIML2851,Aadhya Patel,AIML,Final Year,C,Male,C++,SQL Server,AWS,Node.js,Excel,Leadership,78,48,41,43,0,3,0,Cyber Security Analyst,51,High
ECE2852,Harsha Reddy,ECE,Final Year,G,Female,C,MongoDB,AWS,React,NumPy,Teamwork,74,86,45,36,3,1,0,Business Analyst,66,Medium
ECE2853,Akash Singh,ECE,Final Year,C,Female,C,PostgreSQL,None,React,NumPy,Time Management,41,35,71,57,1,0,0,Software Developer,45,High
IT2854,Aadhya Gupta,IT,Final Year,B,Female,Java,SQL Server,Azure,Node.js,Power BI,Time Management,76,36,39,48,5,3,0,Data Analyst,75,Low
CSE2855,Arjun Singh,CSE,Final Year,C,Male,Python,MongoDB,None,HTML/CSS/JS,Pandas,Communication,90,80,50,87,3,0,3,Cyber Security Analyst,88,Low
MECH2856,Charan Varma,MECH,Final Year,C,Female,C++,MySQL,AWS,FastAPI,Power BI,Teamwork,49,50,48,58,0,0,3,Web Developer,50,High
IT2857,Venkatesh Naidu,IT,Final Year,B,Male,Python,MongoDB,Google Cloud,FastAPI,Excel,Problem Solving,50,37,91,92,2,5,0,Business Analyst,73,Medium
EEE2858,Keerthi Reddy,EEE,Final Year,D,Female,Java,MySQL,None,FastAPI,Power BI,Communication,90,90,94,72,1,2,0,Cyber Security Analyst,78,Low
AIDS2859,Ishitha Sharma,AIDS,Final Year,D,Male,C,MongoDB,Azure,Node.js,NumPy,Communication,49,85,59,49,5,4,2,Cyber Security Analyst,85,Low
CIVIL2860,Akhil Joshi,CIVIL,Final Year,E,Female,JavaScript,MySQL,AWS,React,NumPy,Teamwork,41,60,44,78,3,3,2,Software Developer,70,Medium
EEE2861,Varun Yadav,EEE,Final Year,E,Female,Python,MongoDB,None,Django,Excel,Communication,49,71,51,84,5,2,2,AI/ML Engineer,85,Low
MECH2862,Amrutha Gupta,MECH,Final Year,A,Female,Java,MySQL,AWS,HTML/CSS/JS,Excel,Time Management,36,43,48,45,0,0,3,Cloud Engineer,42,High
CSE2863,Priya Singh,CSE,Final Year,F,Male,JavaScript,MySQL,None,Django,Excel,Problem Solving,56,42,93,82,4,1,3,Business Analyst,84,Low
MECH2864,Pooja Das,MECH,Final Year,H,Male,C,MySQL,None,Node.js,Power BI,Time Management,75,95,53,47,5,4,3,Cloud Engineer,96,Low
CSE2865,Karthik Singh,CSE,Final Year,G,Female,Java,MySQL,Google Cloud,HTML/CSS/JS,Pandas,Communication,91,36,88,49,3,6,2,Data Analyst,89,Low
IT2866,Karthik Naidu,IT,Final Year,F,Female,C++,MongoDB,Azure,FastAPI,Excel,Time Management,94,63,95,53,2,1,0,Business Analyst,74,Medium
CSE2867,Pooja Patel,CSE,Final Year,C,Female,JavaScript,MySQL,AWS,Node.js,NumPy,Communication,62,81,72,57,2,3,1,Cloud Engineer,72,Medium
ECE2868,Aditya Yadav,ECE,Final Year,B,Female,JavaScript,MongoDB,Azure,FastAPI,Excel,Communication,85,74,36,71,4,1,2,Cloud Engineer,84,Low
AIDS2869,Bhavana Rao,AIDS,Final Year,F,Male,C++,SQL Server,AWS,Node.js,Power BI,Problem Solving,35,63,53,42,3,0,3,Software Developer,60,Medium
CIVIL2870,Akash Singh,CIVIL,Final Year,F,Female,C++,PostgreSQL,AWS,Node.js,Tableau,Communication,63,61,46,46,4,0,2,Cloud Engineer,70,Medium
CSE2871,Chaitanya Gupta,CSE,Final Year,D,Male,Python,SQL Server,Azure,FastAPI,NumPy,Communication,57,84,70,52,4,1,0,Cyber Security Analyst,73,Medium
AIDS2872,Aditya Varma,AIDS,Final Year,E,Female,JavaScript,MySQL,AWS,HTML/CSS/JS,Power BI,Time Management,62,76,77,57,3,0,1,Business Analyst,71,Medium
MECH2873,Aditya Joshi,MECH,Final Year,B,Female,C,SQL Server,None,Django,Pandas,Time Management,87,57,59,45,2,0,2,Cloud Engineer,68,Medium
EEE2874,Aarav Rao,EEE,Final Year,F,Female,JavaScript,Oracle,Azure,Django,Pandas,Communication,91,72,72,91,1,4,3,Software Developer,89,Low
IT2875,Sanjana Reddy,IT,Final Year,B,Male,C++,PostgreSQL,Azure,Django,Tableau,Leadership,35,50,46,95,5,6,3,Cloud Engineer,90,Low
CIVIL2876,Aditya Sharma,CIVIL,Final Year,E,Male,Java,Oracle,Azure,HTML/CSS/JS,Excel,Teamwork,47,35,62,66,1,0,1,Business Analyst,50,High
IT2877,Aadhya Naidu,IT,Final Year,A,Female,C,SQL Server,None,FastAPI,NumPy,Leadership,79,79,90,39,4,6,0,Web Developer,89,Low
IT2878,Pooja Gupta,IT,Final Year,B,Female,JavaScript,SQL Server,AWS,HTML/CSS/JS,Tableau,Problem Solving,53,93,83,54,2,5,2,Software Developer,79,Low
EEE2879,Meghana Varma,EEE,Final Year,H,Female,JavaScript,SQL Server,None,FastAPI,Power BI,Time Management,76,54,50,42,5,5,2,Web Developer,88,Low
CIVIL2880,Harsha Sharma,CIVIL,Final Year,H,Male,JavaScript,SQL Server,Azure,HTML/CSS/JS,Pandas,Leadership,82,61,49,45,5,3,1,Data Analyst,84,Low
EEE2881,Dhanush Patel,EEE,Final Year,D,Male,JavaScript,MySQL,AWS,Django,Pandas,Problem Solving,83,55,78,86,0,2,0,Web Developer,66,Medium
AIML2882,Manoj Joshi,AIML,Final Year,B,Male,C,Oracle,Azure,Node.js,NumPy,Time Management,63,59,86,79,4,0,3,Software Developer,85,Low
AIML2883,Divya Das,AIML,Final Year,A,Male,Python,PostgreSQL,Google Cloud,Node.js,Power BI,Problem Solving,82,50,63,51,5,5,1,Cyber Security Analyst,90,Low
EEE2884,Pooja Joshi,EEE,Final Year,C,Female,Python,Oracle,Google Cloud,Node.js,Tableau,Communication,47,57,90,78,3,5,0,Business Analyst,77,Low
IT2885,Dhanush Joshi,IT,Final Year,F,Female,Python,MySQL,Google Cloud,FastAPI,Pandas,Leadership,36,63,48,51,3,4,3,Business Analyst,70,Medium
IT2886,Sahithi Naidu,IT,Final Year,C,Female,C++,MongoDB,Google Cloud,FastAPI,Tableau,Problem Solving,92,94,47,39,5,0,3,AI/ML Engineer,91,Low
AIDS2887,Keerthi Das,AIDS,Final Year,F,Female,Java,SQL Server,AWS,React,NumPy,Time Management,91,73,52,49,4,1,0,Software Developer,78,Low
IT2888,Srikanth Rao,IT,Final Year,E,Female,C,MongoDB,None,React,NumPy,Time Management,38,91,78,85,2,0,0,Business Analyst,64,Medium
AIDS2889,Pooja Sharma,AIDS,Final Year,B,Female,Java,Oracle,Azure,FastAPI,Excel,Problem Solving,48,51,79,59,0,6,3,Data Analyst,67,Medium
EEE2890,Lakshmi Kumar,EEE,Final Year,D,Male,Python,Oracle,AWS,Node.js,Pandas,Leadership,83,44,72,82,1,4,0,Cloud Engineer,72,Medium
EEE2891,Sai Joshi,EEE,Final Year,G,Male,C++,Oracle,AWS,React,Pandas,Teamwork,66,61,51,72,1,5,3,Data Analyst,75,Low
EEE2892,Tejaswi Das,EEE,Final Year,D,Male,Java,SQL Server,Azure,Node.js,Pandas,Time Management,41,70,39,58,2,1,1,Cloud Engineer,55,Medium
ECE2893,Rahul Das,ECE,Final Year,H,Female,Python,PostgreSQL,None,FastAPI,Excel,Problem Solving,38,76,50,50,4,2,0,Web Developer,64,Medium
CSE2894,Riya Reddy,CSE,Final Year,A,Female,Java,Oracle,None,Django,NumPy,Communication,65,45,61,93,5,5,2,AI/ML Engineer,95,Low
CSE2895,Sneha Sharma,CSE,Final Year,F,Male,Java,Oracle,AWS,FastAPI,Pandas,Time Management,39,46,68,67,5,1,3,AI/ML Engineer,78,Low
CSE2896,Neha Gupta,CSE,Final Year,C,Male,JavaScript,PostgreSQL,Azure,FastAPI,NumPy,Communication,52,62,71,57,1,4,2,Data Analyst,66,Medium
ECE2897,Aditya Joshi,ECE,Final Year,G,Female,Python,SQL Server,Azure,Django,NumPy,Problem Solving,41,90,78,40,2,3,1,Data Analyst,64,Medium
CSE2898,Karthik Singh,CSE,Final Year,B,Male,Python,Oracle,Google Cloud,FastAPI,Pandas,Communication,40,52,80,39,1,4,0,Cloud Engineer,53,High
CSE2899,Pranav Das,CSE,Final Year,G,Male,JavaScript,PostgreSQL,None,Node.js,Tableau,Time Management,63,54,67,56,3,1,1,Business Analyst,68,Medium
AIML2900,Akash Joshi,AIML,Final Year,D,Female,Java,PostgreSQL,None,FastAPI,Pandas,Communication,80,61,83,47,4,5,2,Web Developer,91,Low
CSE2901,Divya Yadav,CSE,Final Year,D,Female,C,MongoDB,None,Django,Excel,Problem Solving,72,70,51,76,1,3,3,Web Developer,75,Low
CIVIL2902,Anjali Joshi,CIVIL,Final Year,E,Female,C,MySQL,Google Cloud,Django,Power BI,Teamwork,65,63,65,80,3,4,2,AI/ML Engineer,84,Low
EEE2903,Karthik Rao,EEE,Final Year,E,Female,C,MySQL,Azure,FastAPI,Tableau,Teamwork,69,91,71,92,1,1,3,Software Developer,79,Low
CIVIL2904,Sanjay Das,CIVIL,Final Year,B,Female,Python,PostgreSQL,Google Cloud,FastAPI,Pandas,Communication,44,42,65,86,4,1,2,Business Analyst,74,Medium
IT2905,Deepika Singh,IT,Final Year,E,Male,Python,PostgreSQL,None,FastAPI,Power BI,Leadership,72,53,35,49,4,6,0,Cloud Engineer,77,Low
ECE2906,Sanjay Singh,ECE,Final Year,A,Female,C,Oracle,AWS,HTML/CSS/JS,Pandas,Teamwork,55,89,42,35,4,3,0,AI/ML Engineer,69,Medium
EEE2907,Karthik Rao,EEE,Final Year,F,Male,JavaScript,PostgreSQL,AWS,Node.js,Power BI,Time Management,54,37,45,78,3,6,2,AI/ML Engineer,77,Low
IT2908,Akash Kumar,IT,Final Year,H,Male,C,MongoDB,None,Django,Tableau,Teamwork,65,54,68,59,1,5,1,AI/ML Engineer,68,Medium
CIVIL2909,Naveen Kumar,CIVIL,Final Year,A,Female,C,MySQL,Google Cloud,Django,Pandas,Leadership,68,80,75,83,2,0,0,AI/ML Engineer,70,Medium
AIDS2910,Tejaswi Naidu,AIDS,Final Year,G,Female,Python,SQL Server,AWS,Django,Power BI,Communication,63,59,60,36,5,1,2,Cloud Engineer,77,Low
IT2911,Naveen Kumar,IT,Final Year,G,Male,JavaScript,MySQL,Google Cloud,Node.js,Power BI,Problem Solving,90,74,63,56,3,2,2,Cloud Engineer,84,Low
MECH2912,Naveen Varma,MECH,Final Year,A,Male,Java,SQL Server,AWS,Django,Power BI,Leadership,90,68,69,45,5,2,3,AI/ML Engineer,95,Low
AIML2913,Lakshmi Reddy,AIML,Final Year,C,Female,C++,Oracle,AWS,Django,Excel,Teamwork,75,36,47,61,1,2,3,Cloud Engineer,65,Medium
IT2914,Sowmya Joshi,IT,Final Year,E,Female,JavaScript,PostgreSQL,None,HTML/CSS/JS,Excel,Leadership,45,76,82,92,4,1,0,AI/ML Engineer,78,Low
EEE2915,Rahul Rao,EEE,Final Year,F,Female,Python,PostgreSQL,AWS,Node.js,Tableau,Teamwork,56,88,63,73,4,4,0,Software Developer,82,Low
AIDS2916,Tejaswi Reddy,AIDS,Final Year,F,Male,JavaScript,SQL Server,Azure,Node.js,Excel,Problem Solving,76,48,95,61,2,3,1,Cyber Security Analyst,75,Low
CSE2917,Anjali Joshi,CSE,Final Year,C,Female,C++,MySQL,Azure,FastAPI,Pandas,Problem Solving,65,59,66,73,2,6,1,Web Developer,78,Low
AIDS2918,Anjali Kumar,AIDS,Final Year,E,Female,C,PostgreSQL,None,React,NumPy,Problem Solving,65,55,56,84,3,4,0,Business Analyst,76,Low
MECH2919,Sanjana Patel,MECH,Final Year,B,Male,Python,PostgreSQL,Google Cloud,Django,Power BI,Time Management,94,82,68,43,3,6,3,Cyber Security Analyst,95,Low
AIDS2920,Rahul Das,AIDS,Final Year,G,Male,C,SQL Server,Google Cloud,HTML/CSS/JS,NumPy,Problem Solving,88,67,73,72,3,4,0,AI/ML Engineer,85,Low
IT2921,Karthik Patel,IT,Final Year,E,Female,C++,MySQL,Azure,Django,NumPy,Communication,82,81,92,74,2,4,0,Web Developer,83,Low
MECH2922,Aditya Gupta,MECH,Final Year,F,Female,Java,SQL Server,AWS,FastAPI,Power BI,Teamwork,54,52,56,81,1,3,3,Software Developer,69,Medium
AIML2923,Nandini Kumar,AIML,Final Year,D,Female,Java,Oracle,None,Django,Excel,Problem Solving,55,40,90,74,1,4,0,Cloud Engineer,64,Medium
ECE2924,Sowmya Yadav,ECE,Final Year,F,Female,JavaScript,MySQL,Azure,Django,Pandas,Time Management,95,73,73,79,0,5,0,AI/ML Engineer,76,Low
AIML2925,Naveen Singh,AIML,Final Year,H,Female,C,MySQL,None,Django,Excel,Communication,47,71,76,78,4,1,1,Cloud Engineer,77,Low
AIDS2926,Naveen Sharma,AIDS,Final Year,D,Female,Java,MySQL,None,FastAPI,Excel,Time Management,60,46,61,61,5,3,3,Software Developer,86,Low
EEE2927,Aadhya Gupta,EEE,Final Year,E,Female,JavaScript,MySQL,Azure,React,Power BI,Leadership,82,86,61,43,2,5,3,Cloud Engineer,84,Low
AIDS2928,Sowmya Naidu,AIDS,Final Year,E,Male,C++,MongoDB,None,FastAPI,Excel,Teamwork,49,60,54,52,1,6,2,AI/ML Engineer,65,Medium
ECE2929,Riya Rao,ECE,Final Year,A,Male,Python,SQL Server,None,Node.js,Excel,Time Management,76,37,89,39,5,1,1,Cloud Engineer,80,Low
ECE2930,Abhinav Kumar,ECE,Final Year,B,Male,Python,MongoDB,Azure,FastAPI,Tableau,Communication,53,75,57,60,4,3,3,AI/ML Engineer,83,Low
EEE2931,Riya Joshi,EEE,Final Year,E,Male,Java,MySQL,Google Cloud,Node.js,Tableau,Communication,95,52,92,95,0,2,3,Cloud Engineer,82,Low
AIML2932,Divya Sharma,AIML,Final Year,D,Female,C,Oracle,None,React,Power BI,Problem Solving,63,87,93,81,4,5,1,Business Analyst,95,Low
AIDS2933,Neha Joshi,AIDS,Final Year,C,Female,JavaScript,MongoDB,Azure,React,Excel,Time Management,52,51,85,55,3,3,3,Software Developer,77,Low
CSE2934,Charan Yadav,CSE,Final Year,G,Female,C,MongoDB,AWS,React,Power BI,Communication,69,54,39,75,5,3,1,Web Developer,84,Low
ECE2935,Sahithi Patel,ECE,Final Year,G,Female,Java,MongoDB,None,Django,Tableau,Teamwork,62,82,39,43,5,6,0,Data Analyst,82,Low
ECE2936,Swathi Sharma,ECE,Final Year,F,Male,C,MongoDB,Google Cloud,React,Excel,Time Management,95,87,83,67,4,1,0,Cloud Engineer,89,Low
CIVIL2937,Tejaswi Das,CIVIL,Final Year,B,Male,C++,PostgreSQL,Google Cloud,FastAPI,Power BI,Time Management,77,90,62,86,5,5,0,Cyber Security Analyst,98,Low
MECH2938,Meghana Joshi,MECH,Final Year,C,Female,C,MongoDB,AWS,Node.js,Tableau,Communication,64,78,52,74,0,4,2,Software Developer,68,Medium
CSE2939,Amrutha Gupta,CSE,Final Year,F,Female,C++,MongoDB,Google Cloud,FastAPI,Tableau,Communication,43,38,60,74,0,5,3,Software Developer,61,Medium
EEE2940,Shreya Patel,EEE,Final Year,E,Male,C,PostgreSQL,Google Cloud,Node.js,Excel,Leadership,42,55,69,52,3,2,1,Business Analyst,64,Medium
CSE2941,Rahul Das,CSE,Final Year,H,Male,C++,MongoDB,AWS,React,NumPy,Leadership,84,93,81,83,1,0,2,Software Developer,79,Low
CSE2942,Arjun Kumar,CSE,Final Year,F,Female,C++,PostgreSQL,AWS,React,Power BI,Teamwork,75,81,83,75,1,1,1,Cyber Security Analyst,72,Medium
CIVIL2943,Tejaswi Sharma,CIVIL,Final Year,D,Male,C++,SQL Server,Azure,HTML/CSS/JS,Tableau,Time Management,66,58,59,85,2,5,3,AI/ML Engineer,83,Low
MECH2944,Charan Das,MECH,Final Year,A,Female,Java,MySQL,AWS,HTML/CSS/JS,Tableau,Communication,69,67,67,57,3,4,3,AI/ML Engineer,84,Low
AIML2945,Meghana Yadav,AIML,Final Year,E,Female,Java,Oracle,Azure,HTML/CSS/JS,Pandas,Time Management,47,35,78,89,0,4,3,Business Analyst,66,Medium
CSE2946,Pranav Reddy,CSE,Final Year,H,Female,C,MongoDB,Google Cloud,FastAPI,Power BI,Teamwork,78,82,59,75,3,0,1,Data Analyst,78,Low
AIML2947,Sanjay Kumar,AIML,Final Year,H,Female,C++,MySQL,AWS,Node.js,Excel,Problem Solving,56,91,77,93,1,0,2,Cyber Security Analyst,72,Medium
EEE2948,Sneha Patel,EEE,Final Year,E,Male,JavaScript,MySQL,None,Django,NumPy,Teamwork,65,66,47,74,1,0,1,Cloud Engineer,59,Medium
AIML2949,Chaitanya Varma,AIML,Final Year,H,Male,Java,MySQL,None,React,NumPy,Time Management,82,78,35,42,0,1,0,Business Analyst,52,High
IT2950,Akash Kumar,IT,Final Year,H,Male,C,Oracle,Google Cloud,Node.js,Pandas,Communication,75,84,60,61,5,3,2,Cyber Security Analyst,93,Low
CIVIL2951,Sowmya Kumar,CIVIL,Final Year,B,Female,Java,SQL Server,Google Cloud,FastAPI,Tableau,Leadership,79,80,36,69,1,0,1,Software Developer,63,Medium
IT2952,Nandini Varma,IT,Final Year,E,Male,JavaScript,PostgreSQL,Azure,React,Tableau,Leadership,71,94,37,38,3,2,0,Business Analyst,68,Medium
CSE2953,Anjali Patel,CSE,Final Year,G,Female,JavaScript,SQL Server,AWS,Django,Power BI,Time Management,89,77,50,41,3,3,1,Data Analyst,78,Low
MECH2954,Sahithi Gupta,MECH,Final Year,C,Male,C,MySQL,AWS,FastAPI,Excel,Problem Solving,38,62,64,76,1,3,3,AI/ML Engineer,66,Medium
MECH2955,Siva Das,MECH,Final Year,A,Male,Python,Oracle,AWS,React,Excel,Problem Solving,45,86,73,36,4,5,2,Cyber Security Analyst,81,Low
IT2956,Meghana Singh,IT,Final Year,A,Male,C,MySQL,Google Cloud,FastAPI,Tableau,Problem Solving,75,90,78,62,5,2,2,Cyber Security Analyst,95,Low
EEE2957,Rahul Das,EEE,Final Year,E,Female,C,SQL Server,Google Cloud,HTML/CSS/JS,Tableau,Problem Solving,94,73,40,88,0,6,1,Web Developer,78,Low
CIVIL2958,Siva Das,CIVIL,Final Year,C,Male,Java,PostgreSQL,AWS,HTML/CSS/JS,Excel,Teamwork,55,88,48,47,2,1,0,Cloud Engineer,58,Medium
AIML2959,Karthik Joshi,AIML,Final Year,B,Female,Python,MySQL,AWS,Node.js,Pandas,Problem Solving,57,56,51,63,2,1,3,Business Analyst,67,Medium
EEE2960,Manoj Das,EEE,Final Year,C,Male,JavaScript,PostgreSQL,Google Cloud,React,Excel,Problem Solving,89,87,44,87,5,1,0,Data Analyst,91,Low
AIML2961,Tejaswi Das,AIML,Final Year,G,Male,Java,SQL Server,Azure,Node.js,Excel,Time Management,84,93,38,85,5,2,0,AI/ML Engineer,91,Low
IT2962,Amrutha Rao,IT,Final Year,H,Male,Java,MongoDB,AWS,Django,Tableau,Leadership,38,60,55,78,3,3,1,Software Developer,68,Medium
AIDS2963,Anjali Reddy,AIDS,Final Year,F,Male,JavaScript,MySQL,AWS,HTML/CSS/JS,NumPy,Communication,89,77,90,64,3,3,1,Cloud Engineer,89,Low
AIDS2964,Sowmya Varma,AIDS,Final Year,E,Female,C,PostgreSQL,None,React,Excel,Communication,63,83,35,94,3,4,3,AI/ML Engineer,87,Low
MECH2965,Priya Patel,MECH,Final Year,C,Female,Python,MongoDB,None,Node.js,Tableau,Time Management,88,54,62,70,4,2,1,Web Developer,85,Low
ECE2966,Dhanush Yadav,ECE,Final Year,F,Male,C++,SQL Server,None,FastAPI,NumPy,Time Management,88,71,75,79,3,5,3,Business Analyst,98,Low
AIDS2967,Manoj Joshi,AIDS,Final Year,A,Female,C,MySQL,Azure,Node.js,Power BI,Problem Solving,82,88,36,41,2,5,0,AI/ML Engineer,71,Medium
IT2968,Sanjay Varma,IT,Final Year,B,Male,C++,MySQL,None,Node.js,Power BI,Leadership,38,76,54,66,3,1,2,Web Developer,67,Medium
CIVIL2969,Charan Das,CIVIL,Final Year,B,Female,JavaScript,MongoDB,Azure,Node.js,NumPy,Teamwork,40,60,43,94,5,6,0,Cyber Security Analyst,83,Low
AIDS2970,Chaitanya Patel,AIDS,Final Year,D,Female,C,MySQL,Azure,React,NumPy,Time Management,38,57,95,40,5,4,1,Cloud Engineer,78,Low
EEE2971,Karthik Joshi,EEE,Final Year,E,Male,C++,SQL Server,AWS,HTML/CSS/JS,Pandas,Problem Solving,74,75,93,83,1,2,3,Data Analyst,82,Low
AIDS2972,Keerthi Rao,AIDS,Final Year,D,Male,C,SQL Server,Azure,React,NumPy,Problem Solving,82,53,50,36,4,3,2,Cyber Security Analyst,79,Low
AIDS2973,Neha Yadav,AIDS,Final Year,C,Male,JavaScript,PostgreSQL,Google Cloud,HTML/CSS/JS,Pandas,Communication,73,81,95,75,1,4,2,Software Developer,82,Low
MECH2974,Rohit Reddy,MECH,Final Year,C,Female,C++,MongoDB,Azure,FastAPI,Power BI,Problem Solving,65,92,48,49,0,6,1,Cloud Engineer,65,Medium
AIDS2975,Lakshmi Joshi,AIDS,Final Year,C,Male,C,PostgreSQL,Google Cloud,React,Tableau,Communication,74,63,90,82,2,2,3,Cyber Security Analyst,85,Low
MECH2976,Amrutha Sharma,MECH,Final Year,F,Male,C,Oracle,None,HTML/CSS/JS,Tableau,Communication,61,72,46,39,3,2,0,Cyber Security Analyst,63,Medium
MECH2977,Rohit Kumar,MECH,Final Year,H,Female,C++,MongoDB,None,React,Tableau,Communication,75,36,57,86,3,2,2,Web Developer,79,Low
AIDS2978,Abhinav Singh,AIDS,Final Year,D,Male,C++,Oracle,None,HTML/CSS/JS,Tableau,Communication,49,69,77,50,0,1,3,Cyber Security Analyst,58,Medium
CIVIL2979,Aarav Yadav,CIVIL,Final Year,D,Female,JavaScript,MongoDB,Azure,Node.js,Tableau,Teamwork,43,53,87,86,4,4,0,Cyber Security Analyst,79,Low
EEE2980,Sowmya Reddy,EEE,Final Year,E,Female,C++,MySQL,None,FastAPI,Tableau,Teamwork,61,41,86,51,0,0,0,Software Developer,48,High
EEE2981,Amrutha Rao,EEE,Final Year,H,Female,JavaScript,MySQL,Azure,HTML/CSS/JS,NumPy,Leadership,95,86,55,68,2,2,0,Web Developer,77,Low
IT2982,Pranav Patel,IT,Final Year,E,Female,Java,SQL Server,None,React,Tableau,Problem Solving,76,67,56,47,4,0,0,Web Developer,71,Medium
MECH2983,Naveen Patel,MECH,Final Year,B,Female,Python,Oracle,AWS,Node.js,Excel,Time Management,73,81,45,45,4,5,0,Business Analyst,80,Low
CIVIL2984,Krishna Das,CIVIL,Final Year,H,Male,JavaScript,MongoDB,AWS,Node.js,NumPy,Leadership,64,61,51,55,1,6,3,Web Developer,73,Medium
CSE2985,Ananya Das,CSE,Final Year,A,Male,Java,PostgreSQL,None,Django,Pandas,Leadership,61,37,35,70,0,2,0,Web Developer,47,High
EEE2986,Bhavana Joshi,EEE,Final Year,C,Male,Python,MySQL,Google Cloud,Node.js,Pandas,Time Management,44,69,60,90,4,5,3,Web Developer,90,Low
EEE2987,Varun Gupta,EEE,Final Year,H,Female,Python,SQL Server,AWS,React,NumPy,Communication,92,83,62,71,5,1,1,Data Analyst,94,Low
AIDS2988,Swathi Rao,AIDS,Final Year,H,Male,Java,MySQL,Google Cloud,Django,Excel,Teamwork,89,79,39,72,4,0,3,Software Developer,88,Low
ECE2989,Nandini Sharma,ECE,Final Year,H,Female,JavaScript,MongoDB,Azure,HTML/CSS/JS,Pandas,Leadership,56,69,84,89,1,2,1,Web Developer,70,Medium
CIVIL2990,Rohit Das,CIVIL,Final Year,F,Female,C++,Oracle,AWS,React,NumPy,Leadership,84,84,82,49,1,2,2,Business Analyst,75,Low
ECE2991,Krishna Das,ECE,Final Year,H,Female,JavaScript,PostgreSQL,Google Cloud,FastAPI,Power BI,Time Management,87,73,41,91,3,0,0,Cloud Engineer,76,Low
EEE2992,Pooja Singh,EEE,Final Year,F,Male,Python,PostgreSQL,None,React,Tableau,Time Management,73,77,83,38,5,6,2,Software Developer,96,Low
CSE2993,Sneha Rao,CSE,Final Year,E,Female,Java,SQL Server,AWS,Django,Tableau,Teamwork,94,69,40,86,0,4,0,Cyber Security Analyst,70,Medium
MECH2994,Rohit Varma,MECH,Final Year,F,Male,JavaScript,SQL Server,Google Cloud,HTML/CSS/JS,Tableau,Communication,88,37,71,90,1,3,1,AI/ML Engineer,75,Low
AIML2995,Deepika Yadav,AIML,Final Year,F,Female,Java,MySQL,AWS,HTML/CSS/JS,Excel,Teamwork,64,86,36,40,4,3,2,Business Analyst,78,Low
CIVIL2996,Shreya Joshi,CIVIL,Final Year,A,Male,Java,Oracle,Azure,Django,Tableau,Teamwork,90,75,61,67,0,5,2,Cyber Security Analyst,77,Low
IT2997,Rahul Yadav,IT,Final Year,A,Male,C++,Oracle,AWS,Node.js,Power BI,Problem Solving,89,44,52,80,1,2,2,Business Analyst,72,Medium
ECE2998,Rahul Joshi,ECE,Final Year,H,Male,C++,MySQL,AWS,FastAPI,Pandas,Leadership,54,79,52,84,3,0,2,Business Analyst,74,Medium
MECH2999,Pranav Rao,MECH,Final Year,A,Male,JavaScript,SQL Server,None,Django,Pandas,Problem Solving,50,95,92,38,5,4,1,Cloud Engineer,87,Low
CSE3000,Anjali Kumar,CSE,Final Year,C,Male,Python,SQL Server,Azure,Django,Pandas,Teamwork,75,84,78,40,4,0,2,Business Analyst,81,Low
